[0.153s] DEBUG:colcon:Command line arguments: ['/usr/bin/colcon', 'build', '--symlink-install']
[0.153s] DEBUG:colcon:Parsed command line arguments: Namespace(log_base=None, log_level=None, verb_name='build', build_base='build', install_base='install', merge_install=False, symlink_install=True, test_result_base=None, continue_on_error=False, executor='parallel', parallel_workers=12, event_handlers=None, ignore_user_meta=False, metas=['./colcon.meta'], base_paths=['.'], packages_ignore=None, packages_ignore_regex=None, paths=None, packages_up_to=None, packages_up_to_regex=None, packages_above=None, packages_above_and_dependencies=None, packages_above_depth=None, packages_select_by_dep=None, packages_skip_by_dep=None, packages_skip_up_to=None, packages_select_build_failed=False, packages_skip_build_finished=False, packages_select_test_failures=False, packages_skip_test_passed=False, packages_select=None, packages_skip=None, packages_select_regex=None, packages_skip_regex=None, packages_start=None, packages_end=None, allow_overriding=[], cmake_args=None, cmake_target=None, cmake_target_skip_unavailable=False, cmake_clean_cache=False, cmake_clean_first=False, cmake_force_configure=False, ament_cmake_args=None, catkin_cmake_args=None, catkin_skip_building_tests=False, verb_parser=<colcon_defaults.argument_parser.defaults.DefaultArgumentsDecorator object at 0xffff800add20>, verb_extension=<colcon_core.verb.build.BuildVerb object at 0xffff800ad810>, main=<bound method BuildVerb.main of <colcon_core.verb.build.BuildVerb object at 0xffff800ad810>>)
[0.211s] Level 1:colcon.colcon_core.package_discovery:discover_packages(colcon_meta) check parameters
[0.211s] Level 1:colcon.colcon_core.package_discovery:discover_packages(recursive) check parameters
[0.211s] Level 1:colcon.colcon_core.package_discovery:discover_packages(ignore) check parameters
[0.212s] Level 1:colcon.colcon_core.package_discovery:discover_packages(path) check parameters
[0.212s] Level 1:colcon.colcon_core.package_discovery:discover_packages(colcon_meta) discover
[0.212s] Level 1:colcon.colcon_core.package_discovery:discover_packages(recursive) discover
[0.212s] INFO:colcon.colcon_core.package_discovery:Crawling recursively for packages in '/home/fabiocar/fabiocar'
[0.212s] Level 1:colcon.colcon_core.package_identification:_identify(.) by extensions ['ignore', 'ignore_ament_install']
[0.212s] Level 1:colcon.colcon_core.package_identification:_identify(.) by extension 'ignore'
[0.212s] Level 1:colcon.colcon_core.package_identification:_identify(.) by extension 'ignore_ament_install'
[0.212s] Level 1:colcon.colcon_core.package_identification:_identify(.) by extensions ['colcon_pkg']
[0.212s] Level 1:colcon.colcon_core.package_identification:_identify(.) by extension 'colcon_pkg'
[0.212s] Level 1:colcon.colcon_core.package_identification:_identify(.) by extensions ['colcon_meta']
[0.212s] Level 1:colcon.colcon_core.package_identification:_identify(.) by extension 'colcon_meta'
[0.213s] Level 1:colcon.colcon_core.package_identification:_identify(.) by extensions ['ros']
[0.213s] Level 1:colcon.colcon_core.package_identification:_identify(.) by extension 'ros'
[0.233s] Level 1:colcon.colcon_core.package_identification:_identify(.) by extensions ['cmake', 'python']
[0.234s] Level 1:colcon.colcon_core.package_identification:_identify(.) by extension 'cmake'
[0.234s] Level 1:colcon.colcon_core.package_identification:_identify(.) by extension 'python'
[0.234s] Level 1:colcon.colcon_core.package_identification:_identify(.) by extensions ['python_setup_py']
[0.234s] Level 1:colcon.colcon_core.package_identification:_identify(.) by extension 'python_setup_py'
[0.234s] Level 1:colcon.colcon_core.package_identification:_identify(build) by extensions ['ignore', 'ignore_ament_install']
[0.234s] Level 1:colcon.colcon_core.package_identification:_identify(build) by extension 'ignore'
[0.234s] Level 1:colcon.colcon_core.package_identification:_identify(build) ignored
[0.235s] Level 1:colcon.colcon_core.package_identification:_identify(install) by extensions ['ignore', 'ignore_ament_install']
[0.235s] Level 1:colcon.colcon_core.package_identification:_identify(install) by extension 'ignore'
[0.235s] Level 1:colcon.colcon_core.package_identification:_identify(install) ignored
[0.235s] Level 1:colcon.colcon_core.package_identification:_identify(log) by extensions ['ignore', 'ignore_ament_install']
[0.235s] Level 1:colcon.colcon_core.package_identification:_identify(log) by extension 'ignore'
[0.235s] Level 1:colcon.colcon_core.package_identification:_identify(log) ignored
[0.235s] Level 1:colcon.colcon_core.package_identification:_identify(src) by extensions ['ignore', 'ignore_ament_install']
[0.235s] Level 1:colcon.colcon_core.package_identification:_identify(src) by extension 'ignore'
[0.235s] Level 1:colcon.colcon_core.package_identification:_identify(src) by extension 'ignore_ament_install'
[0.236s] Level 1:colcon.colcon_core.package_identification:_identify(src) by extensions ['colcon_pkg']
[0.236s] Level 1:colcon.colcon_core.package_identification:_identify(src) by extension 'colcon_pkg'
[0.236s] Level 1:colcon.colcon_core.package_identification:_identify(src) by extensions ['colcon_meta']
[0.236s] Level 1:colcon.colcon_core.package_identification:_identify(src) by extension 'colcon_meta'
[0.236s] Level 1:colcon.colcon_core.package_identification:_identify(src) by extensions ['ros']
[0.236s] Level 1:colcon.colcon_core.package_identification:_identify(src) by extension 'ros'
[0.236s] Level 1:colcon.colcon_core.package_identification:_identify(src) by extensions ['cmake', 'python']
[0.236s] Level 1:colcon.colcon_core.package_identification:_identify(src) by extension 'cmake'
[0.236s] Level 1:colcon.colcon_core.package_identification:_identify(src) by extension 'python'
[0.236s] Level 1:colcon.colcon_core.package_identification:_identify(src) by extensions ['python_setup_py']
[0.236s] Level 1:colcon.colcon_core.package_identification:_identify(src) by extension 'python_setup_py'
[0.236s] Level 1:colcon.colcon_core.package_identification:_identify(src/f1tenth_system) by extensions ['ignore', 'ignore_ament_install']
[0.236s] Level 1:colcon.colcon_core.package_identification:_identify(src/f1tenth_system) by extension 'ignore'
[0.237s] Level 1:colcon.colcon_core.package_identification:_identify(src/f1tenth_system) by extension 'ignore_ament_install'
[0.237s] Level 1:colcon.colcon_core.package_identification:_identify(src/f1tenth_system) by extensions ['colcon_pkg']
[0.237s] Level 1:colcon.colcon_core.package_identification:_identify(src/f1tenth_system) by extension 'colcon_pkg'
[0.237s] Level 1:colcon.colcon_core.package_identification:_identify(src/f1tenth_system) by extensions ['colcon_meta']
[0.237s] Level 1:colcon.colcon_core.package_identification:_identify(src/f1tenth_system) by extension 'colcon_meta'
[0.237s] Level 1:colcon.colcon_core.package_identification:_identify(src/f1tenth_system) by extensions ['ros']
[0.237s] Level 1:colcon.colcon_core.package_identification:_identify(src/f1tenth_system) by extension 'ros'
[0.237s] Level 1:colcon.colcon_core.package_identification:_identify(src/f1tenth_system) by extensions ['cmake', 'python']
[0.237s] Level 1:colcon.colcon_core.package_identification:_identify(src/f1tenth_system) by extension 'cmake'
[0.237s] Level 1:colcon.colcon_core.package_identification:_identify(src/f1tenth_system) by extension 'python'
[0.237s] Level 1:colcon.colcon_core.package_identification:_identify(src/f1tenth_system) by extensions ['python_setup_py']
[0.237s] Level 1:colcon.colcon_core.package_identification:_identify(src/f1tenth_system) by extension 'python_setup_py'
[0.237s] Level 1:colcon.colcon_core.package_identification:_identify(src/f1tenth_system/ackermann_mux) by extensions ['ignore', 'ignore_ament_install']
[0.238s] Level 1:colcon.colcon_core.package_identification:_identify(src/f1tenth_system/ackermann_mux) by extension 'ignore'
[0.238s] Level 1:colcon.colcon_core.package_identification:_identify(src/f1tenth_system/ackermann_mux) by extension 'ignore_ament_install'
[0.238s] Level 1:colcon.colcon_core.package_identification:_identify(src/f1tenth_system/ackermann_mux) by extensions ['colcon_pkg']
[0.238s] Level 1:colcon.colcon_core.package_identification:_identify(src/f1tenth_system/ackermann_mux) by extension 'colcon_pkg'
[0.238s] Level 1:colcon.colcon_core.package_identification:_identify(src/f1tenth_system/ackermann_mux) by extensions ['colcon_meta']
[0.238s] Level 1:colcon.colcon_core.package_identification:_identify(src/f1tenth_system/ackermann_mux) by extension 'colcon_meta'
[0.238s] Level 1:colcon.colcon_core.package_identification:_identify(src/f1tenth_system/ackermann_mux) by extensions ['ros']
[0.238s] Level 1:colcon.colcon_core.package_identification:_identify(src/f1tenth_system/ackermann_mux) by extension 'ros'
[0.242s] DEBUG:colcon.colcon_core.package_identification:Package 'src/f1tenth_system/ackermann_mux' with type 'ros.ament_cmake' and name 'ackermann_mux'
[0.242s] Level 1:colcon.colcon_core.package_identification:_identify(src/f1tenth_system/f1tenth_stack) by extensions ['ignore', 'ignore_ament_install']
[0.242s] Level 1:colcon.colcon_core.package_identification:_identify(src/f1tenth_system/f1tenth_stack) by extension 'ignore'
[0.242s] Level 1:colcon.colcon_core.package_identification:_identify(src/f1tenth_system/f1tenth_stack) by extension 'ignore_ament_install'
[0.243s] Level 1:colcon.colcon_core.package_identification:_identify(src/f1tenth_system/f1tenth_stack) by extensions ['colcon_pkg']
[0.243s] Level 1:colcon.colcon_core.package_identification:_identify(src/f1tenth_system/f1tenth_stack) by extension 'colcon_pkg'
[0.243s] Level 1:colcon.colcon_core.package_identification:_identify(src/f1tenth_system/f1tenth_stack) by extensions ['colcon_meta']
[0.243s] Level 1:colcon.colcon_core.package_identification:_identify(src/f1tenth_system/f1tenth_stack) by extension 'colcon_meta'
[0.243s] Level 1:colcon.colcon_core.package_identification:_identify(src/f1tenth_system/f1tenth_stack) by extensions ['ros']
[0.243s] Level 1:colcon.colcon_core.package_identification:_identify(src/f1tenth_system/f1tenth_stack) by extension 'ros'
[0.244s] DEBUG:colcon.colcon_core.package_identification:Package 'src/f1tenth_system/f1tenth_stack' with type 'ros.ament_python' and name 'f1tenth_stack'
[0.244s] Level 1:colcon.colcon_core.package_identification:_identify(src/f1tenth_system/llm_mpc_tuner) by extensions ['ignore', 'ignore_ament_install']
[0.245s] Level 1:colcon.colcon_core.package_identification:_identify(src/f1tenth_system/llm_mpc_tuner) by extension 'ignore'
[0.245s] Level 1:colcon.colcon_core.package_identification:_identify(src/f1tenth_system/llm_mpc_tuner) by extension 'ignore_ament_install'
[0.245s] Level 1:colcon.colcon_core.package_identification:_identify(src/f1tenth_system/llm_mpc_tuner) by extensions ['colcon_pkg']
[0.245s] Level 1:colcon.colcon_core.package_identification:_identify(src/f1tenth_system/llm_mpc_tuner) by extension 'colcon_pkg'
[0.245s] Level 1:colcon.colcon_core.package_identification:_identify(src/f1tenth_system/llm_mpc_tuner) by extensions ['colcon_meta']
[0.245s] Level 1:colcon.colcon_core.package_identification:_identify(src/f1tenth_system/llm_mpc_tuner) by extension 'colcon_meta'
[0.245s] Level 1:colcon.colcon_core.package_identification:_identify(src/f1tenth_system/llm_mpc_tuner) by extensions ['ros']
[0.245s] Level 1:colcon.colcon_core.package_identification:_identify(src/f1tenth_system/llm_mpc_tuner) by extension 'ros'
[0.246s] DEBUG:colcon.colcon_core.package_identification:Package 'src/f1tenth_system/llm_mpc_tuner' with type 'ros.ament_python' and name 'llm_mpc_tuner'
[0.246s] Level 1:colcon.colcon_core.package_identification:_identify(src/f1tenth_system/mpc_controller) by extensions ['ignore', 'ignore_ament_install']
[0.246s] Level 1:colcon.colcon_core.package_identification:_identify(src/f1tenth_system/mpc_controller) by extension 'ignore'
[0.246s] Level 1:colcon.colcon_core.package_identification:_identify(src/f1tenth_system/mpc_controller) by extension 'ignore_ament_install'
[0.247s] Level 1:colcon.colcon_core.package_identification:_identify(src/f1tenth_system/mpc_controller) by extensions ['colcon_pkg']
[0.247s] Level 1:colcon.colcon_core.package_identification:_identify(src/f1tenth_system/mpc_controller) by extension 'colcon_pkg'
[0.247s] Level 1:colcon.colcon_core.package_identification:_identify(src/f1tenth_system/mpc_controller) by extensions ['colcon_meta']
[0.247s] Level 1:colcon.colcon_core.package_identification:_identify(src/f1tenth_system/mpc_controller) by extension 'colcon_meta'
[0.247s] Level 1:colcon.colcon_core.package_identification:_identify(src/f1tenth_system/mpc_controller) by extensions ['ros']
[0.247s] Level 1:colcon.colcon_core.package_identification:_identify(src/f1tenth_system/mpc_controller) by extension 'ros'
[0.248s] DEBUG:colcon.colcon_core.package_identification:Package 'src/f1tenth_system/mpc_controller' with type 'ros.ament_python' and name 'mpc_controller'
[0.248s] Level 1:colcon.colcon_core.package_identification:_identify(src/f1tenth_system/scripts) by extensions ['ignore', 'ignore_ament_install']
[0.248s] Level 1:colcon.colcon_core.package_identification:_identify(src/f1tenth_system/scripts) by extension 'ignore'
[0.248s] Level 1:colcon.colcon_core.package_identification:_identify(src/f1tenth_system/scripts) by extension 'ignore_ament_install'
[0.249s] Level 1:colcon.colcon_core.package_identification:_identify(src/f1tenth_system/scripts) by extensions ['colcon_pkg']
[0.249s] Level 1:colcon.colcon_core.package_identification:_identify(src/f1tenth_system/scripts) by extension 'colcon_pkg'
[0.249s] Level 1:colcon.colcon_core.package_identification:_identify(src/f1tenth_system/scripts) by extensions ['colcon_meta']
[0.249s] Level 1:colcon.colcon_core.package_identification:_identify(src/f1tenth_system/scripts) by extension 'colcon_meta'
[0.249s] Level 1:colcon.colcon_core.package_identification:_identify(src/f1tenth_system/scripts) by extensions ['ros']
[0.249s] Level 1:colcon.colcon_core.package_identification:_identify(src/f1tenth_system/scripts) by extension 'ros'
[0.249s] Level 1:colcon.colcon_core.package_identification:_identify(src/f1tenth_system/scripts) by extensions ['cmake', 'python']
[0.249s] Level 1:colcon.colcon_core.package_identification:_identify(src/f1tenth_system/scripts) by extension 'cmake'
[0.249s] Level 1:colcon.colcon_core.package_identification:_identify(src/f1tenth_system/scripts) by extension 'python'
[0.249s] Level 1:colcon.colcon_core.package_identification:_identify(src/f1tenth_system/scripts) by extensions ['python_setup_py']
[0.249s] Level 1:colcon.colcon_core.package_identification:_identify(src/f1tenth_system/scripts) by extension 'python_setup_py'
[0.249s] Level 1:colcon.colcon_core.package_identification:_identify(src/f1tenth_system/vesc) by extensions ['ignore', 'ignore_ament_install']
[0.250s] Level 1:colcon.colcon_core.package_identification:_identify(src/f1tenth_system/vesc) by extension 'ignore'
[0.250s] Level 1:colcon.colcon_core.package_identification:_identify(src/f1tenth_system/vesc) by extension 'ignore_ament_install'
[0.250s] Level 1:colcon.colcon_core.package_identification:_identify(src/f1tenth_system/vesc) by extensions ['colcon_pkg']
[0.250s] Level 1:colcon.colcon_core.package_identification:_identify(src/f1tenth_system/vesc) by extension 'colcon_pkg'
[0.250s] Level 1:colcon.colcon_core.package_identification:_identify(src/f1tenth_system/vesc) by extensions ['colcon_meta']
[0.250s] Level 1:colcon.colcon_core.package_identification:_identify(src/f1tenth_system/vesc) by extension 'colcon_meta'
[0.250s] Level 1:colcon.colcon_core.package_identification:_identify(src/f1tenth_system/vesc) by extensions ['ros']
[0.250s] Level 1:colcon.colcon_core.package_identification:_identify(src/f1tenth_system/vesc) by extension 'ros'
[0.250s] Level 1:colcon.colcon_core.package_identification:_identify(src/f1tenth_system/vesc) by extensions ['cmake', 'python']
[0.250s] Level 1:colcon.colcon_core.package_identification:_identify(src/f1tenth_system/vesc) by extension 'cmake'
[0.250s] Level 1:colcon.colcon_core.package_identification:_identify(src/f1tenth_system/vesc) by extension 'python'
[0.250s] Level 1:colcon.colcon_core.package_identification:_identify(src/f1tenth_system/vesc) by extensions ['python_setup_py']
[0.250s] Level 1:colcon.colcon_core.package_identification:_identify(src/f1tenth_system/vesc) by extension 'python_setup_py'
[0.251s] Level 1:colcon.colcon_core.package_identification:_identify(src/f1tenth_system/vesc/vesc) by extensions ['ignore', 'ignore_ament_install']
[0.251s] Level 1:colcon.colcon_core.package_identification:_identify(src/f1tenth_system/vesc/vesc) by extension 'ignore'
[0.251s] Level 1:colcon.colcon_core.package_identification:_identify(src/f1tenth_system/vesc/vesc) by extension 'ignore_ament_install'
[0.251s] Level 1:colcon.colcon_core.package_identification:_identify(src/f1tenth_system/vesc/vesc) by extensions ['colcon_pkg']
[0.251s] Level 1:colcon.colcon_core.package_identification:_identify(src/f1tenth_system/vesc/vesc) by extension 'colcon_pkg'
[0.251s] Level 1:colcon.colcon_core.package_identification:_identify(src/f1tenth_system/vesc/vesc) by extensions ['colcon_meta']
[0.251s] Level 1:colcon.colcon_core.package_identification:_identify(src/f1tenth_system/vesc/vesc) by extension 'colcon_meta'
[0.251s] Level 1:colcon.colcon_core.package_identification:_identify(src/f1tenth_system/vesc/vesc) by extensions ['ros']
[0.251s] Level 1:colcon.colcon_core.package_identification:_identify(src/f1tenth_system/vesc/vesc) by extension 'ros'
[0.252s] DEBUG:colcon.colcon_core.package_identification:Package 'src/f1tenth_system/vesc/vesc' with type 'ros.ament_cmake' and name 'vesc'
[0.252s] Level 1:colcon.colcon_core.package_identification:_identify(src/f1tenth_system/vesc/vesc_ackermann) by extensions ['ignore', 'ignore_ament_install']
[0.252s] Level 1:colcon.colcon_core.package_identification:_identify(src/f1tenth_system/vesc/vesc_ackermann) by extension 'ignore'
[0.252s] Level 1:colcon.colcon_core.package_identification:_identify(src/f1tenth_system/vesc/vesc_ackermann) by extension 'ignore_ament_install'
[0.252s] Level 1:colcon.colcon_core.package_identification:_identify(src/f1tenth_system/vesc/vesc_ackermann) by extensions ['colcon_pkg']
[0.252s] Level 1:colcon.colcon_core.package_identification:_identify(src/f1tenth_system/vesc/vesc_ackermann) by extension 'colcon_pkg'
[0.252s] Level 1:colcon.colcon_core.package_identification:_identify(src/f1tenth_system/vesc/vesc_ackermann) by extensions ['colcon_meta']
[0.253s] Level 1:colcon.colcon_core.package_identification:_identify(src/f1tenth_system/vesc/vesc_ackermann) by extension 'colcon_meta'
[0.253s] Level 1:colcon.colcon_core.package_identification:_identify(src/f1tenth_system/vesc/vesc_ackermann) by extensions ['ros']
[0.253s] Level 1:colcon.colcon_core.package_identification:_identify(src/f1tenth_system/vesc/vesc_ackermann) by extension 'ros'
[0.254s] DEBUG:colcon.colcon_core.package_identification:Package 'src/f1tenth_system/vesc/vesc_ackermann' with type 'ros.ament_cmake' and name 'vesc_ackermann'
[0.254s] Level 1:colcon.colcon_core.package_identification:_identify(src/f1tenth_system/vesc/vesc_driver) by extensions ['ignore', 'ignore_ament_install']
[0.254s] Level 1:colcon.colcon_core.package_identification:_identify(src/f1tenth_system/vesc/vesc_driver) by extension 'ignore'
[0.254s] Level 1:colcon.colcon_core.package_identification:_identify(src/f1tenth_system/vesc/vesc_driver) by extension 'ignore_ament_install'
[0.255s] Level 1:colcon.colcon_core.package_identification:_identify(src/f1tenth_system/vesc/vesc_driver) by extensions ['colcon_pkg']
[0.255s] Level 1:colcon.colcon_core.package_identification:_identify(src/f1tenth_system/vesc/vesc_driver) by extension 'colcon_pkg'
[0.255s] Level 1:colcon.colcon_core.package_identification:_identify(src/f1tenth_system/vesc/vesc_driver) by extensions ['colcon_meta']
[0.255s] Level 1:colcon.colcon_core.package_identification:_identify(src/f1tenth_system/vesc/vesc_driver) by extension 'colcon_meta'
[0.255s] Level 1:colcon.colcon_core.package_identification:_identify(src/f1tenth_system/vesc/vesc_driver) by extensions ['ros']
[0.255s] Level 1:colcon.colcon_core.package_identification:_identify(src/f1tenth_system/vesc/vesc_driver) by extension 'ros'
[0.256s] DEBUG:colcon.colcon_core.package_identification:Package 'src/f1tenth_system/vesc/vesc_driver' with type 'ros.ament_cmake' and name 'vesc_driver'
[0.256s] Level 1:colcon.colcon_core.package_identification:_identify(src/f1tenth_system/vesc/vesc_msgs) by extensions ['ignore', 'ignore_ament_install']
[0.257s] Level 1:colcon.colcon_core.package_identification:_identify(src/f1tenth_system/vesc/vesc_msgs) by extension 'ignore'
[0.257s] Level 1:colcon.colcon_core.package_identification:_identify(src/f1tenth_system/vesc/vesc_msgs) by extension 'ignore_ament_install'
[0.257s] Level 1:colcon.colcon_core.package_identification:_identify(src/f1tenth_system/vesc/vesc_msgs) by extensions ['colcon_pkg']
[0.257s] Level 1:colcon.colcon_core.package_identification:_identify(src/f1tenth_system/vesc/vesc_msgs) by extension 'colcon_pkg'
[0.257s] Level 1:colcon.colcon_core.package_identification:_identify(src/f1tenth_system/vesc/vesc_msgs) by extensions ['colcon_meta']
[0.257s] Level 1:colcon.colcon_core.package_identification:_identify(src/f1tenth_system/vesc/vesc_msgs) by extension 'colcon_meta'
[0.257s] Level 1:colcon.colcon_core.package_identification:_identify(src/f1tenth_system/vesc/vesc_msgs) by extensions ['ros']
[0.257s] Level 1:colcon.colcon_core.package_identification:_identify(src/f1tenth_system/vesc/vesc_msgs) by extension 'ros'
[0.258s] DEBUG:colcon.colcon_core.package_identification:Package 'src/f1tenth_system/vesc/vesc_msgs' with type 'ros.ament_cmake' and name 'vesc_msgs'
[0.258s] Level 1:colcon.colcon_core.package_discovery:discover_packages(recursive) using defaults
[0.258s] Level 1:colcon.colcon_core.package_discovery:discover_packages(ignore) discover
[0.258s] Level 1:colcon.colcon_core.package_discovery:discover_packages(ignore) using defaults
[0.259s] Level 1:colcon.colcon_core.package_discovery:discover_packages(path) discover
[0.259s] Level 1:colcon.colcon_core.package_discovery:discover_packages(path) using defaults
[0.289s] Level 1:colcon.colcon_core.package_discovery:discover_packages(prefix_path) check parameters
[0.289s] Level 1:colcon.colcon_core.package_discovery:discover_packages(prefix_path) discover
[0.293s] DEBUG:colcon.colcon_installed_package_information.package_discovery:Found 8 installed packages in /home/fabiocar/roboracer_ws/install
[0.294s] DEBUG:colcon.colcon_installed_package_information.package_discovery:Found 302 installed packages in /opt/ros/humble
[0.296s] Level 1:colcon.colcon_core.package_discovery:discover_packages(prefix_path) using defaults
[0.352s] Level 5:colcon.colcon_core.verb:set package 'ackermann_mux' build argument 'cmake_args' from command line to 'None'
[0.352s] Level 5:colcon.colcon_core.verb:set package 'ackermann_mux' build argument 'cmake_target' from command line to 'None'
[0.353s] Level 5:colcon.colcon_core.verb:set package 'ackermann_mux' build argument 'cmake_target_skip_unavailable' from command line to 'False'
[0.353s] Level 5:colcon.colcon_core.verb:set package 'ackermann_mux' build argument 'cmake_clean_cache' from command line to 'False'
[0.353s] Level 5:colcon.colcon_core.verb:set package 'ackermann_mux' build argument 'cmake_clean_first' from command line to 'False'
[0.353s] Level 5:colcon.colcon_core.verb:set package 'ackermann_mux' build argument 'cmake_force_configure' from command line to 'False'
[0.353s] Level 5:colcon.colcon_core.verb:set package 'ackermann_mux' build argument 'ament_cmake_args' from command line to 'None'
[0.353s] Level 5:colcon.colcon_core.verb:set package 'ackermann_mux' build argument 'catkin_cmake_args' from command line to 'None'
[0.353s] Level 5:colcon.colcon_core.verb:set package 'ackermann_mux' build argument 'catkin_skip_building_tests' from command line to 'False'
[0.353s] DEBUG:colcon.colcon_core.verb:Building package 'ackermann_mux' with the following arguments: {'ament_cmake_args': None, 'build_base': '/home/fabiocar/fabiocar/build/ackermann_mux', 'catkin_cmake_args': None, 'catkin_skip_building_tests': False, 'cmake_args': None, 'cmake_clean_cache': False, 'cmake_clean_first': False, 'cmake_force_configure': False, 'cmake_target': None, 'cmake_target_skip_unavailable': False, 'install_base': '/home/fabiocar/fabiocar/install/ackermann_mux', 'merge_install': False, 'path': '/home/fabiocar/fabiocar/src/f1tenth_system/ackermann_mux', 'symlink_install': True, 'test_result_base': None}
[0.353s] Level 5:colcon.colcon_core.verb:set package 'llm_mpc_tuner' build argument 'cmake_args' from command line to 'None'
[0.353s] Level 5:colcon.colcon_core.verb:set package 'llm_mpc_tuner' build argument 'cmake_target' from command line to 'None'
[0.353s] Level 5:colcon.colcon_core.verb:set package 'llm_mpc_tuner' build argument 'cmake_target_skip_unavailable' from command line to 'False'
[0.353s] Level 5:colcon.colcon_core.verb:set package 'llm_mpc_tuner' build argument 'cmake_clean_cache' from command line to 'False'
[0.354s] Level 5:colcon.colcon_core.verb:set package 'llm_mpc_tuner' build argument 'cmake_clean_first' from command line to 'False'
[0.354s] Level 5:colcon.colcon_core.verb:set package 'llm_mpc_tuner' build argument 'cmake_force_configure' from command line to 'False'
[0.354s] Level 5:colcon.colcon_core.verb:set package 'llm_mpc_tuner' build argument 'ament_cmake_args' from command line to 'None'
[0.354s] Level 5:colcon.colcon_core.verb:set package 'llm_mpc_tuner' build argument 'catkin_cmake_args' from command line to 'None'
[0.354s] Level 5:colcon.colcon_core.verb:set package 'llm_mpc_tuner' build argument 'catkin_skip_building_tests' from command line to 'False'
[0.354s] DEBUG:colcon.colcon_core.verb:Building package 'llm_mpc_tuner' with the following arguments: {'ament_cmake_args': None, 'build_base': '/home/fabiocar/fabiocar/build/llm_mpc_tuner', 'catkin_cmake_args': None, 'catkin_skip_building_tests': False, 'cmake_args': None, 'cmake_clean_cache': False, 'cmake_clean_first': False, 'cmake_force_configure': False, 'cmake_target': None, 'cmake_target_skip_unavailable': False, 'install_base': '/home/fabiocar/fabiocar/install/llm_mpc_tuner', 'merge_install': False, 'path': '/home/fabiocar/fabiocar/src/f1tenth_system/llm_mpc_tuner', 'symlink_install': True, 'test_result_base': None}
[0.354s] Level 5:colcon.colcon_core.verb:set package 'mpc_controller' build argument 'cmake_args' from command line to 'None'
[0.354s] Level 5:colcon.colcon_core.verb:set package 'mpc_controller' build argument 'cmake_target' from command line to 'None'
[0.354s] Level 5:colcon.colcon_core.verb:set package 'mpc_controller' build argument 'cmake_target_skip_unavailable' from command line to 'False'
[0.354s] Level 5:colcon.colcon_core.verb:set package 'mpc_controller' build argument 'cmake_clean_cache' from command line to 'False'
[0.354s] Level 5:colcon.colcon_core.verb:set package 'mpc_controller' build argument 'cmake_clean_first' from command line to 'False'
[0.354s] Level 5:colcon.colcon_core.verb:set package 'mpc_controller' build argument 'cmake_force_configure' from command line to 'False'
[0.354s] Level 5:colcon.colcon_core.verb:set package 'mpc_controller' build argument 'ament_cmake_args' from command line to 'None'
[0.354s] Level 5:colcon.colcon_core.verb:set package 'mpc_controller' build argument 'catkin_cmake_args' from command line to 'None'
[0.354s] Level 5:colcon.colcon_core.verb:set package 'mpc_controller' build argument 'catkin_skip_building_tests' from command line to 'False'
[0.355s] DEBUG:colcon.colcon_core.verb:Building package 'mpc_controller' with the following arguments: {'ament_cmake_args': None, 'build_base': '/home/fabiocar/fabiocar/build/mpc_controller', 'catkin_cmake_args': None, 'catkin_skip_building_tests': False, 'cmake_args': None, 'cmake_clean_cache': False, 'cmake_clean_first': False, 'cmake_force_configure': False, 'cmake_target': None, 'cmake_target_skip_unavailable': False, 'install_base': '/home/fabiocar/fabiocar/install/mpc_controller', 'merge_install': False, 'path': '/home/fabiocar/fabiocar/src/f1tenth_system/mpc_controller', 'symlink_install': True, 'test_result_base': None}
[0.355s] Level 5:colcon.colcon_core.verb:set package 'vesc_msgs' build argument 'cmake_args' from command line to 'None'
[0.355s] Level 5:colcon.colcon_core.verb:set package 'vesc_msgs' build argument 'cmake_target' from command line to 'None'
[0.355s] Level 5:colcon.colcon_core.verb:set package 'vesc_msgs' build argument 'cmake_target_skip_unavailable' from command line to 'False'
[0.355s] Level 5:colcon.colcon_core.verb:set package 'vesc_msgs' build argument 'cmake_clean_cache' from command line to 'False'
[0.355s] Level 5:colcon.colcon_core.verb:set package 'vesc_msgs' build argument 'cmake_clean_first' from command line to 'False'
[0.355s] Level 5:colcon.colcon_core.verb:set package 'vesc_msgs' build argument 'cmake_force_configure' from command line to 'False'
[0.355s] Level 5:colcon.colcon_core.verb:set package 'vesc_msgs' build argument 'ament_cmake_args' from command line to 'None'
[0.355s] Level 5:colcon.colcon_core.verb:set package 'vesc_msgs' build argument 'catkin_cmake_args' from command line to 'None'
[0.355s] Level 5:colcon.colcon_core.verb:set package 'vesc_msgs' build argument 'catkin_skip_building_tests' from command line to 'False'
[0.355s] DEBUG:colcon.colcon_core.verb:Building package 'vesc_msgs' with the following arguments: {'ament_cmake_args': None, 'build_base': '/home/fabiocar/fabiocar/build/vesc_msgs', 'catkin_cmake_args': None, 'catkin_skip_building_tests': False, 'cmake_args': None, 'cmake_clean_cache': False, 'cmake_clean_first': False, 'cmake_force_configure': False, 'cmake_target': None, 'cmake_target_skip_unavailable': False, 'install_base': '/home/fabiocar/fabiocar/install/vesc_msgs', 'merge_install': False, 'path': '/home/fabiocar/fabiocar/src/f1tenth_system/vesc/vesc_msgs', 'symlink_install': True, 'test_result_base': None}
[0.356s] Level 5:colcon.colcon_core.verb:set package 'vesc_ackermann' build argument 'cmake_args' from command line to 'None'
[0.356s] Level 5:colcon.colcon_core.verb:set package 'vesc_ackermann' build argument 'cmake_target' from command line to 'None'
[0.356s] Level 5:colcon.colcon_core.verb:set package 'vesc_ackermann' build argument 'cmake_target_skip_unavailable' from command line to 'False'
[0.356s] Level 5:colcon.colcon_core.verb:set package 'vesc_ackermann' build argument 'cmake_clean_cache' from command line to 'False'
[0.356s] Level 5:colcon.colcon_core.verb:set package 'vesc_ackermann' build argument 'cmake_clean_first' from command line to 'False'
[0.356s] Level 5:colcon.colcon_core.verb:set package 'vesc_ackermann' build argument 'cmake_force_configure' from command line to 'False'
[0.356s] Level 5:colcon.colcon_core.verb:set package 'vesc_ackermann' build argument 'ament_cmake_args' from command line to 'None'
[0.356s] Level 5:colcon.colcon_core.verb:set package 'vesc_ackermann' build argument 'catkin_cmake_args' from command line to 'None'
[0.356s] Level 5:colcon.colcon_core.verb:set package 'vesc_ackermann' build argument 'catkin_skip_building_tests' from command line to 'False'
[0.356s] DEBUG:colcon.colcon_core.verb:Building package 'vesc_ackermann' with the following arguments: {'ament_cmake_args': None, 'build_base': '/home/fabiocar/fabiocar/build/vesc_ackermann', 'catkin_cmake_args': None, 'catkin_skip_building_tests': False, 'cmake_args': None, 'cmake_clean_cache': False, 'cmake_clean_first': False, 'cmake_force_configure': False, 'cmake_target': None, 'cmake_target_skip_unavailable': False, 'install_base': '/home/fabiocar/fabiocar/install/vesc_ackermann', 'merge_install': False, 'path': '/home/fabiocar/fabiocar/src/f1tenth_system/vesc/vesc_ackermann', 'symlink_install': True, 'test_result_base': None}
[0.357s] Level 5:colcon.colcon_core.verb:set package 'vesc_driver' build argument 'cmake_args' from command line to 'None'
[0.357s] Level 5:colcon.colcon_core.verb:set package 'vesc_driver' build argument 'cmake_target' from command line to 'None'
[0.357s] Level 5:colcon.colcon_core.verb:set package 'vesc_driver' build argument 'cmake_target_skip_unavailable' from command line to 'False'
[0.357s] Level 5:colcon.colcon_core.verb:set package 'vesc_driver' build argument 'cmake_clean_cache' from command line to 'False'
[0.357s] Level 5:colcon.colcon_core.verb:set package 'vesc_driver' build argument 'cmake_clean_first' from command line to 'False'
[0.357s] Level 5:colcon.colcon_core.verb:set package 'vesc_driver' build argument 'cmake_force_configure' from command line to 'False'
[0.357s] Level 5:colcon.colcon_core.verb:set package 'vesc_driver' build argument 'ament_cmake_args' from command line to 'None'
[0.357s] Level 5:colcon.colcon_core.verb:set package 'vesc_driver' build argument 'catkin_cmake_args' from command line to 'None'
[0.357s] Level 5:colcon.colcon_core.verb:set package 'vesc_driver' build argument 'catkin_skip_building_tests' from command line to 'False'
[0.357s] DEBUG:colcon.colcon_core.verb:Building package 'vesc_driver' with the following arguments: {'ament_cmake_args': None, 'build_base': '/home/fabiocar/fabiocar/build/vesc_driver', 'catkin_cmake_args': None, 'catkin_skip_building_tests': False, 'cmake_args': None, 'cmake_clean_cache': False, 'cmake_clean_first': False, 'cmake_force_configure': False, 'cmake_target': None, 'cmake_target_skip_unavailable': False, 'install_base': '/home/fabiocar/fabiocar/install/vesc_driver', 'merge_install': False, 'path': '/home/fabiocar/fabiocar/src/f1tenth_system/vesc/vesc_driver', 'symlink_install': True, 'test_result_base': None}
[0.357s] Level 5:colcon.colcon_core.verb:set package 'vesc' build argument 'cmake_args' from command line to 'None'
[0.357s] Level 5:colcon.colcon_core.verb:set package 'vesc' build argument 'cmake_target' from command line to 'None'
[0.357s] Level 5:colcon.colcon_core.verb:set package 'vesc' build argument 'cmake_target_skip_unavailable' from command line to 'False'
[0.357s] Level 5:colcon.colcon_core.verb:set package 'vesc' build argument 'cmake_clean_cache' from command line to 'False'
[0.357s] Level 5:colcon.colcon_core.verb:set package 'vesc' build argument 'cmake_clean_first' from command line to 'False'
[0.358s] Level 5:colcon.colcon_core.verb:set package 'vesc' build argument 'cmake_force_configure' from command line to 'False'
[0.358s] Level 5:colcon.colcon_core.verb:set package 'vesc' build argument 'ament_cmake_args' from command line to 'None'
[0.358s] Level 5:colcon.colcon_core.verb:set package 'vesc' build argument 'catkin_cmake_args' from command line to 'None'
[0.358s] Level 5:colcon.colcon_core.verb:set package 'vesc' build argument 'catkin_skip_building_tests' from command line to 'False'
[0.358s] DEBUG:colcon.colcon_core.verb:Building package 'vesc' with the following arguments: {'ament_cmake_args': None, 'build_base': '/home/fabiocar/fabiocar/build/vesc', 'catkin_cmake_args': None, 'catkin_skip_building_tests': False, 'cmake_args': None, 'cmake_clean_cache': False, 'cmake_clean_first': False, 'cmake_force_configure': False, 'cmake_target': None, 'cmake_target_skip_unavailable': False, 'install_base': '/home/fabiocar/fabiocar/install/vesc', 'merge_install': False, 'path': '/home/fabiocar/fabiocar/src/f1tenth_system/vesc/vesc', 'symlink_install': True, 'test_result_base': None}
[0.358s] Level 5:colcon.colcon_core.verb:set package 'f1tenth_stack' build argument 'cmake_args' from command line to 'None'
[0.358s] Level 5:colcon.colcon_core.verb:set package 'f1tenth_stack' build argument 'cmake_target' from command line to 'None'
[0.358s] Level 5:colcon.colcon_core.verb:set package 'f1tenth_stack' build argument 'cmake_target_skip_unavailable' from command line to 'False'
[0.358s] Level 5:colcon.colcon_core.verb:set package 'f1tenth_stack' build argument 'cmake_clean_cache' from command line to 'False'
[0.358s] Level 5:colcon.colcon_core.verb:set package 'f1tenth_stack' build argument 'cmake_clean_first' from command line to 'False'
[0.358s] Level 5:colcon.colcon_core.verb:set package 'f1tenth_stack' build argument 'cmake_force_configure' from command line to 'False'
[0.358s] Level 5:colcon.colcon_core.verb:set package 'f1tenth_stack' build argument 'ament_cmake_args' from command line to 'None'
[0.358s] Level 5:colcon.colcon_core.verb:set package 'f1tenth_stack' build argument 'catkin_cmake_args' from command line to 'None'
[0.358s] Level 5:colcon.colcon_core.verb:set package 'f1tenth_stack' build argument 'catkin_skip_building_tests' from command line to 'False'
[0.359s] DEBUG:colcon.colcon_core.verb:Building package 'f1tenth_stack' with the following arguments: {'ament_cmake_args': None, 'build_base': '/home/fabiocar/fabiocar/build/f1tenth_stack', 'catkin_cmake_args': None, 'catkin_skip_building_tests': False, 'cmake_args': None, 'cmake_clean_cache': False, 'cmake_clean_first': False, 'cmake_force_configure': False, 'cmake_target': None, 'cmake_target_skip_unavailable': False, 'install_base': '/home/fabiocar/fabiocar/install/f1tenth_stack', 'merge_install': False, 'path': '/home/fabiocar/fabiocar/src/f1tenth_system/f1tenth_stack', 'symlink_install': True, 'test_result_base': None}
[0.359s] INFO:colcon.colcon_core.executor:Executing jobs using 'parallel' executor
[0.360s] DEBUG:colcon.colcon_parallel_executor.executor.parallel:run_until_complete
[0.361s] INFO:colcon.colcon_ros.task.ament_cmake.build:Building ROS package in '/home/fabiocar/fabiocar/src/f1tenth_system/vesc/vesc_msgs' with build type 'ament_cmake'
[0.361s] INFO:colcon.colcon_cmake.task.cmake.build:Building CMake package in '/home/fabiocar/fabiocar/src/f1tenth_system/vesc/vesc_msgs'
[0.365s] INFO:colcon.colcon_core.plugin_system:Skipping extension 'colcon_core.shell.bat': Not used on non-Windows systems
[0.365s] INFO:colcon.colcon_core.shell:Skip shell extension 'powershell' for command environment: Not usable outside of PowerShell
[0.365s] DEBUG:colcon.colcon_core.shell:Skip shell extension 'dsv' for command environment
[0.371s] INFO:colcon.colcon_ros.task.ament_cmake.build:Building ROS package in '/home/fabiocar/fabiocar/src/f1tenth_system/ackermann_mux' with build type 'ament_cmake'
[0.371s] INFO:colcon.colcon_cmake.task.cmake.build:Building CMake package in '/home/fabiocar/fabiocar/src/f1tenth_system/ackermann_mux'
[0.371s] INFO:colcon.colcon_core.shell:Skip shell extension 'powershell' for command environment: Not usable outside of PowerShell
[0.371s] DEBUG:colcon.colcon_core.shell:Skip shell extension 'dsv' for command environment
[0.376s] INFO:colcon.colcon_ros.task.ament_python.build:Building ROS package in '/home/fabiocar/fabiocar/src/f1tenth_system/llm_mpc_tuner' with build type 'ament_python'
[0.377s] Level 1:colcon.colcon_core.shell:create_environment_hook('llm_mpc_tuner', 'ament_prefix_path')
[0.377s] INFO:colcon.colcon_core.shell:Creating environment hook '/home/fabiocar/fabiocar/install/llm_mpc_tuner/share/llm_mpc_tuner/hook/ament_prefix_path.ps1'
[0.378s] INFO:colcon.colcon_core.shell:Creating environment descriptor '/home/fabiocar/fabiocar/install/llm_mpc_tuner/share/llm_mpc_tuner/hook/ament_prefix_path.dsv'
[0.379s] INFO:colcon.colcon_core.shell:Creating environment hook '/home/fabiocar/fabiocar/install/llm_mpc_tuner/share/llm_mpc_tuner/hook/ament_prefix_path.sh'
[0.380s] INFO:colcon.colcon_core.shell:Skip shell extension 'powershell' for command environment: Not usable outside of PowerShell
[0.380s] DEBUG:colcon.colcon_core.shell:Skip shell extension 'dsv' for command environment
[0.385s] INFO:colcon.colcon_ros.task.ament_python.build:Building ROS package in '/home/fabiocar/fabiocar/src/f1tenth_system/mpc_controller' with build type 'ament_python'
[0.385s] Level 1:colcon.colcon_core.shell:create_environment_hook('mpc_controller', 'ament_prefix_path')
[0.385s] INFO:colcon.colcon_core.shell:Creating environment hook '/home/fabiocar/fabiocar/install/mpc_controller/share/mpc_controller/hook/ament_prefix_path.ps1'
[0.386s] INFO:colcon.colcon_core.shell:Creating environment descriptor '/home/fabiocar/fabiocar/install/mpc_controller/share/mpc_controller/hook/ament_prefix_path.dsv'
[0.386s] INFO:colcon.colcon_core.shell:Creating environment hook '/home/fabiocar/fabiocar/install/mpc_controller/share/mpc_controller/hook/ament_prefix_path.sh'
[0.387s] INFO:colcon.colcon_core.shell:Skip shell extension 'powershell' for command environment: Not usable outside of PowerShell
[0.387s] DEBUG:colcon.colcon_core.shell:Skip shell extension 'dsv' for command environment
[0.400s] DEBUG:colcon.colcon_core.event_handler.log_command:Invoking command in '/home/fabiocar/fabiocar/build/vesc_msgs': CMAKE_PREFIX_PATH=${CMAKE_PREFIX_PATH}:/home/fabiocar/roboracer_ws/install/f1tenth_stack:/home/fabiocar/roboracer_ws/install/mpc_controller:/home/fabiocar/roboracer_ws/install/llm_mpc_tuner:/opt/ros/humble /usr/bin/cmake --build /home/fabiocar/fabiocar/build/vesc_msgs -- -j12 -l12
[0.405s] DEBUG:colcon.colcon_core.event_handler.log_command:Invoking command in '/home/fabiocar/fabiocar/build/ackermann_mux': CMAKE_PREFIX_PATH=${CMAKE_PREFIX_PATH}:/home/fabiocar/roboracer_ws/install/f1tenth_stack:/home/fabiocar/roboracer_ws/install/mpc_controller:/home/fabiocar/roboracer_ws/install/llm_mpc_tuner:/opt/ros/humble /usr/bin/cmake --build /home/fabiocar/fabiocar/build/ackermann_mux -- -j12 -l12
[0.727s] INFO:colcon.colcon_core.task.python.build:Building Python package in '/home/fabiocar/fabiocar/src/f1tenth_system/llm_mpc_tuner'
[0.728s] INFO:colcon.colcon_core.shell:Skip shell extension 'powershell' for command environment: Not usable outside of PowerShell
[0.728s] DEBUG:colcon.colcon_core.shell:Skip shell extension 'dsv' for command environment
[0.743s] DEBUG:colcon.colcon_core.event_handler.log_command:Invoked command in '/home/fabiocar/fabiocar/build/ackermann_mux' returned '0': CMAKE_PREFIX_PATH=${CMAKE_PREFIX_PATH}:/home/fabiocar/roboracer_ws/install/f1tenth_stack:/home/fabiocar/roboracer_ws/install/mpc_controller:/home/fabiocar/roboracer_ws/install/llm_mpc_tuner:/opt/ros/humble /usr/bin/cmake --build /home/fabiocar/fabiocar/build/ackermann_mux -- -j12 -l12
[0.757s] DEBUG:colcon.colcon_core.event_handler.log_command:Invoking command in '/home/fabiocar/fabiocar/build/ackermann_mux': CMAKE_PREFIX_PATH=${CMAKE_PREFIX_PATH}:/home/fabiocar/roboracer_ws/install/f1tenth_stack:/home/fabiocar/roboracer_ws/install/mpc_controller:/home/fabiocar/roboracer_ws/install/llm_mpc_tuner:/opt/ros/humble /usr/bin/cmake --install /home/fabiocar/fabiocar/build/ackermann_mux
[1.083s] INFO:colcon.colcon_core.task.python.build:Building Python package in '/home/fabiocar/fabiocar/src/f1tenth_system/mpc_controller'
[1.084s] INFO:colcon.colcon_core.shell:Skip shell extension 'powershell' for command environment: Not usable outside of PowerShell
[1.084s] DEBUG:colcon.colcon_core.shell:Skip shell extension 'dsv' for command environment
[1.106s] Level 1:colcon.colcon_core.environment:create_environment_scripts_only(ackermann_mux)
[1.117s] DEBUG:colcon.colcon_core.event_handler.log_command:Invoked command in '/home/fabiocar/fabiocar/build/ackermann_mux' returned '0': CMAKE_PREFIX_PATH=${CMAKE_PREFIX_PATH}:/home/fabiocar/roboracer_ws/install/f1tenth_stack:/home/fabiocar/roboracer_ws/install/mpc_controller:/home/fabiocar/roboracer_ws/install/llm_mpc_tuner:/opt/ros/humble /usr/bin/cmake --install /home/fabiocar/fabiocar/build/ackermann_mux
[1.122s] Level 1:colcon.colcon_core.environment:checking '/home/fabiocar/fabiocar/install/ackermann_mux' for CMake module files
[1.124s] Level 1:colcon.colcon_core.environment:checking '/home/fabiocar/fabiocar/install/ackermann_mux' for CMake config files
[1.125s] Level 1:colcon.colcon_core.shell:create_environment_hook('ackermann_mux', 'cmake_prefix_path')
[1.126s] INFO:colcon.colcon_core.shell:Creating environment hook '/home/fabiocar/fabiocar/install/ackermann_mux/share/ackermann_mux/hook/cmake_prefix_path.ps1'
[1.128s] INFO:colcon.colcon_core.shell:Creating environment descriptor '/home/fabiocar/fabiocar/install/ackermann_mux/share/ackermann_mux/hook/cmake_prefix_path.dsv'
[1.129s] INFO:colcon.colcon_core.shell:Creating environment hook '/home/fabiocar/fabiocar/install/ackermann_mux/share/ackermann_mux/hook/cmake_prefix_path.sh'
[1.131s] Level 1:colcon.colcon_core.environment:checking '/home/fabiocar/fabiocar/install/ackermann_mux/lib'
[1.132s] Level 1:colcon.colcon_core.environment:checking '/home/fabiocar/fabiocar/install/ackermann_mux/bin'
[1.132s] Level 1:colcon.colcon_core.environment:checking '/home/fabiocar/fabiocar/install/ackermann_mux/lib/pkgconfig/ackermann_mux.pc'
[1.133s] Level 1:colcon.colcon_core.environment:checking '/home/fabiocar/fabiocar/install/ackermann_mux/lib/python3.10/site-packages'
[1.135s] Level 1:colcon.colcon_core.environment:checking '/home/fabiocar/fabiocar/install/ackermann_mux/bin'
[1.136s] INFO:colcon.colcon_core.shell:Creating package script '/home/fabiocar/fabiocar/install/ackermann_mux/share/ackermann_mux/package.ps1'
[1.140s] INFO:colcon.colcon_core.shell:Creating package descriptor '/home/fabiocar/fabiocar/install/ackermann_mux/share/ackermann_mux/package.dsv'
[1.142s] INFO:colcon.colcon_core.shell:Creating package script '/home/fabiocar/fabiocar/install/ackermann_mux/share/ackermann_mux/package.sh'
[1.144s] INFO:colcon.colcon_core.shell:Creating package script '/home/fabiocar/fabiocar/install/ackermann_mux/share/ackermann_mux/package.bash'
[1.147s] INFO:colcon.colcon_core.shell:Creating package script '/home/fabiocar/fabiocar/install/ackermann_mux/share/ackermann_mux/package.zsh'
[1.149s] Level 1:colcon.colcon_core.environment:create_file_with_runtime_dependencies(/home/fabiocar/fabiocar/install/ackermann_mux/share/colcon-core/packages/ackermann_mux)
[1.151s] Level 1:colcon.colcon_core.environment:create_environment_scripts_only(ackermann_mux)
[1.152s] Level 1:colcon.colcon_core.environment:checking '/home/fabiocar/fabiocar/install/ackermann_mux' for CMake module files
[1.153s] Level 1:colcon.colcon_core.environment:checking '/home/fabiocar/fabiocar/install/ackermann_mux' for CMake config files
[1.154s] Level 1:colcon.colcon_core.shell:create_environment_hook('ackermann_mux', 'cmake_prefix_path')
[1.154s] INFO:colcon.colcon_core.shell:Creating environment hook '/home/fabiocar/fabiocar/install/ackermann_mux/share/ackermann_mux/hook/cmake_prefix_path.ps1'
[1.156s] INFO:colcon.colcon_core.shell:Creating environment descriptor '/home/fabiocar/fabiocar/install/ackermann_mux/share/ackermann_mux/hook/cmake_prefix_path.dsv'
[1.157s] INFO:colcon.colcon_core.shell:Creating environment hook '/home/fabiocar/fabiocar/install/ackermann_mux/share/ackermann_mux/hook/cmake_prefix_path.sh'
[1.158s] Level 1:colcon.colcon_core.environment:checking '/home/fabiocar/fabiocar/install/ackermann_mux/lib'
[1.159s] Level 1:colcon.colcon_core.environment:checking '/home/fabiocar/fabiocar/install/ackermann_mux/bin'
[1.159s] Level 1:colcon.colcon_core.environment:checking '/home/fabiocar/fabiocar/install/ackermann_mux/lib/pkgconfig/ackermann_mux.pc'
[1.159s] Level 1:colcon.colcon_core.environment:checking '/home/fabiocar/fabiocar/install/ackermann_mux/lib/python3.10/site-packages'
[1.160s] Level 1:colcon.colcon_core.environment:checking '/home/fabiocar/fabiocar/install/ackermann_mux/bin'
[1.161s] INFO:colcon.colcon_core.shell:Creating package script '/home/fabiocar/fabiocar/install/ackermann_mux/share/ackermann_mux/package.ps1'
[1.163s] INFO:colcon.colcon_core.shell:Creating package descriptor '/home/fabiocar/fabiocar/install/ackermann_mux/share/ackermann_mux/package.dsv'
[1.164s] INFO:colcon.colcon_core.shell:Creating package script '/home/fabiocar/fabiocar/install/ackermann_mux/share/ackermann_mux/package.sh'
[1.165s] INFO:colcon.colcon_core.shell:Creating package script '/home/fabiocar/fabiocar/install/ackermann_mux/share/ackermann_mux/package.bash'
[1.166s] INFO:colcon.colcon_core.shell:Creating package script '/home/fabiocar/fabiocar/install/ackermann_mux/share/ackermann_mux/package.zsh'
[1.167s] Level 1:colcon.colcon_core.environment:create_file_with_runtime_dependencies(/home/fabiocar/fabiocar/install/ackermann_mux/share/colcon-core/packages/ackermann_mux)
[1.171s] DEBUG:colcon.colcon_core.event_handler.log_command:Invoked command in '/home/fabiocar/fabiocar/build/vesc_msgs' returned '0': CMAKE_PREFIX_PATH=${CMAKE_PREFIX_PATH}:/home/fabiocar/roboracer_ws/install/f1tenth_stack:/home/fabiocar/roboracer_ws/install/mpc_controller:/home/fabiocar/roboracer_ws/install/llm_mpc_tuner:/opt/ros/humble /usr/bin/cmake --build /home/fabiocar/fabiocar/build/vesc_msgs -- -j12 -l12
[1.173s] DEBUG:colcon.colcon_core.event_handler.log_command:Invoking command in '/home/fabiocar/fabiocar/build/vesc_msgs': CMAKE_PREFIX_PATH=${CMAKE_PREFIX_PATH}:/home/fabiocar/roboracer_ws/install/f1tenth_stack:/home/fabiocar/roboracer_ws/install/mpc_controller:/home/fabiocar/roboracer_ws/install/llm_mpc_tuner:/opt/ros/humble /usr/bin/cmake --install /home/fabiocar/fabiocar/build/vesc_msgs
[1.299s] Level 1:colcon.colcon_core.environment:create_environment_scripts_only(vesc_msgs)
[1.300s] Level 1:colcon.colcon_core.environment:checking '/home/fabiocar/fabiocar/install/vesc_msgs' for CMake module files
[1.300s] DEBUG:colcon.colcon_core.event_handler.log_command:Invoked command in '/home/fabiocar/fabiocar/build/vesc_msgs' returned '0': CMAKE_PREFIX_PATH=${CMAKE_PREFIX_PATH}:/home/fabiocar/roboracer_ws/install/f1tenth_stack:/home/fabiocar/roboracer_ws/install/mpc_controller:/home/fabiocar/roboracer_ws/install/llm_mpc_tuner:/opt/ros/humble /usr/bin/cmake --install /home/fabiocar/fabiocar/build/vesc_msgs
[1.301s] Level 1:colcon.colcon_core.environment:checking '/home/fabiocar/fabiocar/install/vesc_msgs' for CMake config files
[1.302s] Level 1:colcon.colcon_core.shell:create_environment_hook('vesc_msgs', 'cmake_prefix_path')
[1.303s] INFO:colcon.colcon_core.shell:Creating environment hook '/home/fabiocar/fabiocar/install/vesc_msgs/share/vesc_msgs/hook/cmake_prefix_path.ps1'
[1.304s] INFO:colcon.colcon_core.shell:Creating environment descriptor '/home/fabiocar/fabiocar/install/vesc_msgs/share/vesc_msgs/hook/cmake_prefix_path.dsv'
[1.304s] INFO:colcon.colcon_core.shell:Creating environment hook '/home/fabiocar/fabiocar/install/vesc_msgs/share/vesc_msgs/hook/cmake_prefix_path.sh'
[1.305s] Level 1:colcon.colcon_core.environment:checking '/home/fabiocar/fabiocar/install/vesc_msgs/lib'
[1.305s] Level 1:colcon.colcon_core.shell:create_environment_hook('vesc_msgs', 'ld_library_path_lib')
[1.306s] INFO:colcon.colcon_core.shell:Creating environment hook '/home/fabiocar/fabiocar/install/vesc_msgs/share/vesc_msgs/hook/ld_library_path_lib.ps1'
[1.306s] INFO:colcon.colcon_core.shell:Creating environment descriptor '/home/fabiocar/fabiocar/install/vesc_msgs/share/vesc_msgs/hook/ld_library_path_lib.dsv'
[1.307s] INFO:colcon.colcon_core.shell:Creating environment hook '/home/fabiocar/fabiocar/install/vesc_msgs/share/vesc_msgs/hook/ld_library_path_lib.sh'
[1.307s] Level 1:colcon.colcon_core.environment:checking '/home/fabiocar/fabiocar/install/vesc_msgs/bin'
[1.307s] Level 1:colcon.colcon_core.environment:checking '/home/fabiocar/fabiocar/install/vesc_msgs/lib/pkgconfig/vesc_msgs.pc'
[1.308s] Level 1:colcon.colcon_core.environment:checking '/home/fabiocar/fabiocar/install/vesc_msgs/lib/python3.10/site-packages'
[1.308s] Level 1:colcon.colcon_core.environment:checking '/home/fabiocar/fabiocar/install/vesc_msgs/bin'
[1.309s] INFO:colcon.colcon_core.shell:Creating package script '/home/fabiocar/fabiocar/install/vesc_msgs/share/vesc_msgs/package.ps1'
[1.310s] INFO:colcon.colcon_core.shell:Creating package descriptor '/home/fabiocar/fabiocar/install/vesc_msgs/share/vesc_msgs/package.dsv'
[1.310s] INFO:colcon.colcon_core.shell:Creating package script '/home/fabiocar/fabiocar/install/vesc_msgs/share/vesc_msgs/package.sh'
[1.311s] INFO:colcon.colcon_core.shell:Creating package script '/home/fabiocar/fabiocar/install/vesc_msgs/share/vesc_msgs/package.bash'
[1.312s] INFO:colcon.colcon_core.shell:Creating package script '/home/fabiocar/fabiocar/install/vesc_msgs/share/vesc_msgs/package.zsh'
[1.312s] Level 1:colcon.colcon_core.environment:create_file_with_runtime_dependencies(/home/fabiocar/fabiocar/install/vesc_msgs/share/colcon-core/packages/vesc_msgs)
[1.313s] Level 1:colcon.colcon_core.environment:create_environment_scripts_only(vesc_msgs)
[1.313s] Level 1:colcon.colcon_core.environment:checking '/home/fabiocar/fabiocar/install/vesc_msgs' for CMake module files
[1.314s] Level 1:colcon.colcon_core.environment:checking '/home/fabiocar/fabiocar/install/vesc_msgs' for CMake config files
[1.316s] Level 1:colcon.colcon_core.shell:create_environment_hook('vesc_msgs', 'cmake_prefix_path')
[1.316s] INFO:colcon.colcon_core.shell:Creating environment hook '/home/fabiocar/fabiocar/install/vesc_msgs/share/vesc_msgs/hook/cmake_prefix_path.ps1'
[1.317s] INFO:colcon.colcon_core.shell:Creating environment descriptor '/home/fabiocar/fabiocar/install/vesc_msgs/share/vesc_msgs/hook/cmake_prefix_path.dsv'
[1.317s] INFO:colcon.colcon_core.shell:Creating environment hook '/home/fabiocar/fabiocar/install/vesc_msgs/share/vesc_msgs/hook/cmake_prefix_path.sh'
[1.318s] Level 1:colcon.colcon_core.environment:checking '/home/fabiocar/fabiocar/install/vesc_msgs/lib'
[1.318s] Level 1:colcon.colcon_core.shell:create_environment_hook('vesc_msgs', 'ld_library_path_lib')
[1.319s] INFO:colcon.colcon_core.shell:Creating environment hook '/home/fabiocar/fabiocar/install/vesc_msgs/share/vesc_msgs/hook/ld_library_path_lib.ps1'
[1.319s] INFO:colcon.colcon_core.shell:Creating environment descriptor '/home/fabiocar/fabiocar/install/vesc_msgs/share/vesc_msgs/hook/ld_library_path_lib.dsv'
[1.320s] INFO:colcon.colcon_core.shell:Creating environment hook '/home/fabiocar/fabiocar/install/vesc_msgs/share/vesc_msgs/hook/ld_library_path_lib.sh'
[1.320s] Level 1:colcon.colcon_core.environment:checking '/home/fabiocar/fabiocar/install/vesc_msgs/bin'
[1.320s] Level 1:colcon.colcon_core.environment:checking '/home/fabiocar/fabiocar/install/vesc_msgs/lib/pkgconfig/vesc_msgs.pc'
[1.321s] Level 1:colcon.colcon_core.environment:checking '/home/fabiocar/fabiocar/install/vesc_msgs/lib/python3.10/site-packages'
[1.321s] Level 1:colcon.colcon_core.environment:checking '/home/fabiocar/fabiocar/install/vesc_msgs/bin'
[1.322s] INFO:colcon.colcon_core.shell:Creating package script '/home/fabiocar/fabiocar/install/vesc_msgs/share/vesc_msgs/package.ps1'
[1.323s] INFO:colcon.colcon_core.shell:Creating package descriptor '/home/fabiocar/fabiocar/install/vesc_msgs/share/vesc_msgs/package.dsv'
[1.324s] INFO:colcon.colcon_core.shell:Creating package script '/home/fabiocar/fabiocar/install/vesc_msgs/share/vesc_msgs/package.sh'
[1.325s] INFO:colcon.colcon_core.shell:Creating package script '/home/fabiocar/fabiocar/install/vesc_msgs/share/vesc_msgs/package.bash'
[1.325s] INFO:colcon.colcon_core.shell:Creating package script '/home/fabiocar/fabiocar/install/vesc_msgs/share/vesc_msgs/package.zsh'
[1.326s] Level 1:colcon.colcon_core.environment:create_file_with_runtime_dependencies(/home/fabiocar/fabiocar/install/vesc_msgs/share/colcon-core/packages/vesc_msgs)
[1.327s] INFO:colcon.colcon_ros.task.ament_cmake.build:Building ROS package in '/home/fabiocar/fabiocar/src/f1tenth_system/vesc/vesc_ackermann' with build type 'ament_cmake'
[1.327s] INFO:colcon.colcon_cmake.task.cmake.build:Building CMake package in '/home/fabiocar/fabiocar/src/f1tenth_system/vesc/vesc_ackermann'
[1.327s] INFO:colcon.colcon_core.shell:Skip shell extension 'powershell' for command environment: Not usable outside of PowerShell
[1.327s] DEBUG:colcon.colcon_core.shell:Skip shell extension 'dsv' for command environment
[1.333s] INFO:colcon.colcon_ros.task.ament_cmake.build:Building ROS package in '/home/fabiocar/fabiocar/src/f1tenth_system/vesc/vesc_driver' with build type 'ament_cmake'
[1.333s] INFO:colcon.colcon_cmake.task.cmake.build:Building CMake package in '/home/fabiocar/fabiocar/src/f1tenth_system/vesc/vesc_driver'
[1.334s] INFO:colcon.colcon_core.shell:Skip shell extension 'powershell' for command environment: Not usable outside of PowerShell
[1.334s] DEBUG:colcon.colcon_core.shell:Skip shell extension 'dsv' for command environment
[1.344s] DEBUG:colcon.colcon_core.event_handler.log_command:Invoking command in '/home/fabiocar/fabiocar/build/vesc_ackermann': AMENT_PREFIX_PATH=/home/fabiocar/fabiocar/install/vesc_msgs:${AMENT_PREFIX_PATH} CMAKE_PREFIX_PATH=/home/fabiocar/fabiocar/install/vesc_msgs:/home/fabiocar/roboracer_ws/install/vesc:/home/fabiocar/roboracer_ws/install/vesc_driver:/home/fabiocar/roboracer_ws/install/vesc_ackermann:/home/fabiocar/roboracer_ws/install/vesc_msgs:/home/fabiocar/roboracer_ws/install/ackermann_mux:/home/fabiocar/roboracer_ws/install/f1tenth_stack:/home/fabiocar/roboracer_ws/install/mpc_controller:/home/fabiocar/roboracer_ws/install/llm_mpc_tuner:/opt/ros/humble LD_LIBRARY_PATH=/home/fabiocar/fabiocar/install/vesc_msgs/lib:${LD_LIBRARY_PATH} PYTHONPATH=/home/fabiocar/fabiocar/install/vesc_msgs/local/lib/python3.10/dist-packages:${PYTHONPATH} /usr/bin/cmake --build /home/fabiocar/fabiocar/build/vesc_ackermann -- -j12 -l12
[1.349s] DEBUG:colcon.colcon_core.event_handler.log_command:Invoking command in '/home/fabiocar/fabiocar/build/vesc_driver': AMENT_PREFIX_PATH=/home/fabiocar/fabiocar/install/vesc_msgs:${AMENT_PREFIX_PATH} CMAKE_PREFIX_PATH=/home/fabiocar/fabiocar/install/vesc_msgs:/home/fabiocar/roboracer_ws/install/vesc:/home/fabiocar/roboracer_ws/install/vesc_driver:/home/fabiocar/roboracer_ws/install/vesc_ackermann:/home/fabiocar/roboracer_ws/install/vesc_msgs:/home/fabiocar/roboracer_ws/install/ackermann_mux:/home/fabiocar/roboracer_ws/install/f1tenth_stack:/home/fabiocar/roboracer_ws/install/mpc_controller:/home/fabiocar/roboracer_ws/install/llm_mpc_tuner:/opt/ros/humble LD_LIBRARY_PATH=/home/fabiocar/fabiocar/install/vesc_msgs/lib:${LD_LIBRARY_PATH} PYTHONPATH=/home/fabiocar/fabiocar/install/vesc_msgs/local/lib/python3.10/dist-packages:${PYTHONPATH} /usr/bin/cmake --build /home/fabiocar/fabiocar/build/vesc_driver -- -j12 -l12
[1.447s] DEBUG:colcon.colcon_core.event_handler.log_command:Invoked command in '/home/fabiocar/fabiocar/build/vesc_ackermann' returned '0': AMENT_PREFIX_PATH=/home/fabiocar/fabiocar/install/vesc_msgs:${AMENT_PREFIX_PATH} CMAKE_PREFIX_PATH=/home/fabiocar/fabiocar/install/vesc_msgs:/home/fabiocar/roboracer_ws/install/vesc:/home/fabiocar/roboracer_ws/install/vesc_driver:/home/fabiocar/roboracer_ws/install/vesc_ackermann:/home/fabiocar/roboracer_ws/install/vesc_msgs:/home/fabiocar/roboracer_ws/install/ackermann_mux:/home/fabiocar/roboracer_ws/install/f1tenth_stack:/home/fabiocar/roboracer_ws/install/mpc_controller:/home/fabiocar/roboracer_ws/install/llm_mpc_tuner:/opt/ros/humble LD_LIBRARY_PATH=/home/fabiocar/fabiocar/install/vesc_msgs/lib:${LD_LIBRARY_PATH} PYTHONPATH=/home/fabiocar/fabiocar/install/vesc_msgs/local/lib/python3.10/dist-packages:${PYTHONPATH} /usr/bin/cmake --build /home/fabiocar/fabiocar/build/vesc_ackermann -- -j12 -l12
[1.449s] DEBUG:colcon.colcon_core.event_handler.log_command:Invoking command in '/home/fabiocar/fabiocar/build/vesc_ackermann': AMENT_PREFIX_PATH=/home/fabiocar/fabiocar/install/vesc_msgs:${AMENT_PREFIX_PATH} CMAKE_PREFIX_PATH=/home/fabiocar/fabiocar/install/vesc_msgs:/home/fabiocar/roboracer_ws/install/vesc:/home/fabiocar/roboracer_ws/install/vesc_driver:/home/fabiocar/roboracer_ws/install/vesc_ackermann:/home/fabiocar/roboracer_ws/install/vesc_msgs:/home/fabiocar/roboracer_ws/install/ackermann_mux:/home/fabiocar/roboracer_ws/install/f1tenth_stack:/home/fabiocar/roboracer_ws/install/mpc_controller:/home/fabiocar/roboracer_ws/install/llm_mpc_tuner:/opt/ros/humble LD_LIBRARY_PATH=/home/fabiocar/fabiocar/install/vesc_msgs/lib:${LD_LIBRARY_PATH} PYTHONPATH=/home/fabiocar/fabiocar/install/vesc_msgs/local/lib/python3.10/dist-packages:${PYTHONPATH} /usr/bin/cmake --install /home/fabiocar/fabiocar/build/vesc_ackermann
[1.482s] Level 1:colcon.colcon_core.environment:create_environment_scripts_only(vesc_ackermann)
[1.483s] Level 1:colcon.colcon_core.environment:checking '/home/fabiocar/fabiocar/install/vesc_ackermann' for CMake module files
[1.483s] DEBUG:colcon.colcon_core.event_handler.log_command:Invoked command in '/home/fabiocar/fabiocar/build/vesc_ackermann' returned '0': AMENT_PREFIX_PATH=/home/fabiocar/fabiocar/install/vesc_msgs:${AMENT_PREFIX_PATH} CMAKE_PREFIX_PATH=/home/fabiocar/fabiocar/install/vesc_msgs:/home/fabiocar/roboracer_ws/install/vesc:/home/fabiocar/roboracer_ws/install/vesc_driver:/home/fabiocar/roboracer_ws/install/vesc_ackermann:/home/fabiocar/roboracer_ws/install/vesc_msgs:/home/fabiocar/roboracer_ws/install/ackermann_mux:/home/fabiocar/roboracer_ws/install/f1tenth_stack:/home/fabiocar/roboracer_ws/install/mpc_controller:/home/fabiocar/roboracer_ws/install/llm_mpc_tuner:/opt/ros/humble LD_LIBRARY_PATH=/home/fabiocar/fabiocar/install/vesc_msgs/lib:${LD_LIBRARY_PATH} PYTHONPATH=/home/fabiocar/fabiocar/install/vesc_msgs/local/lib/python3.10/dist-packages:${PYTHONPATH} /usr/bin/cmake --install /home/fabiocar/fabiocar/build/vesc_ackermann
[1.484s] Level 1:colcon.colcon_core.environment:checking '/home/fabiocar/fabiocar/install/vesc_ackermann' for CMake config files
[1.485s] Level 1:colcon.colcon_core.shell:create_environment_hook('vesc_ackermann', 'cmake_prefix_path')
[1.485s] INFO:colcon.colcon_core.shell:Creating environment hook '/home/fabiocar/fabiocar/install/vesc_ackermann/share/vesc_ackermann/hook/cmake_prefix_path.ps1'
[1.486s] INFO:colcon.colcon_core.shell:Creating environment descriptor '/home/fabiocar/fabiocar/install/vesc_ackermann/share/vesc_ackermann/hook/cmake_prefix_path.dsv'
[1.486s] INFO:colcon.colcon_core.shell:Creating environment hook '/home/fabiocar/fabiocar/install/vesc_ackermann/share/vesc_ackermann/hook/cmake_prefix_path.sh'
[1.487s] Level 1:colcon.colcon_core.environment:checking '/home/fabiocar/fabiocar/install/vesc_ackermann/lib'
[1.487s] Level 1:colcon.colcon_core.shell:create_environment_hook('vesc_ackermann', 'ld_library_path_lib')
[1.488s] INFO:colcon.colcon_core.shell:Creating environment hook '/home/fabiocar/fabiocar/install/vesc_ackermann/share/vesc_ackermann/hook/ld_library_path_lib.ps1'
[1.489s] INFO:colcon.colcon_core.shell:Creating environment descriptor '/home/fabiocar/fabiocar/install/vesc_ackermann/share/vesc_ackermann/hook/ld_library_path_lib.dsv'
[1.489s] INFO:colcon.colcon_core.shell:Creating environment hook '/home/fabiocar/fabiocar/install/vesc_ackermann/share/vesc_ackermann/hook/ld_library_path_lib.sh'
[1.490s] Level 1:colcon.colcon_core.environment:checking '/home/fabiocar/fabiocar/install/vesc_ackermann/bin'
[1.490s] Level 1:colcon.colcon_core.environment:checking '/home/fabiocar/fabiocar/install/vesc_ackermann/lib/pkgconfig/vesc_ackermann.pc'
[1.490s] Level 1:colcon.colcon_core.environment:checking '/home/fabiocar/fabiocar/install/vesc_ackermann/lib/python3.10/site-packages'
[1.491s] Level 1:colcon.colcon_core.environment:checking '/home/fabiocar/fabiocar/install/vesc_ackermann/bin'
[1.491s] INFO:colcon.colcon_core.shell:Creating package script '/home/fabiocar/fabiocar/install/vesc_ackermann/share/vesc_ackermann/package.ps1'
[1.492s] INFO:colcon.colcon_core.shell:Creating package descriptor '/home/fabiocar/fabiocar/install/vesc_ackermann/share/vesc_ackermann/package.dsv'
[1.493s] INFO:colcon.colcon_core.shell:Creating package script '/home/fabiocar/fabiocar/install/vesc_ackermann/share/vesc_ackermann/package.sh'
[1.493s] INFO:colcon.colcon_core.shell:Creating package script '/home/fabiocar/fabiocar/install/vesc_ackermann/share/vesc_ackermann/package.bash'
[1.494s] INFO:colcon.colcon_core.shell:Creating package script '/home/fabiocar/fabiocar/install/vesc_ackermann/share/vesc_ackermann/package.zsh'
[1.495s] Level 1:colcon.colcon_core.environment:create_file_with_runtime_dependencies(/home/fabiocar/fabiocar/install/vesc_ackermann/share/colcon-core/packages/vesc_ackermann)
[1.495s] Level 1:colcon.colcon_core.environment:create_environment_scripts_only(vesc_ackermann)
[1.496s] Level 1:colcon.colcon_core.environment:checking '/home/fabiocar/fabiocar/install/vesc_ackermann' for CMake module files
[1.496s] Level 1:colcon.colcon_core.environment:checking '/home/fabiocar/fabiocar/install/vesc_ackermann' for CMake config files
[1.497s] Level 1:colcon.colcon_core.shell:create_environment_hook('vesc_ackermann', 'cmake_prefix_path')
[1.497s] INFO:colcon.colcon_core.shell:Creating environment hook '/home/fabiocar/fabiocar/install/vesc_ackermann/share/vesc_ackermann/hook/cmake_prefix_path.ps1'
[1.498s] INFO:colcon.colcon_core.shell:Creating environment descriptor '/home/fabiocar/fabiocar/install/vesc_ackermann/share/vesc_ackermann/hook/cmake_prefix_path.dsv'
[1.498s] INFO:colcon.colcon_core.shell:Creating environment hook '/home/fabiocar/fabiocar/install/vesc_ackermann/share/vesc_ackermann/hook/cmake_prefix_path.sh'
[1.499s] Level 1:colcon.colcon_core.environment:checking '/home/fabiocar/fabiocar/install/vesc_ackermann/lib'
[1.499s] Level 1:colcon.colcon_core.shell:create_environment_hook('vesc_ackermann', 'ld_library_path_lib')
[1.500s] INFO:colcon.colcon_core.shell:Creating environment hook '/home/fabiocar/fabiocar/install/vesc_ackermann/share/vesc_ackermann/hook/ld_library_path_lib.ps1'
[1.500s] INFO:colcon.colcon_core.shell:Creating environment descriptor '/home/fabiocar/fabiocar/install/vesc_ackermann/share/vesc_ackermann/hook/ld_library_path_lib.dsv'
[1.501s] INFO:colcon.colcon_core.shell:Creating environment hook '/home/fabiocar/fabiocar/install/vesc_ackermann/share/vesc_ackermann/hook/ld_library_path_lib.sh'
[1.501s] Level 1:colcon.colcon_core.environment:checking '/home/fabiocar/fabiocar/install/vesc_ackermann/bin'
[1.502s] Level 1:colcon.colcon_core.environment:checking '/home/fabiocar/fabiocar/install/vesc_ackermann/lib/pkgconfig/vesc_ackermann.pc'
[1.502s] Level 1:colcon.colcon_core.environment:checking '/home/fabiocar/fabiocar/install/vesc_ackermann/lib/python3.10/site-packages'
[1.502s] Level 1:colcon.colcon_core.environment:checking '/home/fabiocar/fabiocar/install/vesc_ackermann/bin'
[1.503s] INFO:colcon.colcon_core.shell:Creating package script '/home/fabiocar/fabiocar/install/vesc_ackermann/share/vesc_ackermann/package.ps1'
[1.504s] INFO:colcon.colcon_core.shell:Creating package descriptor '/home/fabiocar/fabiocar/install/vesc_ackermann/share/vesc_ackermann/package.dsv'
[1.505s] INFO:colcon.colcon_core.shell:Creating package script '/home/fabiocar/fabiocar/install/vesc_ackermann/share/vesc_ackermann/package.sh'
[1.505s] INFO:colcon.colcon_core.shell:Creating package script '/home/fabiocar/fabiocar/install/vesc_ackermann/share/vesc_ackermann/package.bash'
[1.506s] INFO:colcon.colcon_core.shell:Creating package script '/home/fabiocar/fabiocar/install/vesc_ackermann/share/vesc_ackermann/package.zsh'
[1.507s] Level 1:colcon.colcon_core.environment:create_file_with_runtime_dependencies(/home/fabiocar/fabiocar/install/vesc_ackermann/share/colcon-core/packages/vesc_ackermann)
[1.509s] DEBUG:colcon.colcon_core.event_handler.log_command:Invoked command in '/home/fabiocar/fabiocar/build/vesc_driver' returned '0': AMENT_PREFIX_PATH=/home/fabiocar/fabiocar/install/vesc_msgs:${AMENT_PREFIX_PATH} CMAKE_PREFIX_PATH=/home/fabiocar/fabiocar/install/vesc_msgs:/home/fabiocar/roboracer_ws/install/vesc:/home/fabiocar/roboracer_ws/install/vesc_driver:/home/fabiocar/roboracer_ws/install/vesc_ackermann:/home/fabiocar/roboracer_ws/install/vesc_msgs:/home/fabiocar/roboracer_ws/install/ackermann_mux:/home/fabiocar/roboracer_ws/install/f1tenth_stack:/home/fabiocar/roboracer_ws/install/mpc_controller:/home/fabiocar/roboracer_ws/install/llm_mpc_tuner:/opt/ros/humble LD_LIBRARY_PATH=/home/fabiocar/fabiocar/install/vesc_msgs/lib:${LD_LIBRARY_PATH} PYTHONPATH=/home/fabiocar/fabiocar/install/vesc_msgs/local/lib/python3.10/dist-packages:${PYTHONPATH} /usr/bin/cmake --build /home/fabiocar/fabiocar/build/vesc_driver -- -j12 -l12
[1.511s] DEBUG:colcon.colcon_core.event_handler.log_command:Invoking command in '/home/fabiocar/fabiocar/build/vesc_driver': AMENT_PREFIX_PATH=/home/fabiocar/fabiocar/install/vesc_msgs:${AMENT_PREFIX_PATH} CMAKE_PREFIX_PATH=/home/fabiocar/fabiocar/install/vesc_msgs:/home/fabiocar/roboracer_ws/install/vesc:/home/fabiocar/roboracer_ws/install/vesc_driver:/home/fabiocar/roboracer_ws/install/vesc_ackermann:/home/fabiocar/roboracer_ws/install/vesc_msgs:/home/fabiocar/roboracer_ws/install/ackermann_mux:/home/fabiocar/roboracer_ws/install/f1tenth_stack:/home/fabiocar/roboracer_ws/install/mpc_controller:/home/fabiocar/roboracer_ws/install/llm_mpc_tuner:/opt/ros/humble LD_LIBRARY_PATH=/home/fabiocar/fabiocar/install/vesc_msgs/lib:${LD_LIBRARY_PATH} PYTHONPATH=/home/fabiocar/fabiocar/install/vesc_msgs/local/lib/python3.10/dist-packages:${PYTHONPATH} /usr/bin/cmake --install /home/fabiocar/fabiocar/build/vesc_driver
[1.550s] Level 1:colcon.colcon_core.environment:create_environment_scripts_only(vesc_driver)
[1.550s] Level 1:colcon.colcon_core.environment:checking '/home/fabiocar/fabiocar/install/vesc_driver' for CMake module files
[1.551s] DEBUG:colcon.colcon_core.event_handler.log_command:Invoked command in '/home/fabiocar/fabiocar/build/vesc_driver' returned '0': AMENT_PREFIX_PATH=/home/fabiocar/fabiocar/install/vesc_msgs:${AMENT_PREFIX_PATH} CMAKE_PREFIX_PATH=/home/fabiocar/fabiocar/install/vesc_msgs:/home/fabiocar/roboracer_ws/install/vesc:/home/fabiocar/roboracer_ws/install/vesc_driver:/home/fabiocar/roboracer_ws/install/vesc_ackermann:/home/fabiocar/roboracer_ws/install/vesc_msgs:/home/fabiocar/roboracer_ws/install/ackermann_mux:/home/fabiocar/roboracer_ws/install/f1tenth_stack:/home/fabiocar/roboracer_ws/install/mpc_controller:/home/fabiocar/roboracer_ws/install/llm_mpc_tuner:/opt/ros/humble LD_LIBRARY_PATH=/home/fabiocar/fabiocar/install/vesc_msgs/lib:${LD_LIBRARY_PATH} PYTHONPATH=/home/fabiocar/fabiocar/install/vesc_msgs/local/lib/python3.10/dist-packages:${PYTHONPATH} /usr/bin/cmake --install /home/fabiocar/fabiocar/build/vesc_driver
[1.552s] Level 1:colcon.colcon_core.environment:checking '/home/fabiocar/fabiocar/install/vesc_driver' for CMake config files
[1.552s] Level 1:colcon.colcon_core.shell:create_environment_hook('vesc_driver', 'cmake_prefix_path')
[1.553s] INFO:colcon.colcon_core.shell:Creating environment hook '/home/fabiocar/fabiocar/install/vesc_driver/share/vesc_driver/hook/cmake_prefix_path.ps1'
[1.553s] INFO:colcon.colcon_core.shell:Creating environment descriptor '/home/fabiocar/fabiocar/install/vesc_driver/share/vesc_driver/hook/cmake_prefix_path.dsv'
[1.554s] INFO:colcon.colcon_core.shell:Creating environment hook '/home/fabiocar/fabiocar/install/vesc_driver/share/vesc_driver/hook/cmake_prefix_path.sh'
[1.555s] Level 1:colcon.colcon_core.environment:checking '/home/fabiocar/fabiocar/install/vesc_driver/lib'
[1.555s] Level 1:colcon.colcon_core.shell:create_environment_hook('vesc_driver', 'ld_library_path_lib')
[1.555s] INFO:colcon.colcon_core.shell:Creating environment hook '/home/fabiocar/fabiocar/install/vesc_driver/share/vesc_driver/hook/ld_library_path_lib.ps1'
[1.556s] INFO:colcon.colcon_core.shell:Creating environment descriptor '/home/fabiocar/fabiocar/install/vesc_driver/share/vesc_driver/hook/ld_library_path_lib.dsv'
[1.556s] INFO:colcon.colcon_core.shell:Creating environment hook '/home/fabiocar/fabiocar/install/vesc_driver/share/vesc_driver/hook/ld_library_path_lib.sh'
[1.557s] Level 1:colcon.colcon_core.environment:checking '/home/fabiocar/fabiocar/install/vesc_driver/bin'
[1.557s] Level 1:colcon.colcon_core.environment:checking '/home/fabiocar/fabiocar/install/vesc_driver/lib/pkgconfig/vesc_driver.pc'
[1.557s] Level 1:colcon.colcon_core.environment:checking '/home/fabiocar/fabiocar/install/vesc_driver/lib/python3.10/site-packages'
[1.558s] Level 1:colcon.colcon_core.environment:checking '/home/fabiocar/fabiocar/install/vesc_driver/bin'
[1.558s] INFO:colcon.colcon_core.shell:Creating package script '/home/fabiocar/fabiocar/install/vesc_driver/share/vesc_driver/package.ps1'
[1.559s] INFO:colcon.colcon_core.shell:Creating package descriptor '/home/fabiocar/fabiocar/install/vesc_driver/share/vesc_driver/package.dsv'
[1.560s] INFO:colcon.colcon_core.shell:Creating package script '/home/fabiocar/fabiocar/install/vesc_driver/share/vesc_driver/package.sh'
[1.561s] INFO:colcon.colcon_core.shell:Creating package script '/home/fabiocar/fabiocar/install/vesc_driver/share/vesc_driver/package.bash'
[1.561s] INFO:colcon.colcon_core.shell:Creating package script '/home/fabiocar/fabiocar/install/vesc_driver/share/vesc_driver/package.zsh'
[1.562s] Level 1:colcon.colcon_core.environment:create_file_with_runtime_dependencies(/home/fabiocar/fabiocar/install/vesc_driver/share/colcon-core/packages/vesc_driver)
[1.563s] Level 1:colcon.colcon_core.environment:create_environment_scripts_only(vesc_driver)
[1.563s] Level 1:colcon.colcon_core.environment:checking '/home/fabiocar/fabiocar/install/vesc_driver' for CMake module files
[1.564s] Level 1:colcon.colcon_core.environment:checking '/home/fabiocar/fabiocar/install/vesc_driver' for CMake config files
[1.564s] Level 1:colcon.colcon_core.shell:create_environment_hook('vesc_driver', 'cmake_prefix_path')
[1.565s] INFO:colcon.colcon_core.shell:Creating environment hook '/home/fabiocar/fabiocar/install/vesc_driver/share/vesc_driver/hook/cmake_prefix_path.ps1'
[1.566s] INFO:colcon.colcon_core.shell:Creating environment descriptor '/home/fabiocar/fabiocar/install/vesc_driver/share/vesc_driver/hook/cmake_prefix_path.dsv'
[1.566s] INFO:colcon.colcon_core.shell:Creating environment hook '/home/fabiocar/fabiocar/install/vesc_driver/share/vesc_driver/hook/cmake_prefix_path.sh'
[1.567s] Level 1:colcon.colcon_core.environment:checking '/home/fabiocar/fabiocar/install/vesc_driver/lib'
[1.567s] Level 1:colcon.colcon_core.shell:create_environment_hook('vesc_driver', 'ld_library_path_lib')
[1.567s] INFO:colcon.colcon_core.shell:Creating environment hook '/home/fabiocar/fabiocar/install/vesc_driver/share/vesc_driver/hook/ld_library_path_lib.ps1'
[1.568s] INFO:colcon.colcon_core.shell:Creating environment descriptor '/home/fabiocar/fabiocar/install/vesc_driver/share/vesc_driver/hook/ld_library_path_lib.dsv'
[1.569s] INFO:colcon.colcon_core.shell:Creating environment hook '/home/fabiocar/fabiocar/install/vesc_driver/share/vesc_driver/hook/ld_library_path_lib.sh'
[1.569s] Level 1:colcon.colcon_core.environment:checking '/home/fabiocar/fabiocar/install/vesc_driver/bin'
[1.569s] Level 1:colcon.colcon_core.environment:checking '/home/fabiocar/fabiocar/install/vesc_driver/lib/pkgconfig/vesc_driver.pc'
[1.570s] Level 1:colcon.colcon_core.environment:checking '/home/fabiocar/fabiocar/install/vesc_driver/lib/python3.10/site-packages'
[1.570s] Level 1:colcon.colcon_core.environment:checking '/home/fabiocar/fabiocar/install/vesc_driver/bin'
[1.571s] INFO:colcon.colcon_core.shell:Creating package script '/home/fabiocar/fabiocar/install/vesc_driver/share/vesc_driver/package.ps1'
[1.572s] INFO:colcon.colcon_core.shell:Creating package descriptor '/home/fabiocar/fabiocar/install/vesc_driver/share/vesc_driver/package.dsv'
[1.572s] INFO:colcon.colcon_core.shell:Creating package script '/home/fabiocar/fabiocar/install/vesc_driver/share/vesc_driver/package.sh'
[1.573s] INFO:colcon.colcon_core.shell:Creating package script '/home/fabiocar/fabiocar/install/vesc_driver/share/vesc_driver/package.bash'
[1.574s] INFO:colcon.colcon_core.shell:Creating package script '/home/fabiocar/fabiocar/install/vesc_driver/share/vesc_driver/package.zsh'
[1.574s] Level 1:colcon.colcon_core.environment:create_file_with_runtime_dependencies(/home/fabiocar/fabiocar/install/vesc_driver/share/colcon-core/packages/vesc_driver)
[1.575s] INFO:colcon.colcon_ros.task.ament_cmake.build:Building ROS package in '/home/fabiocar/fabiocar/src/f1tenth_system/vesc/vesc' with build type 'ament_cmake'
[1.575s] INFO:colcon.colcon_cmake.task.cmake.build:Building CMake package in '/home/fabiocar/fabiocar/src/f1tenth_system/vesc/vesc'
[1.575s] INFO:colcon.colcon_core.shell:Skip shell extension 'powershell' for command environment: Not usable outside of PowerShell
[1.576s] DEBUG:colcon.colcon_core.shell:Skip shell extension 'dsv' for command environment
[1.596s] DEBUG:colcon.colcon_core.event_handler.log_command:Invoking command in '/home/fabiocar/fabiocar/build/vesc': AMENT_PREFIX_PATH=/home/fabiocar/fabiocar/install/vesc_driver:/home/fabiocar/fabiocar/install/vesc_ackermann:/home/fabiocar/fabiocar/install/vesc_msgs:${AMENT_PREFIX_PATH} CMAKE_PREFIX_PATH=/home/fabiocar/fabiocar/install/vesc_driver:/home/fabiocar/fabiocar/install/vesc_ackermann:/home/fabiocar/fabiocar/install/vesc_msgs:/home/fabiocar/roboracer_ws/install/vesc:/home/fabiocar/roboracer_ws/install/vesc_driver:/home/fabiocar/roboracer_ws/install/vesc_ackermann:/home/fabiocar/roboracer_ws/install/vesc_msgs:/home/fabiocar/roboracer_ws/install/ackermann_mux:/home/fabiocar/roboracer_ws/install/f1tenth_stack:/home/fabiocar/roboracer_ws/install/mpc_controller:/home/fabiocar/roboracer_ws/install/llm_mpc_tuner:/opt/ros/humble LD_LIBRARY_PATH=/home/fabiocar/fabiocar/install/vesc_driver/lib:/home/fabiocar/fabiocar/install/vesc_ackermann/lib:/home/fabiocar/fabiocar/install/vesc_msgs/lib:${LD_LIBRARY_PATH} PYTHONPATH=/home/fabiocar/fabiocar/install/vesc_msgs/local/lib/python3.10/dist-packages:${PYTHONPATH} /usr/bin/cmake --build /home/fabiocar/fabiocar/build/vesc -- -j12 -l12
[1.654s] DEBUG:colcon.colcon_core.event_handler.log_command:Invoked command in '/home/fabiocar/fabiocar/build/vesc' returned '0': AMENT_PREFIX_PATH=/home/fabiocar/fabiocar/install/vesc_driver:/home/fabiocar/fabiocar/install/vesc_ackermann:/home/fabiocar/fabiocar/install/vesc_msgs:${AMENT_PREFIX_PATH} CMAKE_PREFIX_PATH=/home/fabiocar/fabiocar/install/vesc_driver:/home/fabiocar/fabiocar/install/vesc_ackermann:/home/fabiocar/fabiocar/install/vesc_msgs:/home/fabiocar/roboracer_ws/install/vesc:/home/fabiocar/roboracer_ws/install/vesc_driver:/home/fabiocar/roboracer_ws/install/vesc_ackermann:/home/fabiocar/roboracer_ws/install/vesc_msgs:/home/fabiocar/roboracer_ws/install/ackermann_mux:/home/fabiocar/roboracer_ws/install/f1tenth_stack:/home/fabiocar/roboracer_ws/install/mpc_controller:/home/fabiocar/roboracer_ws/install/llm_mpc_tuner:/opt/ros/humble LD_LIBRARY_PATH=/home/fabiocar/fabiocar/install/vesc_driver/lib:/home/fabiocar/fabiocar/install/vesc_ackermann/lib:/home/fabiocar/fabiocar/install/vesc_msgs/lib:${LD_LIBRARY_PATH} PYTHONPATH=/home/fabiocar/fabiocar/install/vesc_msgs/local/lib/python3.10/dist-packages:${PYTHONPATH} /usr/bin/cmake --build /home/fabiocar/fabiocar/build/vesc -- -j12 -l12
[1.656s] DEBUG:colcon.colcon_core.event_handler.log_command:Invoking command in '/home/fabiocar/fabiocar/build/vesc': AMENT_PREFIX_PATH=/home/fabiocar/fabiocar/install/vesc_driver:/home/fabiocar/fabiocar/install/vesc_ackermann:/home/fabiocar/fabiocar/install/vesc_msgs:${AMENT_PREFIX_PATH} CMAKE_PREFIX_PATH=/home/fabiocar/fabiocar/install/vesc_driver:/home/fabiocar/fabiocar/install/vesc_ackermann:/home/fabiocar/fabiocar/install/vesc_msgs:/home/fabiocar/roboracer_ws/install/vesc:/home/fabiocar/roboracer_ws/install/vesc_driver:/home/fabiocar/roboracer_ws/install/vesc_ackermann:/home/fabiocar/roboracer_ws/install/vesc_msgs:/home/fabiocar/roboracer_ws/install/ackermann_mux:/home/fabiocar/roboracer_ws/install/f1tenth_stack:/home/fabiocar/roboracer_ws/install/mpc_controller:/home/fabiocar/roboracer_ws/install/llm_mpc_tuner:/opt/ros/humble LD_LIBRARY_PATH=/home/fabiocar/fabiocar/install/vesc_driver/lib:/home/fabiocar/fabiocar/install/vesc_ackermann/lib:/home/fabiocar/fabiocar/install/vesc_msgs/lib:${LD_LIBRARY_PATH} PYTHONPATH=/home/fabiocar/fabiocar/install/vesc_msgs/local/lib/python3.10/dist-packages:${PYTHONPATH} /usr/bin/cmake --install /home/fabiocar/fabiocar/build/vesc
[1.692s] Level 1:colcon.colcon_core.environment:create_environment_scripts_only(vesc)
[1.692s] Level 1:colcon.colcon_core.environment:checking '/home/fabiocar/fabiocar/install/vesc' for CMake module files
[1.693s] DEBUG:colcon.colcon_core.event_handler.log_command:Invoked command in '/home/fabiocar/fabiocar/build/vesc' returned '0': AMENT_PREFIX_PATH=/home/fabiocar/fabiocar/install/vesc_driver:/home/fabiocar/fabiocar/install/vesc_ackermann:/home/fabiocar/fabiocar/install/vesc_msgs:${AMENT_PREFIX_PATH} CMAKE_PREFIX_PATH=/home/fabiocar/fabiocar/install/vesc_driver:/home/fabiocar/fabiocar/install/vesc_ackermann:/home/fabiocar/fabiocar/install/vesc_msgs:/home/fabiocar/roboracer_ws/install/vesc:/home/fabiocar/roboracer_ws/install/vesc_driver:/home/fabiocar/roboracer_ws/install/vesc_ackermann:/home/fabiocar/roboracer_ws/install/vesc_msgs:/home/fabiocar/roboracer_ws/install/ackermann_mux:/home/fabiocar/roboracer_ws/install/f1tenth_stack:/home/fabiocar/roboracer_ws/install/mpc_controller:/home/fabiocar/roboracer_ws/install/llm_mpc_tuner:/opt/ros/humble LD_LIBRARY_PATH=/home/fabiocar/fabiocar/install/vesc_driver/lib:/home/fabiocar/fabiocar/install/vesc_ackermann/lib:/home/fabiocar/fabiocar/install/vesc_msgs/lib:${LD_LIBRARY_PATH} PYTHONPATH=/home/fabiocar/fabiocar/install/vesc_msgs/local/lib/python3.10/dist-packages:${PYTHONPATH} /usr/bin/cmake --install /home/fabiocar/fabiocar/build/vesc
[1.693s] Level 1:colcon.colcon_core.environment:checking '/home/fabiocar/fabiocar/install/vesc' for CMake config files
[1.694s] Level 1:colcon.colcon_core.shell:create_environment_hook('vesc', 'cmake_prefix_path')
[1.694s] INFO:colcon.colcon_core.shell:Creating environment hook '/home/fabiocar/fabiocar/install/vesc/share/vesc/hook/cmake_prefix_path.ps1'
[1.695s] INFO:colcon.colcon_core.shell:Creating environment descriptor '/home/fabiocar/fabiocar/install/vesc/share/vesc/hook/cmake_prefix_path.dsv'
[1.695s] INFO:colcon.colcon_core.shell:Creating environment hook '/home/fabiocar/fabiocar/install/vesc/share/vesc/hook/cmake_prefix_path.sh'
[1.696s] Level 1:colcon.colcon_core.environment:checking '/home/fabiocar/fabiocar/install/vesc/bin'
[1.696s] Level 1:colcon.colcon_core.environment:checking '/home/fabiocar/fabiocar/install/vesc/lib/pkgconfig/vesc.pc'
[1.697s] Level 1:colcon.colcon_core.environment:checking '/home/fabiocar/fabiocar/install/vesc/lib/python3.10/site-packages'
[1.697s] Level 1:colcon.colcon_core.environment:checking '/home/fabiocar/fabiocar/install/vesc/bin'
[1.698s] INFO:colcon.colcon_core.shell:Creating package script '/home/fabiocar/fabiocar/install/vesc/share/vesc/package.ps1'
[1.699s] INFO:colcon.colcon_core.shell:Creating package descriptor '/home/fabiocar/fabiocar/install/vesc/share/vesc/package.dsv'
[1.699s] INFO:colcon.colcon_core.shell:Creating package script '/home/fabiocar/fabiocar/install/vesc/share/vesc/package.sh'
[1.700s] INFO:colcon.colcon_core.shell:Creating package script '/home/fabiocar/fabiocar/install/vesc/share/vesc/package.bash'
[1.700s] INFO:colcon.colcon_core.shell:Creating package script '/home/fabiocar/fabiocar/install/vesc/share/vesc/package.zsh'
[1.701s] Level 1:colcon.colcon_core.environment:create_file_with_runtime_dependencies(/home/fabiocar/fabiocar/install/vesc/share/colcon-core/packages/vesc)
[1.702s] Level 1:colcon.colcon_core.environment:create_environment_scripts_only(vesc)
[1.702s] Level 1:colcon.colcon_core.environment:checking '/home/fabiocar/fabiocar/install/vesc' for CMake module files
[1.703s] Level 1:colcon.colcon_core.environment:checking '/home/fabiocar/fabiocar/install/vesc' for CMake config files
[1.703s] Level 1:colcon.colcon_core.shell:create_environment_hook('vesc', 'cmake_prefix_path')
[1.703s] INFO:colcon.colcon_core.shell:Creating environment hook '/home/fabiocar/fabiocar/install/vesc/share/vesc/hook/cmake_prefix_path.ps1'
[1.704s] INFO:colcon.colcon_core.shell:Creating environment descriptor '/home/fabiocar/fabiocar/install/vesc/share/vesc/hook/cmake_prefix_path.dsv'
[1.704s] INFO:colcon.colcon_core.shell:Creating environment hook '/home/fabiocar/fabiocar/install/vesc/share/vesc/hook/cmake_prefix_path.sh'
[1.705s] Level 1:colcon.colcon_core.environment:checking '/home/fabiocar/fabiocar/install/vesc/bin'
[1.705s] Level 1:colcon.colcon_core.environment:checking '/home/fabiocar/fabiocar/install/vesc/lib/pkgconfig/vesc.pc'
[1.705s] Level 1:colcon.colcon_core.environment:checking '/home/fabiocar/fabiocar/install/vesc/lib/python3.10/site-packages'
[1.706s] Level 1:colcon.colcon_core.environment:checking '/home/fabiocar/fabiocar/install/vesc/bin'
[1.706s] INFO:colcon.colcon_core.shell:Creating package script '/home/fabiocar/fabiocar/install/vesc/share/vesc/package.ps1'
[1.707s] INFO:colcon.colcon_core.shell:Creating package descriptor '/home/fabiocar/fabiocar/install/vesc/share/vesc/package.dsv'
[1.708s] INFO:colcon.colcon_core.shell:Creating package script '/home/fabiocar/fabiocar/install/vesc/share/vesc/package.sh'
[1.709s] INFO:colcon.colcon_core.shell:Creating package script '/home/fabiocar/fabiocar/install/vesc/share/vesc/package.bash'
[1.709s] INFO:colcon.colcon_core.shell:Creating package script '/home/fabiocar/fabiocar/install/vesc/share/vesc/package.zsh'
[1.710s] Level 1:colcon.colcon_core.environment:create_file_with_runtime_dependencies(/home/fabiocar/fabiocar/install/vesc/share/colcon-core/packages/vesc)
[1.710s] INFO:colcon.colcon_ros.task.ament_python.build:Building ROS package in '/home/fabiocar/fabiocar/src/f1tenth_system/f1tenth_stack' with build type 'ament_python'
[1.711s] Level 1:colcon.colcon_core.shell:create_environment_hook('f1tenth_stack', 'ament_prefix_path')
[1.711s] INFO:colcon.colcon_core.shell:Creating environment hook '/home/fabiocar/fabiocar/install/f1tenth_stack/share/f1tenth_stack/hook/ament_prefix_path.ps1'
[1.712s] INFO:colcon.colcon_core.shell:Creating environment descriptor '/home/fabiocar/fabiocar/install/f1tenth_stack/share/f1tenth_stack/hook/ament_prefix_path.dsv'
[1.713s] INFO:colcon.colcon_core.shell:Creating environment hook '/home/fabiocar/fabiocar/install/f1tenth_stack/share/f1tenth_stack/hook/ament_prefix_path.sh'
[1.713s] INFO:colcon.colcon_core.shell:Skip shell extension 'powershell' for command environment: Not usable outside of PowerShell
[1.713s] DEBUG:colcon.colcon_core.shell:Skip shell extension 'dsv' for command environment
[2.077s] INFO:colcon.colcon_core.task.python.build:Building Python package in '/home/fabiocar/fabiocar/src/f1tenth_system/f1tenth_stack'
[2.078s] INFO:colcon.colcon_core.shell:Skip shell extension 'powershell' for command environment: Not usable outside of PowerShell
[2.078s] DEBUG:colcon.colcon_core.shell:Skip shell extension 'dsv' for command environment
[2.094s] DEBUG:colcon.colcon_core.event_handler.log_command:Invoking command in '/home/fabiocar/fabiocar/build/llm_mpc_tuner': PYTHONPATH=/home/fabiocar/fabiocar/build/llm_mpc_tuner/prefix_override:/usr/lib/python3/dist-packages/colcon_core/task/python/colcon_distutils_commands:/home/fabiocar/fabiocar/install/llm_mpc_tuner/lib/python3.10/site-packages:${PYTHONPATH} /usr/bin/python3 -W ignore:setup.py install is deprecated -W ignore:easy_install command is deprecated setup.py develop --editable --build-directory /home/fabiocar/fabiocar/build/llm_mpc_tuner/build --no-deps symlink_data
[2.097s] DEBUG:colcon.colcon_core.event_handler.log_command:Invoking command in '/home/fabiocar/fabiocar/build/mpc_controller': PYTHONPATH=/home/fabiocar/fabiocar/build/mpc_controller/prefix_override:/usr/lib/python3/dist-packages/colcon_core/task/python/colcon_distutils_commands:/home/fabiocar/fabiocar/install/mpc_controller/lib/python3.10/site-packages:${PYTHONPATH} /usr/bin/python3 -W ignore:setup.py install is deprecated -W ignore:easy_install command is deprecated setup.py develop --editable --build-directory /home/fabiocar/fabiocar/build/mpc_controller/build --no-deps symlink_data
[2.842s] DEBUG:colcon.colcon_core.event_handler.log_command:Invoking command in '/home/fabiocar/fabiocar/build/f1tenth_stack': AMENT_PREFIX_PATH=/home/fabiocar/fabiocar/install/vesc:/home/fabiocar/fabiocar/install/vesc_driver:/home/fabiocar/fabiocar/install/vesc_ackermann:/home/fabiocar/fabiocar/install/vesc_msgs:/home/fabiocar/fabiocar/install/ackermann_mux:${AMENT_PREFIX_PATH} CMAKE_PREFIX_PATH=/home/fabiocar/fabiocar/install/vesc:/home/fabiocar/fabiocar/install/vesc_driver:/home/fabiocar/fabiocar/install/vesc_ackermann:/home/fabiocar/fabiocar/install/vesc_msgs:/home/fabiocar/fabiocar/install/ackermann_mux:${CMAKE_PREFIX_PATH} LD_LIBRARY_PATH=/home/fabiocar/fabiocar/install/vesc_driver/lib:/home/fabiocar/fabiocar/install/vesc_ackermann/lib:/home/fabiocar/fabiocar/install/vesc_msgs/lib:${LD_LIBRARY_PATH} PYTHONPATH=/home/fabiocar/fabiocar/build/f1tenth_stack/prefix_override:/usr/lib/python3/dist-packages/colcon_core/task/python/colcon_distutils_commands:/home/fabiocar/fabiocar/install/f1tenth_stack/lib/python3.10/site-packages:/home/fabiocar/fabiocar/install/vesc_msgs/local/lib/python3.10/dist-packages:${PYTHONPATH} /usr/bin/python3 -W ignore:setup.py install is deprecated -W ignore:easy_install command is deprecated setup.py develop --editable --build-directory /home/fabiocar/fabiocar/build/f1tenth_stack/build --no-deps symlink_data
[3.065s] Level 1:colcon.colcon_core.shell:create_environment_hook('llm_mpc_tuner', 'pythonpath_develop')
[3.066s] INFO:colcon.colcon_core.shell:Creating environment hook '/home/fabiocar/fabiocar/build/llm_mpc_tuner/share/llm_mpc_tuner/hook/pythonpath_develop.ps1'
[3.067s] DEBUG:colcon.colcon_core.event_handler.log_command:Invoked command in '/home/fabiocar/fabiocar/build/llm_mpc_tuner' returned '0': PYTHONPATH=/home/fabiocar/fabiocar/build/llm_mpc_tuner/prefix_override:/usr/lib/python3/dist-packages/colcon_core/task/python/colcon_distutils_commands:/home/fabiocar/fabiocar/install/llm_mpc_tuner/lib/python3.10/site-packages:${PYTHONPATH} /usr/bin/python3 -W ignore:setup.py install is deprecated -W ignore:easy_install command is deprecated setup.py develop --editable --build-directory /home/fabiocar/fabiocar/build/llm_mpc_tuner/build --no-deps symlink_data
[3.069s] INFO:colcon.colcon_core.shell:Creating environment descriptor '/home/fabiocar/fabiocar/build/llm_mpc_tuner/share/llm_mpc_tuner/hook/pythonpath_develop.dsv'
[3.071s] INFO:colcon.colcon_core.shell:Creating environment hook '/home/fabiocar/fabiocar/build/llm_mpc_tuner/share/llm_mpc_tuner/hook/pythonpath_develop.sh'
[3.073s] Level 1:colcon.colcon_core.environment:checking '/home/fabiocar/fabiocar/install/llm_mpc_tuner' for CMake module files
[3.074s] Level 1:colcon.colcon_core.environment:checking '/home/fabiocar/fabiocar/install/llm_mpc_tuner' for CMake config files
[3.076s] Level 1:colcon.colcon_core.environment:checking '/home/fabiocar/fabiocar/install/llm_mpc_tuner/lib'
[3.076s] Level 1:colcon.colcon_core.environment:checking '/home/fabiocar/fabiocar/install/llm_mpc_tuner/bin'
[3.076s] Level 1:colcon.colcon_core.environment:checking '/home/fabiocar/fabiocar/install/llm_mpc_tuner/lib/pkgconfig/llm_mpc_tuner.pc'
[3.077s] Level 1:colcon.colcon_core.environment:checking '/home/fabiocar/fabiocar/install/llm_mpc_tuner/lib/python3.10/site-packages'
[3.077s] Level 1:colcon.colcon_core.shell:create_environment_hook('llm_mpc_tuner', 'pythonpath')
[3.078s] INFO:colcon.colcon_core.shell:Creating environment hook '/home/fabiocar/fabiocar/install/llm_mpc_tuner/share/llm_mpc_tuner/hook/pythonpath.ps1'
[3.080s] INFO:colcon.colcon_core.shell:Creating environment descriptor '/home/fabiocar/fabiocar/install/llm_mpc_tuner/share/llm_mpc_tuner/hook/pythonpath.dsv'
[3.081s] INFO:colcon.colcon_core.shell:Creating environment hook '/home/fabiocar/fabiocar/install/llm_mpc_tuner/share/llm_mpc_tuner/hook/pythonpath.sh'
[3.083s] Level 1:colcon.colcon_core.environment:checking '/home/fabiocar/fabiocar/install/llm_mpc_tuner/bin'
[3.084s] Level 1:colcon.colcon_core.environment:create_environment_scripts_only(llm_mpc_tuner)
[3.085s] INFO:colcon.colcon_core.shell:Creating package script '/home/fabiocar/fabiocar/install/llm_mpc_tuner/share/llm_mpc_tuner/package.ps1'
[3.087s] INFO:colcon.colcon_core.shell:Creating package descriptor '/home/fabiocar/fabiocar/install/llm_mpc_tuner/share/llm_mpc_tuner/package.dsv'
[3.089s] INFO:colcon.colcon_core.shell:Creating package script '/home/fabiocar/fabiocar/install/llm_mpc_tuner/share/llm_mpc_tuner/package.sh'
[3.091s] INFO:colcon.colcon_core.shell:Creating package script '/home/fabiocar/fabiocar/install/llm_mpc_tuner/share/llm_mpc_tuner/package.bash'
[3.092s] INFO:colcon.colcon_core.shell:Creating package script '/home/fabiocar/fabiocar/install/llm_mpc_tuner/share/llm_mpc_tuner/package.zsh'
[3.093s] Level 1:colcon.colcon_core.environment:create_file_with_runtime_dependencies(/home/fabiocar/fabiocar/install/llm_mpc_tuner/share/colcon-core/packages/llm_mpc_tuner)
[3.096s] Level 1:colcon.colcon_core.shell:create_environment_hook('mpc_controller', 'pythonpath_develop')
[3.097s] INFO:colcon.colcon_core.shell:Creating environment hook '/home/fabiocar/fabiocar/build/mpc_controller/share/mpc_controller/hook/pythonpath_develop.ps1'
[3.099s] DEBUG:colcon.colcon_core.event_handler.log_command:Invoked command in '/home/fabiocar/fabiocar/build/mpc_controller' returned '0': PYTHONPATH=/home/fabiocar/fabiocar/build/mpc_controller/prefix_override:/usr/lib/python3/dist-packages/colcon_core/task/python/colcon_distutils_commands:/home/fabiocar/fabiocar/install/mpc_controller/lib/python3.10/site-packages:${PYTHONPATH} /usr/bin/python3 -W ignore:setup.py install is deprecated -W ignore:easy_install command is deprecated setup.py develop --editable --build-directory /home/fabiocar/fabiocar/build/mpc_controller/build --no-deps symlink_data
[3.099s] INFO:colcon.colcon_core.shell:Creating environment descriptor '/home/fabiocar/fabiocar/build/mpc_controller/share/mpc_controller/hook/pythonpath_develop.dsv'
[3.101s] INFO:colcon.colcon_core.shell:Creating environment hook '/home/fabiocar/fabiocar/build/mpc_controller/share/mpc_controller/hook/pythonpath_develop.sh'
[3.103s] Level 1:colcon.colcon_core.environment:checking '/home/fabiocar/fabiocar/install/mpc_controller' for CMake module files
[3.104s] Level 1:colcon.colcon_core.environment:checking '/home/fabiocar/fabiocar/install/mpc_controller' for CMake config files
[3.106s] Level 1:colcon.colcon_core.environment:checking '/home/fabiocar/fabiocar/install/mpc_controller/lib'
[3.106s] Level 1:colcon.colcon_core.environment:checking '/home/fabiocar/fabiocar/install/mpc_controller/bin'
[3.106s] Level 1:colcon.colcon_core.environment:checking '/home/fabiocar/fabiocar/install/mpc_controller/lib/pkgconfig/mpc_controller.pc'
[3.107s] Level 1:colcon.colcon_core.environment:checking '/home/fabiocar/fabiocar/install/mpc_controller/lib/python3.10/site-packages'
[3.108s] Level 1:colcon.colcon_core.shell:create_environment_hook('mpc_controller', 'pythonpath')
[3.108s] INFO:colcon.colcon_core.shell:Creating environment hook '/home/fabiocar/fabiocar/install/mpc_controller/share/mpc_controller/hook/pythonpath.ps1'
[3.110s] INFO:colcon.colcon_core.shell:Creating environment descriptor '/home/fabiocar/fabiocar/install/mpc_controller/share/mpc_controller/hook/pythonpath.dsv'
[3.111s] INFO:colcon.colcon_core.shell:Creating environment hook '/home/fabiocar/fabiocar/install/mpc_controller/share/mpc_controller/hook/pythonpath.sh'
[3.113s] Level 1:colcon.colcon_core.environment:checking '/home/fabiocar/fabiocar/install/mpc_controller/bin'
[3.114s] Level 1:colcon.colcon_core.environment:create_environment_scripts_only(mpc_controller)
[3.115s] INFO:colcon.colcon_core.shell:Creating package script '/home/fabiocar/fabiocar/install/mpc_controller/share/mpc_controller/package.ps1'
[3.117s] INFO:colcon.colcon_core.shell:Creating package descriptor '/home/fabiocar/fabiocar/install/mpc_controller/share/mpc_controller/package.dsv'
[3.119s] INFO:colcon.colcon_core.shell:Creating package script '/home/fabiocar/fabiocar/install/mpc_controller/share/mpc_controller/package.sh'
[3.121s] INFO:colcon.colcon_core.shell:Creating package script '/home/fabiocar/fabiocar/install/mpc_controller/share/mpc_controller/package.bash'
[3.122s] INFO:colcon.colcon_core.shell:Creating package script '/home/fabiocar/fabiocar/install/mpc_controller/share/mpc_controller/package.zsh'
[3.123s] Level 1:colcon.colcon_core.environment:create_file_with_runtime_dependencies(/home/fabiocar/fabiocar/install/mpc_controller/share/colcon-core/packages/mpc_controller)
[3.823s] Level 1:colcon.colcon_core.shell:create_environment_hook('f1tenth_stack', 'pythonpath_develop')
[3.824s] INFO:colcon.colcon_core.shell:Creating environment hook '/home/fabiocar/fabiocar/build/f1tenth_stack/share/f1tenth_stack/hook/pythonpath_develop.ps1'
[3.826s] DEBUG:colcon.colcon_core.event_handler.log_command:Invoked command in '/home/fabiocar/fabiocar/build/f1tenth_stack' returned '0': AMENT_PREFIX_PATH=/home/fabiocar/fabiocar/install/vesc:/home/fabiocar/fabiocar/install/vesc_driver:/home/fabiocar/fabiocar/install/vesc_ackermann:/home/fabiocar/fabiocar/install/vesc_msgs:/home/fabiocar/fabiocar/install/ackermann_mux:${AMENT_PREFIX_PATH} CMAKE_PREFIX_PATH=/home/fabiocar/fabiocar/install/vesc:/home/fabiocar/fabiocar/install/vesc_driver:/home/fabiocar/fabiocar/install/vesc_ackermann:/home/fabiocar/fabiocar/install/vesc_msgs:/home/fabiocar/fabiocar/install/ackermann_mux:${CMAKE_PREFIX_PATH} LD_LIBRARY_PATH=/home/fabiocar/fabiocar/install/vesc_driver/lib:/home/fabiocar/fabiocar/install/vesc_ackermann/lib:/home/fabiocar/fabiocar/install/vesc_msgs/lib:${LD_LIBRARY_PATH} PYTHONPATH=/home/fabiocar/fabiocar/build/f1tenth_stack/prefix_override:/usr/lib/python3/dist-packages/colcon_core/task/python/colcon_distutils_commands:/home/fabiocar/fabiocar/install/f1tenth_stack/lib/python3.10/site-packages:/home/fabiocar/fabiocar/install/vesc_msgs/local/lib/python3.10/dist-packages:${PYTHONPATH} /usr/bin/python3 -W ignore:setup.py install is deprecated -W ignore:easy_install command is deprecated setup.py develop --editable --build-directory /home/fabiocar/fabiocar/build/f1tenth_stack/build --no-deps symlink_data
[3.828s] INFO:colcon.colcon_core.shell:Creating environment descriptor '/home/fabiocar/fabiocar/build/f1tenth_stack/share/f1tenth_stack/hook/pythonpath_develop.dsv'
[3.829s] INFO:colcon.colcon_core.shell:Creating environment hook '/home/fabiocar/fabiocar/build/f1tenth_stack/share/f1tenth_stack/hook/pythonpath_develop.sh'
[3.831s] Level 1:colcon.colcon_core.environment:checking '/home/fabiocar/fabiocar/install/f1tenth_stack' for CMake module files
[3.833s] Level 1:colcon.colcon_core.environment:checking '/home/fabiocar/fabiocar/install/f1tenth_stack' for CMake config files
[3.835s] Level 1:colcon.colcon_core.environment:checking '/home/fabiocar/fabiocar/install/f1tenth_stack/lib'
[3.835s] Level 1:colcon.colcon_core.environment:checking '/home/fabiocar/fabiocar/install/f1tenth_stack/bin'
[3.836s] Level 1:colcon.colcon_core.environment:checking '/home/fabiocar/fabiocar/install/f1tenth_stack/lib/pkgconfig/f1tenth_stack.pc'
[3.836s] Level 1:colcon.colcon_core.environment:checking '/home/fabiocar/fabiocar/install/f1tenth_stack/lib/python3.10/site-packages'
[3.837s] Level 1:colcon.colcon_core.shell:create_environment_hook('f1tenth_stack', 'pythonpath')
[3.837s] INFO:colcon.colcon_core.shell:Creating environment hook '/home/fabiocar/fabiocar/install/f1tenth_stack/share/f1tenth_stack/hook/pythonpath.ps1'
[3.839s] INFO:colcon.colcon_core.shell:Creating environment descriptor '/home/fabiocar/fabiocar/install/f1tenth_stack/share/f1tenth_stack/hook/pythonpath.dsv'
[3.840s] INFO:colcon.colcon_core.shell:Creating environment hook '/home/fabiocar/fabiocar/install/f1tenth_stack/share/f1tenth_stack/hook/pythonpath.sh'
[3.843s] Level 1:colcon.colcon_core.environment:checking '/home/fabiocar/fabiocar/install/f1tenth_stack/bin'
[3.843s] Level 1:colcon.colcon_core.environment:create_environment_scripts_only(f1tenth_stack)
[3.845s] INFO:colcon.colcon_core.shell:Creating package script '/home/fabiocar/fabiocar/install/f1tenth_stack/share/f1tenth_stack/package.ps1'
[3.847s] INFO:colcon.colcon_core.shell:Creating package descriptor '/home/fabiocar/fabiocar/install/f1tenth_stack/share/f1tenth_stack/package.dsv'
[3.849s] INFO:colcon.colcon_core.shell:Creating package script '/home/fabiocar/fabiocar/install/f1tenth_stack/share/f1tenth_stack/package.sh'
[3.851s] INFO:colcon.colcon_core.shell:Creating package script '/home/fabiocar/fabiocar/install/f1tenth_stack/share/f1tenth_stack/package.bash'
[3.852s] INFO:colcon.colcon_core.shell:Creating package script '/home/fabiocar/fabiocar/install/f1tenth_stack/share/f1tenth_stack/package.zsh'
[3.854s] Level 1:colcon.colcon_core.environment:create_file_with_runtime_dependencies(/home/fabiocar/fabiocar/install/f1tenth_stack/share/colcon-core/packages/f1tenth_stack)
[3.855s] DEBUG:colcon.colcon_parallel_executor.executor.parallel:closing loop
[3.856s] DEBUG:colcon.colcon_parallel_executor.executor.parallel:loop closed
[3.856s] DEBUG:colcon.colcon_parallel_executor.executor.parallel:run_until_complete finished with '0'
[3.857s] DEBUG:colcon.colcon_core.event_reactor:joining thread
[3.859s] DEBUG:colcon.colcon_core.event_reactor:joined thread
[3.859s] INFO:colcon.colcon_core.shell:Creating prefix script '/home/fabiocar/fabiocar/install/local_setup.ps1'
[3.863s] INFO:colcon.colcon_core.shell:Creating prefix util module '/home/fabiocar/fabiocar/install/_local_setup_util_ps1.py'
[3.869s] INFO:colcon.colcon_core.shell:Creating prefix chain script '/home/fabiocar/fabiocar/install/setup.ps1'
[3.874s] INFO:colcon.colcon_core.shell:Creating prefix script '/home/fabiocar/fabiocar/install/local_setup.sh'
[3.876s] INFO:colcon.colcon_core.shell:Creating prefix util module '/home/fabiocar/fabiocar/install/_local_setup_util_sh.py'
[3.878s] INFO:colcon.colcon_core.shell:Creating prefix chain script '/home/fabiocar/fabiocar/install/setup.sh'
[3.883s] INFO:colcon.colcon_core.shell:Creating prefix script '/home/fabiocar/fabiocar/install/local_setup.bash'
[3.885s] INFO:colcon.colcon_core.shell:Creating prefix chain script '/home/fabiocar/fabiocar/install/setup.bash'
[3.890s] INFO:colcon.colcon_core.shell:Creating prefix script '/home/fabiocar/fabiocar/install/local_setup.zsh'
[3.892s] INFO:colcon.colcon_core.shell:Creating prefix chain script '/home/fabiocar/fabiocar/install/setup.zsh'
