[0mIn this package, headers install destination is set to `include` by ament_auto_package. It is recommended to install `include/vesc_ackermann` instead and will be the default behavior of ament_auto_package from ROS 2 Kilted Kaiju. On distributions before Kilted, ament_auto_package behaves the same way when you use USE_SCOPED_HEADER_INSTALL_DIR option.[0m
[01m[K/home/fabiocar/fabiocar/src/f1tenth_system/vesc/vesc_ackermann/src/ackermann_to_vesc.cpp:[m[K In constructor ‘[01m[Kvesc_ackermann::AckermannToVesc::AckermannToVesc(const rclcpp::NodeOptions&)[m[K’:
[01m[K/home/fabiocar/fabiocar/src/f1tenth_system/vesc/vesc_ackermann/src/ackermann_to_vesc.cpp:51:42:[m[K [01;31m[Kerror: [m[Kno matching function for call to ‘[01m[Kvesc_ackermann::AckermannToVesc::declare_parameter(const char [19])[m[K’
   51 |   speed_to_erpm_gain_ = [01;31m[Kdeclare_parameter("speed_to_erpm_gain")[m[K.get<double>();
      |                         [01;31m[K~~~~~~~~~~~~~~~~~^~~~~~~~~~~~~~~~~~~~~~[m[K
In file included from [01m[K/opt/ros/humble/include/rclcpp/rclcpp/executors/single_threaded_executor.hpp:28[m[K,
                 from [01m[K/opt/ros/humble/include/rclcpp/rclcpp/executors.hpp:22[m[K,
                 from [01m[K/opt/ros/humble/include/rclcpp/rclcpp/rclcpp.hpp:155[m[K,
                 from [01m[K/home/fabiocar/fabiocar/src/f1tenth_system/vesc/vesc_ackermann/include/vesc_ackermann/ackermann_to_vesc.hpp:35[m[K,
                 from [01m[K/home/fabiocar/fabiocar/src/f1tenth_system/vesc/vesc_ackermann/src/ackermann_to_vesc.cpp:31[m[K:
[01m[K/opt/ros/humble/include/rclcpp/rclcpp/node.hpp:421:3:[m[K [01;36m[Knote: [m[Kcandidate: ‘[01m[Ktemplate<class ParameterT> auto rclcpp::Node::declare_parameter(const string&, const ParameterT&, const ParameterDescriptor&, bool)[m[K’
  421 |   [01;36m[Kdeclare_parameter[m[K(
      |   [01;36m[K^~~~~~~~~~~~~~~~~[m[K
[01m[K/opt/ros/humble/include/rclcpp/rclcpp/node.hpp:421:3:[m[K [01;36m[Knote: [m[K  template argument deduction/substitution failed:
[01m[K/home/fabiocar/fabiocar/src/f1tenth_system/vesc/vesc_ackermann/src/ackermann_to_vesc.cpp:51:42:[m[K [01;36m[Knote: [m[K  candidate expects 4 arguments, 1 provided
   51 |   speed_to_erpm_gain_ = [01;36m[Kdeclare_parameter("speed_to_erpm_gain")[m[K.get<double>();
      |                         [01;36m[K~~~~~~~~~~~~~~~~~^~~~~~~~~~~~~~~~~~~~~~[m[K
In file included from [01m[K/opt/ros/humble/include/rclcpp/rclcpp/executors/single_threaded_executor.hpp:28[m[K,
                 from [01m[K/opt/ros/humble/include/rclcpp/rclcpp/executors.hpp:22[m[K,
                 from [01m[K/opt/ros/humble/include/rclcpp/rclcpp/rclcpp.hpp:155[m[K,
                 from [01m[K/home/fabiocar/fabiocar/src/f1tenth_system/vesc/vesc_ackermann/include/vesc_ackermann/ackermann_to_vesc.hpp:35[m[K,
                 from [01m[K/home/fabiocar/fabiocar/src/f1tenth_system/vesc/vesc_ackermann/src/ackermann_to_vesc.cpp:31[m[K:
[01m[K/opt/ros/humble/include/rclcpp/rclcpp/node.hpp:434:3:[m[K [01;36m[Knote: [m[Kcandidate: ‘[01m[Ktemplate<class ParameterT> auto rclcpp::Node::declare_parameter(const string&, const ParameterDescriptor&, bool)[m[K’
  434 |   [01;36m[Kdeclare_parameter[m[K(
      |   [01;36m[K^~~~~~~~~~~~~~~~~[m[K
[01m[K/opt/ros/humble/include/rclcpp/rclcpp/node.hpp:434:3:[m[K [01;36m[Knote: [m[K  template argument deduction/substitution failed:
[01m[K/home/fabiocar/fabiocar/src/f1tenth_system/vesc/vesc_ackermann/src/ackermann_to_vesc.cpp:51:42:[m[K [01;36m[Knote: [m[K  couldn’t deduce template parameter ‘[01m[KParameterT[m[K’
   51 |   speed_to_erpm_gain_ = [01;36m[Kdeclare_parameter("speed_to_erpm_gain")[m[K.get<double>();
      |                         [01;36m[K~~~~~~~~~~~~~~~~~^~~~~~~~~~~~~~~~~~~~~~[m[K
In file included from [01m[K/opt/ros/humble/include/rclcpp/rclcpp/executors/single_threaded_executor.hpp:28[m[K,
                 from [01m[K/opt/ros/humble/include/rclcpp/rclcpp/executors.hpp:22[m[K,
                 from [01m[K/opt/ros/humble/include/rclcpp/rclcpp/rclcpp.hpp:155[m[K,
                 from [01m[K/home/fabiocar/fabiocar/src/f1tenth_system/vesc/vesc_ackermann/include/vesc_ackermann/ackermann_to_vesc.hpp:35[m[K,
                 from [01m[K/home/fabiocar/fabiocar/src/f1tenth_system/vesc/vesc_ackermann/src/ackermann_to_vesc.cpp:31[m[K:
[01m[K/opt/ros/humble/include/rclcpp/rclcpp/node.hpp:366:3:[m[K [01;36m[Knote: [m[Kcandidate: ‘[01m[Kconst rclcpp::ParameterValue& rclcpp::Node::declare_parameter(const string&, const rclcpp::ParameterValue&, const ParameterDescriptor&, bool)[m[K’
  366 |   [01;36m[Kdeclare_parameter[m[K(
      |   [01;36m[K^~~~~~~~~~~~~~~~~[m[K
[01m[K/opt/ros/humble/include/rclcpp/rclcpp/node.hpp:366:3:[m[K [01;36m[Knote: [m[K  candidate expects 4 arguments, 1 provided
[01m[K/opt/ros/humble/include/rclcpp/rclcpp/node.hpp:391:3:[m[K [01;36m[Knote: [m[Kcandidate: ‘[01m[Kconst rclcpp::ParameterValue& rclcpp::Node::declare_parameter(const string&, rclcpp::ParameterType, const ParameterDescriptor&, bool)[m[K’
  391 |   [01;36m[Kdeclare_parameter[m[K(
      |   [01;36m[K^~~~~~~~~~~~~~~~~[m[K
[01m[K/opt/ros/humble/include/rclcpp/rclcpp/node.hpp:391:3:[m[K [01;36m[Knote: [m[K  candidate expects 4 arguments, 1 provided
[01m[K/home/fabiocar/fabiocar/src/f1tenth_system/vesc/vesc_ackermann/src/ackermann_to_vesc.cpp:51:69:[m[K [01;31m[Kerror: [m[Kexpected primary-expression before ‘[01m[Kdouble[m[K’
   51 |   speed_to_erpm_gain_ = declare_parameter("speed_to_erpm_gain").get<[01;31m[Kdouble[m[K>();
      |                                                                     [01;31m[K^~~~~~[m[K
[01m[K/home/fabiocar/fabiocar/src/f1tenth_system/vesc/vesc_ackermann/src/ackermann_to_vesc.cpp:52:44:[m[K [01;31m[Kerror: [m[Kno matching function for call to ‘[01m[Kvesc_ackermann::AckermannToVesc::declare_parameter(const char [21])[m[K’
   52 |   speed_to_erpm_offset_ = [01;31m[Kdeclare_parameter("speed_to_erpm_offset")[m[K.get<double>();
      |                           [01;31m[K~~~~~~~~~~~~~~~~~^~~~~~~~~~~~~~~~~~~~~~~~[m[K
In file included from [01m[K/opt/ros/humble/include/rclcpp/rclcpp/executors/single_threaded_executor.hpp:28[m[K,
                 from [01m[K/opt/ros/humble/include/rclcpp/rclcpp/executors.hpp:22[m[K,
                 from [01m[K/opt/ros/humble/include/rclcpp/rclcpp/rclcpp.hpp:155[m[K,
                 from [01m[K/home/fabiocar/fabiocar/src/f1tenth_system/vesc/vesc_ackermann/include/vesc_ackermann/ackermann_to_vesc.hpp:35[m[K,
                 from [01m[K/home/fabiocar/fabiocar/src/f1tenth_system/vesc/vesc_ackermann/src/ackermann_to_vesc.cpp:31[m[K:
[01m[K/opt/ros/humble/include/rclcpp/rclcpp/node.hpp:421:3:[m[K [01;36m[Knote: [m[Kcandidate: ‘[01m[Ktemplate<class ParameterT> auto rclcpp::Node::declare_parameter(const string&, const ParameterT&, const ParameterDescriptor&, bool)[m[K’
  421 |   [01;36m[Kdeclare_parameter[m[K(
      |   [01;36m[K^~~~~~~~~~~~~~~~~[m[K
[01m[K/opt/ros/humble/include/rclcpp/rclcpp/node.hpp:421:3:[m[K [01;36m[Knote: [m[K  template argument deduction/substitution failed:
[01m[K/home/fabiocar/fabiocar/src/f1tenth_system/vesc/vesc_ackermann/src/ackermann_to_vesc.cpp:52:44:[m[K [01;36m[Knote: [m[K  candidate expects 4 arguments, 1 provided
   52 |   speed_to_erpm_offset_ = [01;36m[Kdeclare_parameter("speed_to_erpm_offset")[m[K.get<double>();
      |                           [01;36m[K~~~~~~~~~~~~~~~~~^~~~~~~~~~~~~~~~~~~~~~~~[m[K
In file included from [01m[K/opt/ros/humble/include/rclcpp/rclcpp/executors/single_threaded_executor.hpp:28[m[K,
                 from [01m[K/opt/ros/humble/include/rclcpp/rclcpp/executors.hpp:22[m[K,
                 from [01m[K/opt/ros/humble/include/rclcpp/rclcpp/rclcpp.hpp:155[m[K,
                 from [01m[K/home/fabiocar/fabiocar/src/f1tenth_system/vesc/vesc_ackermann/include/vesc_ackermann/ackermann_to_vesc.hpp:35[m[K,
                 from [01m[K/home/fabiocar/fabiocar/src/f1tenth_system/vesc/vesc_ackermann/src/ackermann_to_vesc.cpp:31[m[K:
[01m[K/opt/ros/humble/include/rclcpp/rclcpp/node.hpp:434:3:[m[K [01;36m[Knote: [m[Kcandidate: ‘[01m[Ktemplate<class ParameterT> auto rclcpp::Node::declare_parameter(const string&, const ParameterDescriptor&, bool)[m[K’
  434 |   [01;36m[Kdeclare_parameter[m[K(
      |   [01;36m[K^~~~~~~~~~~~~~~~~[m[K
[01m[K/opt/ros/humble/include/rclcpp/rclcpp/node.hpp:434:3:[m[K [01;36m[Knote: [m[K  template argument deduction/substitution failed:
[01m[K/home/fabiocar/fabiocar/src/f1tenth_system/vesc/vesc_ackermann/src/ackermann_to_vesc.cpp:52:44:[m[K [01;36m[Knote: [m[K  couldn’t deduce template parameter ‘[01m[KParameterT[m[K’
   52 |   speed_to_erpm_offset_ = [01;36m[Kdeclare_parameter("speed_to_erpm_offset")[m[K.get<double>();
      |                           [01;36m[K~~~~~~~~~~~~~~~~~^~~~~~~~~~~~~~~~~~~~~~~~[m[K
In file included from [01m[K/opt/ros/humble/include/rclcpp/rclcpp/executors/single_threaded_executor.hpp:28[m[K,
                 from [01m[K/opt/ros/humble/include/rclcpp/rclcpp/executors.hpp:22[m[K,
                 from [01m[K/opt/ros/humble/include/rclcpp/rclcpp/rclcpp.hpp:155[m[K,
                 from [01m[K/home/fabiocar/fabiocar/src/f1tenth_system/vesc/vesc_ackermann/include/vesc_ackermann/ackermann_to_vesc.hpp:35[m[K,
                 from [01m[K/home/fabiocar/fabiocar/src/f1tenth_system/vesc/vesc_ackermann/src/ackermann_to_vesc.cpp:31[m[K:
[01m[K/opt/ros/humble/include/rclcpp/rclcpp/node.hpp:366:3:[m[K [01;36m[Knote: [m[Kcandidate: ‘[01m[Kconst rclcpp::ParameterValue& rclcpp::Node::declare_parameter(const string&, const rclcpp::ParameterValue&, const ParameterDescriptor&, bool)[m[K’
  366 |   [01;36m[Kdeclare_parameter[m[K(
      |   [01;36m[K^~~~~~~~~~~~~~~~~[m[K
[01m[K/opt/ros/humble/include/rclcpp/rclcpp/node.hpp:366:3:[m[K [01;36m[Knote: [m[K  candidate expects 4 arguments, 1 provided
[01m[K/opt/ros/humble/include/rclcpp/rclcpp/node.hpp:391:3:[m[K [01;36m[Knote: [m[Kcandidate: ‘[01m[Kconst rclcpp::ParameterValue& rclcpp::Node::declare_parameter(const string&, rclcpp::ParameterType, const ParameterDescriptor&, bool)[m[K’
  391 |   [01;36m[Kdeclare_parameter[m[K(
      |   [01;36m[K^~~~~~~~~~~~~~~~~[m[K
[01m[K/opt/ros/humble/include/rclcpp/rclcpp/node.hpp:391:3:[m[K [01;36m[Knote: [m[K  candidate expects 4 arguments, 1 provided
[01m[K/home/fabiocar/fabiocar/src/f1tenth_system/vesc/vesc_ackermann/src/ackermann_to_vesc.cpp:52:73:[m[K [01;31m[Kerror: [m[Kexpected primary-expression before ‘[01m[Kdouble[m[K’
   52 |   speed_to_erpm_offset_ = declare_parameter("speed_to_erpm_offset").get<[01;31m[Kdouble[m[K>();
      |                                                                         [01;31m[K^~~~~~[m[K
[01m[K/home/fabiocar/fabiocar/src/f1tenth_system/vesc/vesc_ackermann/src/ackermann_to_vesc.cpp:53:46:[m[K [01;31m[Kerror: [m[Kno matching function for call to ‘[01m[Kvesc_ackermann::AckermannToVesc::declare_parameter(const char [29])[m[K’
   53 |   steering_to_servo_gain_ = [01;31m[Kdeclare_parameter("steering_angle_to_servo_gain")[m[K.get<double>();
      |                             [01;31m[K~~~~~~~~~~~~~~~~~^~~~~~~~~~~~~~~~~~~~~~~~~~~~~~~~[m[K
In file included from [01m[K/opt/ros/humble/include/rclcpp/rclcpp/executors/single_threaded_executor.hpp:28[m[K,
                 from [01m[K/opt/ros/humble/include/rclcpp/rclcpp/executors.hpp:22[m[K,
                 from [01m[K/opt/ros/humble/include/rclcpp/rclcpp/rclcpp.hpp:155[m[K,
                 from [01m[K/home/fabiocar/fabiocar/src/f1tenth_system/vesc/vesc_ackermann/include/vesc_ackermann/ackermann_to_vesc.hpp:35[m[K,
                 from [01m[K/home/fabiocar/fabiocar/src/f1tenth_system/vesc/vesc_ackermann/src/ackermann_to_vesc.cpp:31[m[K:
[01m[K/opt/ros/humble/include/rclcpp/rclcpp/node.hpp:421:3:[m[K [01;36m[Knote: [m[Kcandidate: ‘[01m[Ktemplate<class ParameterT> auto rclcpp::Node::declare_parameter(const string&, const ParameterT&, const ParameterDescriptor&, bool)[m[K’
  421 |   [01;36m[Kdeclare_parameter[m[K(
      |   [01;36m[K^~~~~~~~~~~~~~~~~[m[K
[01m[K/opt/ros/humble/include/rclcpp/rclcpp/node.hpp:421:3:[m[K [01;36m[Knote: [m[K  template argument deduction/substitution failed:
[01m[K/home/fabiocar/fabiocar/src/f1tenth_system/vesc/vesc_ackermann/src/ackermann_to_vesc.cpp:53:46:[m[K [01;36m[Knote: [m[K  candidate expects 4 arguments, 1 provided
   53 |   steering_to_servo_gain_ = [01;36m[Kdeclare_parameter("steering_angle_to_servo_gain")[m[K.get<double>();
      |                             [01;36m[K~~~~~~~~~~~~~~~~~^~~~~~~~~~~~~~~~~~~~~~~~~~~~~~~~[m[K
In file included from [01m[K/opt/ros/humble/include/rclcpp/rclcpp/executors/single_threaded_executor.hpp:28[m[K,
                 from [01m[K/opt/ros/humble/include/rclcpp/rclcpp/executors.hpp:22[m[K,
                 from [01m[K/opt/ros/humble/include/rclcpp/rclcpp/rclcpp.hpp:155[m[K,
                 from [01m[K/home/fabiocar/fabiocar/src/f1tenth_system/vesc/vesc_ackermann/include/vesc_ackermann/ackermann_to_vesc.hpp:35[m[K,
                 from [01m[K/home/fabiocar/fabiocar/src/f1tenth_system/vesc/vesc_ackermann/src/ackermann_to_vesc.cpp:31[m[K:
[01m[K/opt/ros/humble/include/rclcpp/rclcpp/node.hpp:434:3:[m[K [01;36m[Knote: [m[Kcandidate: ‘[01m[Ktemplate<class ParameterT> auto rclcpp::Node::declare_parameter(const string&, const ParameterDescriptor&, bool)[m[K’
  434 |   [01;36m[Kdeclare_parameter[m[K(
      |   [01;36m[K^~~~~~~~~~~~~~~~~[m[K
[01m[K/opt/ros/humble/include/rclcpp/rclcpp/node.hpp:434:3:[m[K [01;36m[Knote: [m[K  template argument deduction/substitution failed:
[01m[K/home/fabiocar/fabiocar/src/f1tenth_system/vesc/vesc_ackermann/src/ackermann_to_vesc.cpp:53:46:[m[K [01;36m[Knote: [m[K  couldn’t deduce template parameter ‘[01m[KParameterT[m[K’
   53 |   steering_to_servo_gain_ = [01;36m[Kdeclare_parameter("steering_angle_to_servo_gain")[m[K.get<double>();
      |                             [01;36m[K~~~~~~~~~~~~~~~~~^~~~~~~~~~~~~~~~~~~~~~~~~~~~~~~~[m[K
In file included from [01m[K/opt/ros/humble/include/rclcpp/rclcpp/executors/single_threaded_executor.hpp:28[m[K,
                 from [01m[K/opt/ros/humble/include/rclcpp/rclcpp/executors.hpp:22[m[K,
                 from [01m[K/opt/ros/humble/include/rclcpp/rclcpp/rclcpp.hpp:155[m[K,
                 from [01m[K/home/fabiocar/fabiocar/src/f1tenth_system/vesc/vesc_ackermann/include/vesc_ackermann/ackermann_to_vesc.hpp:35[m[K,
                 from [01m[K/home/fabiocar/fabiocar/src/f1tenth_system/vesc/vesc_ackermann/src/ackermann_to_vesc.cpp:31[m[K:
[01m[K/opt/ros/humble/include/rclcpp/rclcpp/node.hpp:366:3:[m[K [01;36m[Knote: [m[Kcandidate: ‘[01m[Kconst rclcpp::ParameterValue& rclcpp::Node::declare_parameter(const string&, const rclcpp::ParameterValue&, const ParameterDescriptor&, bool)[m[K’
  366 |   [01;36m[Kdeclare_parameter[m[K(
      |   [01;36m[K^~~~~~~~~~~~~~~~~[m[K
[01m[K/opt/ros/humble/include/rclcpp/rclcpp/node.hpp:366:3:[m[K [01;36m[Knote: [m[K  candidate expects 4 arguments, 1 provided
[01m[K/opt/ros/humble/include/rclcpp/rclcpp/node.hpp:391:3:[m[K [01;36m[Knote: [m[Kcandidate: ‘[01m[Kconst rclcpp::ParameterValue& rclcpp::Node::declare_parameter(const string&, rclcpp::ParameterType, const ParameterDescriptor&, bool)[m[K’
  391 |   [01;36m[Kdeclare_parameter[m[K(
      |   [01;36m[K^~~~~~~~~~~~~~~~~[m[K
[01m[K/opt/ros/humble/include/rclcpp/rclcpp/node.hpp:391:3:[m[K [01;36m[Knote: [m[K  candidate expects 4 arguments, 1 provided
[01m[K/home/fabiocar/fabiocar/src/f1tenth_system/vesc/vesc_ackermann/src/ackermann_to_vesc.cpp:53:83:[m[K [01;31m[Kerror: [m[Kexpected primary-expression before ‘[01m[Kdouble[m[K’
   53 |   steering_to_servo_gain_ = declare_parameter("steering_angle_to_servo_gain").get<[01;31m[Kdouble[m[K>();
      |                                                                                   [01;31m[K^~~~~~[m[K
[01m[K/home/fabiocar/fabiocar/src/f1tenth_system/vesc/vesc_ackermann/src/ackermann_to_vesc.cpp:54:48:[m[K [01;31m[Kerror: [m[Kno matching function for call to ‘[01m[Kvesc_ackermann::AckermannToVesc::declare_parameter(const char [31])[m[K’
   54 |   steering_to_servo_offset_ = [01;31m[Kdeclare_parameter("steering_angle_to_servo_offset")[m[K.get<double>();
      |                               [01;31m[K~~~~~~~~~~~~~~~~~^~~~~~~~~~~~~~~~~~~~~~~~~~~~~~~~~~[m[K
In file included from [01m[K/opt/ros/humble/include/rclcpp/rclcpp/executors/single_threaded_executor.hpp:28[m[K,
                 from [01m[K/opt/ros/humble/include/rclcpp/rclcpp/executors.hpp:22[m[K,
                 from [01m[K/opt/ros/humble/include/rclcpp/rclcpp/rclcpp.hpp:155[m[K,
                 from [01m[K/home/fabiocar/fabiocar/src/f1tenth_system/vesc/vesc_ackermann/include/vesc_ackermann/ackermann_to_vesc.hpp:35[m[K,
                 from [01m[K/home/fabiocar/fabiocar/src/f1tenth_system/vesc/vesc_ackermann/src/ackermann_to_vesc.cpp:31[m[K:
[01m[K/opt/ros/humble/include/rclcpp/rclcpp/node.hpp:421:3:[m[K [01;36m[Knote: [m[Kcandidate: ‘[01m[Ktemplate<class ParameterT> auto rclcpp::Node::declare_parameter(const string&, const ParameterT&, const ParameterDescriptor&, bool)[m[K’
  421 |   [01;36m[Kdeclare_parameter[m[K(
      |   [01;36m[K^~~~~~~~~~~~~~~~~[m[K
[01m[K/opt/ros/humble/include/rclcpp/rclcpp/node.hpp:421:3:[m[K [01;36m[Knote: [m[K  template argument deduction/substitution failed:
[01m[K/home/fabiocar/fabiocar/src/f1tenth_system/vesc/vesc_ackermann/src/ackermann_to_vesc.cpp:54:48:[m[K [01;36m[Knote: [m[K  candidate expects 4 arguments, 1 provided
   54 |   steering_to_servo_offset_ = [01;36m[Kdeclare_parameter("steering_angle_to_servo_offset")[m[K.get<double>();
      |                               [01;36m[K~~~~~~~~~~~~~~~~~^~~~~~~~~~~~~~~~~~~~~~~~~~~~~~~~~~[m[K
In file included from [01m[K/opt/ros/humble/include/rclcpp/rclcpp/executors/single_threaded_executor.hpp:28[m[K,
                 from [01m[K/opt/ros/humble/include/rclcpp/rclcpp/executors.hpp:22[m[K,
                 from [01m[K/opt/ros/humble/include/rclcpp/rclcpp/rclcpp.hpp:155[m[K,
                 from [01m[K/home/fabiocar/fabiocar/src/f1tenth_system/vesc/vesc_ackermann/include/vesc_ackermann/ackermann_to_vesc.hpp:35[m[K,
                 from [01m[K/home/fabiocar/fabiocar/src/f1tenth_system/vesc/vesc_ackermann/src/ackermann_to_vesc.cpp:31[m[K:
[01m[K/opt/ros/humble/include/rclcpp/rclcpp/node.hpp:434:3:[m[K [01;36m[Knote: [m[Kcandidate: ‘[01m[Ktemplate<class ParameterT> auto rclcpp::Node::declare_parameter(const string&, const ParameterDescriptor&, bool)[m[K’
  434 |   [01;36m[Kdeclare_parameter[m[K(
      |   [01;36m[K^~~~~~~~~~~~~~~~~[m[K
[01m[K/opt/ros/humble/include/rclcpp/rclcpp/node.hpp:434:3:[m[K [01;36m[Knote: [m[K  template argument deduction/substitution failed:
[01m[K/home/fabiocar/fabiocar/src/f1tenth_system/vesc/vesc_ackermann/src/ackermann_to_vesc.cpp:54:48:[m[K [01;36m[Knote: [m[K  couldn’t deduce template parameter ‘[01m[KParameterT[m[K’
   54 |   steering_to_servo_offset_ = [01;36m[Kdeclare_parameter("steering_angle_to_servo_offset")[m[K.get<double>();
      |                               [01;36m[K~~~~~~~~~~~~~~~~~^~~~~~~~~~~~~~~~~~~~~~~~~~~~~~~~~~[m[K
In file included from [01m[K/opt/ros/humble/include/rclcpp/rclcpp/executors/single_threaded_executor.hpp:28[m[K,
                 from [01m[K/opt/ros/humble/include/rclcpp/rclcpp/executors.hpp:22[m[K,
                 from [01m[K/opt/ros/humble/include/rclcpp/rclcpp/rclcpp.hpp:155[m[K,
                 from [01m[K/home/fabiocar/fabiocar/src/f1tenth_system/vesc/vesc_ackermann/include/vesc_ackermann/ackermann_to_vesc.hpp:35[m[K,
                 from [01m[K/home/fabiocar/fabiocar/src/f1tenth_system/vesc/vesc_ackermann/src/ackermann_to_vesc.cpp:31[m[K:
[01m[K/opt/ros/humble/include/rclcpp/rclcpp/node.hpp:366:3:[m[K [01;36m[Knote: [m[Kcandidate: ‘[01m[Kconst rclcpp::ParameterValue& rclcpp::Node::declare_parameter(const string&, const rclcpp::ParameterValue&, const ParameterDescriptor&, bool)[m[K’
  366 |   [01;36m[Kdeclare_parameter[m[K(
      |   [01;36m[K^~~~~~~~~~~~~~~~~[m[K
[01m[K/opt/ros/humble/include/rclcpp/rclcpp/node.hpp:366:3:[m[K [01;36m[Knote: [m[K  candidate expects 4 arguments, 1 provided
[01m[K/opt/ros/humble/include/rclcpp/rclcpp/node.hpp:391:3:[m[K [01;36m[Knote: [m[Kcandidate: ‘[01m[Kconst rclcpp::ParameterValue& rclcpp::Node::declare_parameter(const string&, rclcpp::ParameterType, const ParameterDescriptor&, bool)[m[K’
  391 |   [01;36m[Kdeclare_parameter[m[K(
      |   [01;36m[K^~~~~~~~~~~~~~~~~[m[K
[01m[K/opt/ros/humble/include/rclcpp/rclcpp/node.hpp:391:3:[m[K [01;36m[Knote: [m[K  candidate expects 4 arguments, 1 provided
[01m[K/home/fabiocar/fabiocar/src/f1tenth_system/vesc/vesc_ackermann/src/ackermann_to_vesc.cpp:54:87:[m[K [01;31m[Kerror: [m[Kexpected primary-expression before ‘[01m[Kdouble[m[K’
   54 |   steering_to_servo_offset_ = declare_parameter("steering_angle_to_servo_offset").get<[01;31m[Kdouble[m[K>();
      |                                                                                       [01;31m[K^~~~~~[m[K
[01m[K/home/fabiocar/fabiocar/src/f1tenth_system/vesc/vesc_ackermann/src/vesc_to_odom.cpp:[m[K In constructor ‘[01m[Kvesc_ackermann::VescToOdom::VescToOdom(const rclcpp::NodeOptions&)[m[K’:
[01m[K/home/fabiocar/fabiocar/src/f1tenth_system/vesc/vesc_ackermann/src/vesc_to_odom.cpp:62:42:[m[K [01;31m[Kerror: [m[Kno matching function for call to ‘[01m[Kvesc_ackermann::VescToOdom::declare_parameter(const char [19])[m[K’
   62 |   speed_to_erpm_gain_ = [01;31m[Kdeclare_parameter("speed_to_erpm_gain")[m[K.get<double>();
      |                         [01;31m[K~~~~~~~~~~~~~~~~~^~~~~~~~~~~~~~~~~~~~~~[m[K
In file included from [01m[K/opt/ros/humble/include/rclcpp/rclcpp/node.hpp:1321[m[K,
                 from [01m[K/opt/ros/humble/include/rclcpp/rclcpp/executors/single_threaded_executor.hpp:28[m[K,
                 from [01m[K/opt/ros/humble/include/rclcpp/rclcpp/executors.hpp:22[m[K,
                 from [01m[K/opt/ros/humble/include/rclcpp/rclcpp/rclcpp.hpp:155[m[K,
                 from [01m[K/home/fabiocar/fabiocar/src/f1tenth_system/vesc/vesc_ackermann/include/vesc_ackermann/vesc_to_odom.hpp:35[m[K,
                 from [01m[K/home/fabiocar/fabiocar/src/f1tenth_system/vesc/vesc_ackermann/src/vesc_to_odom.cpp:31[m[K:
[01m[K/opt/ros/humble/include/rclcpp/rclcpp/node_impl.hpp:195:1:[m[K [01;36m[Knote: [m[Kcandidate: ‘[01m[Ktemplate<class ParameterT> auto rclcpp::Node::declare_parameter(const string&, const ParameterT&, const ParameterDescriptor&, bool)[m[K’
  195 | [01;36m[KNode[m[K::declare_parameter(
      | [01;36m[K^~~~[m[K
[01m[K/opt/ros/humble/include/rclcpp/rclcpp/node_impl.hpp:195:1:[m[K [01;36m[Knote: [m[K  template argument deduction/substitution failed:
[01m[K/home/fabiocar/fabiocar/src/f1tenth_system/vesc/vesc_ackermann/src/vesc_to_odom.cpp:62:42:[m[K [01;36m[Knote: [m[K  candidate expects 4 arguments, 1 provided
   62 |   speed_to_erpm_gain_ = [01;36m[Kdeclare_parameter("speed_to_erpm_gain")[m[K.get<double>();
      |                         [01;36m[K~~~~~~~~~~~~~~~~~^~~~~~~~~~~~~~~~~~~~~~[m[K
In file included from [01m[K/opt/ros/humble/include/rclcpp/rclcpp/executors/single_threaded_executor.hpp:28[m[K,
                 from [01m[K/opt/ros/humble/include/rclcpp/rclcpp/executors.hpp:22[m[K,
                 from [01m[K/opt/ros/humble/include/rclcpp/rclcpp/rclcpp.hpp:155[m[K,
                 from [01m[K/home/fabiocar/fabiocar/src/f1tenth_system/vesc/vesc_ackermann/include/vesc_ackermann/vesc_to_odom.hpp:35[m[K,
                 from [01m[K/home/fabiocar/fabiocar/src/f1tenth_system/vesc/vesc_ackermann/src/vesc_to_odom.cpp:31[m[K:
[01m[K/opt/ros/humble/include/rclcpp/rclcpp/node.hpp:434:3:[m[K [01;36m[Knote: [m[Kcandidate: ‘[01m[Ktemplate<class ParameterT> auto rclcpp::Node::declare_parameter(const string&, const ParameterDescriptor&, bool)[m[K’
  434 |   [01;36m[Kdeclare_parameter[m[K(
      |   [01;36m[K^~~~~~~~~~~~~~~~~[m[K
[01m[K/opt/ros/humble/include/rclcpp/rclcpp/node.hpp:434:3:[m[K [01;36m[Knote: [m[K  template argument deduction/substitution failed:
[01m[K/home/fabiocar/fabiocar/src/f1tenth_system/vesc/vesc_ackermann/src/vesc_to_odom.cpp:62:42:[m[K [01;36m[Knote: [m[K  couldn’t deduce template parameter ‘[01m[KParameterT[m[K’
   62 |   speed_to_erpm_gain_ = [01;36m[Kdeclare_parameter("speed_to_erpm_gain")[m[K.get<double>();
      |                         [01;36m[K~~~~~~~~~~~~~~~~~^~~~~~~~~~~~~~~~~~~~~~[m[K
In file included from [01m[K/opt/ros/humble/include/rclcpp/rclcpp/executors/single_threaded_executor.hpp:28[m[K,
                 from [01m[K/opt/ros/humble/include/rclcpp/rclcpp/executors.hpp:22[m[K,
                 from [01m[K/opt/ros/humble/include/rclcpp/rclcpp/rclcpp.hpp:155[m[K,
                 from [01m[K/home/fabiocar/fabiocar/src/f1tenth_system/vesc/vesc_ackermann/include/vesc_ackermann/vesc_to_odom.hpp:35[m[K,
                 from [01m[K/home/fabiocar/fabiocar/src/f1tenth_system/vesc/vesc_ackermann/src/vesc_to_odom.cpp:31[m[K:
[01m[K/opt/ros/humble/include/rclcpp/rclcpp/node.hpp:366:3:[m[K [01;36m[Knote: [m[Kcandidate: ‘[01m[Kconst rclcpp::ParameterValue& rclcpp::Node::declare_parameter(const string&, const rclcpp::ParameterValue&, const ParameterDescriptor&, bool)[m[K’
  366 |   [01;36m[Kdeclare_parameter[m[K(
      |   [01;36m[K^~~~~~~~~~~~~~~~~[m[K
[01m[K/opt/ros/humble/include/rclcpp/rclcpp/node.hpp:366:3:[m[K [01;36m[Knote: [m[K  candidate expects 4 arguments, 1 provided
[01m[K/opt/ros/humble/include/rclcpp/rclcpp/node.hpp:391:3:[m[K [01;36m[Knote: [m[Kcandidate: ‘[01m[Kconst rclcpp::ParameterValue& rclcpp::Node::declare_parameter(const string&, rclcpp::ParameterType, const ParameterDescriptor&, bool)[m[K’
  391 |   [01;36m[Kdeclare_parameter[m[K(
      |   [01;36m[K^~~~~~~~~~~~~~~~~[m[K
[01m[K/opt/ros/humble/include/rclcpp/rclcpp/node.hpp:391:3:[m[K [01;36m[Knote: [m[K  candidate expects 4 arguments, 1 provided
[01m[K/home/fabiocar/fabiocar/src/f1tenth_system/vesc/vesc_ackermann/src/vesc_to_odom.cpp:62:69:[m[K [01;31m[Kerror: [m[Kexpected primary-expression before ‘[01m[Kdouble[m[K’
   62 |   speed_to_erpm_gain_ = declare_parameter("speed_to_erpm_gain").get<[01;31m[Kdouble[m[K>();
      |                                                                     [01;31m[K^~~~~~[m[K
[01m[K/home/fabiocar/fabiocar/src/f1tenth_system/vesc/vesc_ackermann/src/vesc_to_odom.cpp:63:44:[m[K [01;31m[Kerror: [m[Kno matching function for call to ‘[01m[Kvesc_ackermann::VescToOdom::declare_parameter(const char [21])[m[K’
   63 |   speed_to_erpm_offset_ = [01;31m[Kdeclare_parameter("speed_to_erpm_offset")[m[K.get<double>();
      |                           [01;31m[K~~~~~~~~~~~~~~~~~^~~~~~~~~~~~~~~~~~~~~~~~[m[K
In file included from [01m[K/opt/ros/humble/include/rclcpp/rclcpp/node.hpp:1321[m[K,
                 from [01m[K/opt/ros/humble/include/rclcpp/rclcpp/executors/single_threaded_executor.hpp:28[m[K,
                 from [01m[K/opt/ros/humble/include/rclcpp/rclcpp/executors.hpp:22[m[K,
                 from [01m[K/opt/ros/humble/include/rclcpp/rclcpp/rclcpp.hpp:155[m[K,
                 from [01m[K/home/fabiocar/fabiocar/src/f1tenth_system/vesc/vesc_ackermann/include/vesc_ackermann/vesc_to_odom.hpp:35[m[K,
                 from [01m[K/home/fabiocar/fabiocar/src/f1tenth_system/vesc/vesc_ackermann/src/vesc_to_odom.cpp:31[m[K:
[01m[K/opt/ros/humble/include/rclcpp/rclcpp/node_impl.hpp:195:1:[m[K [01;36m[Knote: [m[Kcandidate: ‘[01m[Ktemplate<class ParameterT> auto rclcpp::Node::declare_parameter(const string&, const ParameterT&, const ParameterDescriptor&, bool)[m[K’
  195 | [01;36m[KNode[m[K::declare_parameter(
      | [01;36m[K^~~~[m[K
[01m[K/opt/ros/humble/include/rclcpp/rclcpp/node_impl.hpp:195:1:[m[K [01;36m[Knote: [m[K  template argument deduction/substitution failed:
[01m[K/home/fabiocar/fabiocar/src/f1tenth_system/vesc/vesc_ackermann/src/vesc_to_odom.cpp:63:44:[m[K [01;36m[Knote: [m[K  candidate expects 4 arguments, 1 provided
   63 |   speed_to_erpm_offset_ = [01;36m[Kdeclare_parameter("speed_to_erpm_offset")[m[K.get<double>();
      |                           [01;36m[K~~~~~~~~~~~~~~~~~^~~~~~~~~~~~~~~~~~~~~~~~[m[K
In file included from [01m[K/opt/ros/humble/include/rclcpp/rclcpp/executors/single_threaded_executor.hpp:28[m[K,
                 from [01m[K/opt/ros/humble/include/rclcpp/rclcpp/executors.hpp:22[m[K,
                 from [01m[K/opt/ros/humble/include/rclcpp/rclcpp/rclcpp.hpp:155[m[K,
                 from [01m[K/home/fabiocar/fabiocar/src/f1tenth_system/vesc/vesc_ackermann/include/vesc_ackermann/vesc_to_odom.hpp:35[m[K,
                 from [01m[K/home/fabiocar/fabiocar/src/f1tenth_system/vesc/vesc_ackermann/src/vesc_to_odom.cpp:31[m[K:
[01m[K/opt/ros/humble/include/rclcpp/rclcpp/node.hpp:434:3:[m[K [01;36m[Knote: [m[Kcandidate: ‘[01m[Ktemplate<class ParameterT> auto rclcpp::Node::declare_parameter(const string&, const ParameterDescriptor&, bool)[m[K’
  434 |   [01;36m[Kdeclare_parameter[m[K(
      |   [01;36m[K^~~~~~~~~~~~~~~~~[m[K
[01m[K/opt/ros/humble/include/rclcpp/rclcpp/node.hpp:434:3:[m[K [01;36m[Knote: [m[K  template argument deduction/substitution failed:
[01m[K/home/fabiocar/fabiocar/src/f1tenth_system/vesc/vesc_ackermann/src/vesc_to_odom.cpp:63:44:[m[K [01;36m[Knote: [m[K  couldn’t deduce template parameter ‘[01m[KParameterT[m[K’
   63 |   speed_to_erpm_offset_ = [01;36m[Kdeclare_parameter("speed_to_erpm_offset")[m[K.get<double>();
      |                           [01;36m[K~~~~~~~~~~~~~~~~~^~~~~~~~~~~~~~~~~~~~~~~~[m[K
In file included from [01m[K/opt/ros/humble/include/rclcpp/rclcpp/executors/single_threaded_executor.hpp:28[m[K,
                 from [01m[K/opt/ros/humble/include/rclcpp/rclcpp/executors.hpp:22[m[K,
                 from [01m[K/opt/ros/humble/include/rclcpp/rclcpp/rclcpp.hpp:155[m[K,
                 from [01m[K/home/fabiocar/fabiocar/src/f1tenth_system/vesc/vesc_ackermann/include/vesc_ackermann/vesc_to_odom.hpp:35[m[K,
                 from [01m[K/home/fabiocar/fabiocar/src/f1tenth_system/vesc/vesc_ackermann/src/vesc_to_odom.cpp:31[m[K:
[01m[K/opt/ros/humble/include/rclcpp/rclcpp/node.hpp:366:3:[m[K [01;36m[Knote: [m[Kcandidate: ‘[01m[Kconst rclcpp::ParameterValue& rclcpp::Node::declare_parameter(const string&, const rclcpp::ParameterValue&, const ParameterDescriptor&, bool)[m[K’
  366 |   [01;36m[Kdeclare_parameter[m[K(
      |   [01;36m[K^~~~~~~~~~~~~~~~~[m[K
[01m[K/opt/ros/humble/include/rclcpp/rclcpp/node.hpp:366:3:[m[K [01;36m[Knote: [m[K  candidate expects 4 arguments, 1 provided
[01m[K/opt/ros/humble/include/rclcpp/rclcpp/node.hpp:391:3:[m[K [01;36m[Knote: [m[Kcandidate: ‘[01m[Kconst rclcpp::ParameterValue& rclcpp::Node::declare_parameter(const string&, rclcpp::ParameterType, const ParameterDescriptor&, bool)[m[K’
  391 |   [01;36m[Kdeclare_parameter[m[K(
      |   [01;36m[K^~~~~~~~~~~~~~~~~[m[K
[01m[K/opt/ros/humble/include/rclcpp/rclcpp/node.hpp:391:3:[m[K [01;36m[Knote: [m[K  candidate expects 4 arguments, 1 provided
[01m[K/home/fabiocar/fabiocar/src/f1tenth_system/vesc/vesc_ackermann/src/vesc_to_odom.cpp:63:73:[m[K [01;31m[Kerror: [m[Kexpected primary-expression before ‘[01m[Kdouble[m[K’
   63 |   speed_to_erpm_offset_ = declare_parameter("speed_to_erpm_offset").get<[01;31m[Kdouble[m[K>();
      |                                                                         [01;31m[K^~~~~~[m[K
[01m[K/home/fabiocar/fabiocar/src/f1tenth_system/vesc/vesc_ackermann/src/vesc_to_odom.cpp:66:48:[m[K [01;31m[Kerror: [m[Kno matching function for call to ‘[01m[Kvesc_ackermann::VescToOdom::declare_parameter(const char [29])[m[K’
   66 |     steering_to_servo_gain_ = [01;31m[Kdeclare_parameter("steering_angle_to_servo_gain")[m[K.get<double>();
      |                               [01;31m[K~~~~~~~~~~~~~~~~~^~~~~~~~~~~~~~~~~~~~~~~~~~~~~~~~[m[K
In file included from [01m[K/opt/ros/humble/include/rclcpp/rclcpp/node.hpp:1321[m[K,
                 from [01m[K/opt/ros/humble/include/rclcpp/rclcpp/executors/single_threaded_executor.hpp:28[m[K,
                 from [01m[K/opt/ros/humble/include/rclcpp/rclcpp/executors.hpp:22[m[K,
                 from [01m[K/opt/ros/humble/include/rclcpp/rclcpp/rclcpp.hpp:155[m[K,
                 from [01m[K/home/fabiocar/fabiocar/src/f1tenth_system/vesc/vesc_ackermann/include/vesc_ackermann/vesc_to_odom.hpp:35[m[K,
                 from [01m[K/home/fabiocar/fabiocar/src/f1tenth_system/vesc/vesc_ackermann/src/vesc_to_odom.cpp:31[m[K:
[01m[K/opt/ros/humble/include/rclcpp/rclcpp/node_impl.hpp:195:1:[m[K [01;36m[Knote: [m[Kcandidate: ‘[01m[Ktemplate<class ParameterT> auto rclcpp::Node::declare_parameter(const string&, const ParameterT&, const ParameterDescriptor&, bool)[m[K’
  195 | [01;36m[KNode[m[K::declare_parameter(
      | [01;36m[K^~~~[m[K
[01m[K/opt/ros/humble/include/rclcpp/rclcpp/node_impl.hpp:195:1:[m[K [01;36m[Knote: [m[K  template argument deduction/substitution failed:
[01m[K/home/fabiocar/fabiocar/src/f1tenth_system/vesc/vesc_ackermann/src/vesc_to_odom.cpp:66:48:[m[K [01;36m[Knote: [m[K  candidate expects 4 arguments, 1 provided
   66 |     steering_to_servo_gain_ = [01;36m[Kdeclare_parameter("steering_angle_to_servo_gain")[m[K.get<double>();
      |                               [01;36m[K~~~~~~~~~~~~~~~~~^~~~~~~~~~~~~~~~~~~~~~~~~~~~~~~~[m[K
In file included from [01m[K/opt/ros/humble/include/rclcpp/rclcpp/executors/single_threaded_executor.hpp:28[m[K,
                 from [01m[K/opt/ros/humble/include/rclcpp/rclcpp/executors.hpp:22[m[K,
                 from [01m[K/opt/ros/humble/include/rclcpp/rclcpp/rclcpp.hpp:155[m[K,
                 from [01m[K/home/fabiocar/fabiocar/src/f1tenth_system/vesc/vesc_ackermann/include/vesc_ackermann/vesc_to_odom.hpp:35[m[K,
                 from [01m[K/home/fabiocar/fabiocar/src/f1tenth_system/vesc/vesc_ackermann/src/vesc_to_odom.cpp:31[m[K:
[01m[K/opt/ros/humble/include/rclcpp/rclcpp/node.hpp:434:3:[m[K [01;36m[Knote: [m[Kcandidate: ‘[01m[Ktemplate<class ParameterT> auto rclcpp::Node::declare_parameter(const string&, const ParameterDescriptor&, bool)[m[K’
  434 |   [01;36m[Kdeclare_parameter[m[K(
      |   [01;36m[K^~~~~~~~~~~~~~~~~[m[K
[01m[K/opt/ros/humble/include/rclcpp/rclcpp/node.hpp:434:3:[m[K [01;36m[Knote: [m[K  template argument deduction/substitution failed:
[01m[K/home/fabiocar/fabiocar/src/f1tenth_system/vesc/vesc_ackermann/src/vesc_to_odom.cpp:66:48:[m[K [01;36m[Knote: [m[K  couldn’t deduce template parameter ‘[01m[KParameterT[m[K’
   66 |     steering_to_servo_gain_ = [01;36m[Kdeclare_parameter("steering_angle_to_servo_gain")[m[K.get<double>();
      |                               [01;36m[K~~~~~~~~~~~~~~~~~^~~~~~~~~~~~~~~~~~~~~~~~~~~~~~~~[m[K
In file included from [01m[K/opt/ros/humble/include/rclcpp/rclcpp/executors/single_threaded_executor.hpp:28[m[K,
                 from [01m[K/opt/ros/humble/include/rclcpp/rclcpp/executors.hpp:22[m[K,
                 from [01m[K/opt/ros/humble/include/rclcpp/rclcpp/rclcpp.hpp:155[m[K,
                 from [01m[K/home/fabiocar/fabiocar/src/f1tenth_system/vesc/vesc_ackermann/include/vesc_ackermann/vesc_to_odom.hpp:35[m[K,
                 from [01m[K/home/fabiocar/fabiocar/src/f1tenth_system/vesc/vesc_ackermann/src/vesc_to_odom.cpp:31[m[K:
[01m[K/opt/ros/humble/include/rclcpp/rclcpp/node.hpp:366:3:[m[K [01;36m[Knote: [m[Kcandidate: ‘[01m[Kconst rclcpp::ParameterValue& rclcpp::Node::declare_parameter(const string&, const rclcpp::ParameterValue&, const ParameterDescriptor&, bool)[m[K’
  366 |   [01;36m[Kdeclare_parameter[m[K(
      |   [01;36m[K^~~~~~~~~~~~~~~~~[m[K
[01m[K/opt/ros/humble/include/rclcpp/rclcpp/node.hpp:366:3:[m[K [01;36m[Knote: [m[K  candidate expects 4 arguments, 1 provided
[01m[K/opt/ros/humble/include/rclcpp/rclcpp/node.hpp:391:3:[m[K [01;36m[Knote: [m[Kcandidate: ‘[01m[Kconst rclcpp::ParameterValue& rclcpp::Node::declare_parameter(const string&, rclcpp::ParameterType, const ParameterDescriptor&, bool)[m[K’
  391 |   [01;36m[Kdeclare_parameter[m[K(
      |   [01;36m[K^~~~~~~~~~~~~~~~~[m[K
[01m[K/opt/ros/humble/include/rclcpp/rclcpp/node.hpp:391:3:[m[K [01;36m[Knote: [m[K  candidate expects 4 arguments, 1 provided
[01m[K/home/fabiocar/fabiocar/src/f1tenth_system/vesc/vesc_ackermann/src/vesc_to_odom.cpp:66:85:[m[K [01;31m[Kerror: [m[Kexpected primary-expression before ‘[01m[Kdouble[m[K’
   66 |     steering_to_servo_gain_ = declare_parameter("steering_angle_to_servo_gain").get<[01;31m[Kdouble[m[K>();
      |                                                                                     [01;31m[K^~~~~~[m[K
[01m[K/home/fabiocar/fabiocar/src/f1tenth_system/vesc/vesc_ackermann/src/vesc_to_odom.cpp:67:50:[m[K [01;31m[Kerror: [m[Kno matching function for call to ‘[01m[Kvesc_ackermann::VescToOdom::declare_parameter(const char [31])[m[K’
   67 |     steering_to_servo_offset_ = [01;31m[Kdeclare_parameter("steering_angle_to_servo_offset")[m[K.get<double>();
      |                                 [01;31m[K~~~~~~~~~~~~~~~~~^~~~~~~~~~~~~~~~~~~~~~~~~~~~~~~~~~[m[K
In file included from [01m[K/opt/ros/humble/include/rclcpp/rclcpp/node.hpp:1321[m[K,
                 from [01m[K/opt/ros/humble/include/rclcpp/rclcpp/executors/single_threaded_executor.hpp:28[m[K,
                 from [01m[K/opt/ros/humble/include/rclcpp/rclcpp/executors.hpp:22[m[K,
                 from [01m[K/opt/ros/humble/include/rclcpp/rclcpp/rclcpp.hpp:155[m[K,
                 from [01m[K/home/fabiocar/fabiocar/src/f1tenth_system/vesc/vesc_ackermann/include/vesc_ackermann/vesc_to_odom.hpp:35[m[K,
                 from [01m[K/home/fabiocar/fabiocar/src/f1tenth_system/vesc/vesc_ackermann/src/vesc_to_odom.cpp:31[m[K:
[01m[K/opt/ros/humble/include/rclcpp/rclcpp/node_impl.hpp:195:1:[m[K [01;36m[Knote: [m[Kcandidate: ‘[01m[Ktemplate<class ParameterT> auto rclcpp::Node::declare_parameter(const string&, const ParameterT&, const ParameterDescriptor&, bool)[m[K’
  195 | [01;36m[KNode[m[K::declare_parameter(
      | [01;36m[K^~~~[m[K
[01m[K/opt/ros/humble/include/rclcpp/rclcpp/node_impl.hpp:195:1:[m[K [01;36m[Knote: [m[K  template argument deduction/substitution failed:
[01m[K/home/fabiocar/fabiocar/src/f1tenth_system/vesc/vesc_ackermann/src/vesc_to_odom.cpp:67:50:[m[K [01;36m[Knote: [m[K  candidate expects 4 arguments, 1 provided
   67 |     steering_to_servo_offset_ = [01;36m[Kdeclare_parameter("steering_angle_to_servo_offset")[m[K.get<double>();
      |                                 [01;36m[K~~~~~~~~~~~~~~~~~^~~~~~~~~~~~~~~~~~~~~~~~~~~~~~~~~~[m[K
In file included from [01m[K/opt/ros/humble/include/rclcpp/rclcpp/executors/single_threaded_executor.hpp:28[m[K,
                 from [01m[K/opt/ros/humble/include/rclcpp/rclcpp/executors.hpp:22[m[K,
                 from [01m[K/opt/ros/humble/include/rclcpp/rclcpp/rclcpp.hpp:155[m[K,
                 from [01m[K/home/fabiocar/fabiocar/src/f1tenth_system/vesc/vesc_ackermann/include/vesc_ackermann/vesc_to_odom.hpp:35[m[K,
                 from [01m[K/home/fabiocar/fabiocar/src/f1tenth_system/vesc/vesc_ackermann/src/vesc_to_odom.cpp:31[m[K:
[01m[K/opt/ros/humble/include/rclcpp/rclcpp/node.hpp:434:3:[m[K [01;36m[Knote: [m[Kcandidate: ‘[01m[Ktemplate<class ParameterT> auto rclcpp::Node::declare_parameter(const string&, const ParameterDescriptor&, bool)[m[K’
  434 |   [01;36m[Kdeclare_parameter[m[K(
      |   [01;36m[K^~~~~~~~~~~~~~~~~[m[K
[01m[K/opt/ros/humble/include/rclcpp/rclcpp/node.hpp:434:3:[m[K [01;36m[Knote: [m[K  template argument deduction/substitution failed:
[01m[K/home/fabiocar/fabiocar/src/f1tenth_system/vesc/vesc_ackermann/src/vesc_to_odom.cpp:67:50:[m[K [01;36m[Knote: [m[K  couldn’t deduce template parameter ‘[01m[KParameterT[m[K’
   67 |     steering_to_servo_offset_ = [01;36m[Kdeclare_parameter("steering_angle_to_servo_offset")[m[K.get<double>();
      |                                 [01;36m[K~~~~~~~~~~~~~~~~~^~~~~~~~~~~~~~~~~~~~~~~~~~~~~~~~~~[m[K
In file included from [01m[K/opt/ros/humble/include/rclcpp/rclcpp/executors/single_threaded_executor.hpp:28[m[K,
                 from [01m[K/opt/ros/humble/include/rclcpp/rclcpp/executors.hpp:22[m[K,
                 from [01m[K/opt/ros/humble/include/rclcpp/rclcpp/rclcpp.hpp:155[m[K,
                 from [01m[K/home/fabiocar/fabiocar/src/f1tenth_system/vesc/vesc_ackermann/include/vesc_ackermann/vesc_to_odom.hpp:35[m[K,
                 from [01m[K/home/fabiocar/fabiocar/src/f1tenth_system/vesc/vesc_ackermann/src/vesc_to_odom.cpp:31[m[K:
[01m[K/opt/ros/humble/include/rclcpp/rclcpp/node.hpp:366:3:[m[K [01;36m[Knote: [m[Kcandidate: ‘[01m[Kconst rclcpp::ParameterValue& rclcpp::Node::declare_parameter(const string&, const rclcpp::ParameterValue&, const ParameterDescriptor&, bool)[m[K’
  366 |   [01;36m[Kdeclare_parameter[m[K(
      |   [01;36m[K^~~~~~~~~~~~~~~~~[m[K
[01m[K/opt/ros/humble/include/rclcpp/rclcpp/node.hpp:366:3:[m[K [01;36m[Knote: [m[K  candidate expects 4 arguments, 1 provided
[01m[K/opt/ros/humble/include/rclcpp/rclcpp/node.hpp:391:3:[m[K [01;36m[Knote: [m[Kcandidate: ‘[01m[Kconst rclcpp::ParameterValue& rclcpp::Node::declare_parameter(const string&, rclcpp::ParameterType, const ParameterDescriptor&, bool)[m[K’
  391 |   [01;36m[Kdeclare_parameter[m[K(
      |   [01;36m[K^~~~~~~~~~~~~~~~~[m[K
[01m[K/opt/ros/humble/include/rclcpp/rclcpp/node.hpp:391:3:[m[K [01;36m[Knote: [m[K  candidate expects 4 arguments, 1 provided
[01m[K/home/fabiocar/fabiocar/src/f1tenth_system/vesc/vesc_ackermann/src/vesc_to_odom.cpp:67:89:[m[K [01;31m[Kerror: [m[Kexpected primary-expression before ‘[01m[Kdouble[m[K’
   67 |     steering_to_servo_offset_ = declare_parameter("steering_angle_to_servo_offset").get<[01;31m[Kdouble[m[K>();
      |                                                                                         [01;31m[K^~~~~~[m[K
[01m[K/home/fabiocar/fabiocar/src/f1tenth_system/vesc/vesc_ackermann/src/vesc_to_odom.cpp:68:35:[m[K [01;31m[Kerror: [m[Kno matching function for call to ‘[01m[Kvesc_ackermann::VescToOdom::declare_parameter(const char [10])[m[K’
   68 |     wheelbase_ = [01;31m[Kdeclare_parameter("wheelbase")[m[K.get<double>();
      |                  [01;31m[K~~~~~~~~~~~~~~~~~^~~~~~~~~~~~~[m[K
In file included from [01m[K/opt/ros/humble/include/rclcpp/rclcpp/node.hpp:1321[m[K,
                 from [01m[K/opt/ros/humble/include/rclcpp/rclcpp/executors/single_threaded_executor.hpp:28[m[K,
                 from [01m[K/opt/ros/humble/include/rclcpp/rclcpp/executors.hpp:22[m[K,
                 from [01m[K/opt/ros/humble/include/rclcpp/rclcpp/rclcpp.hpp:155[m[K,
                 from [01m[K/home/fabiocar/fabiocar/src/f1tenth_system/vesc/vesc_ackermann/include/vesc_ackermann/vesc_to_odom.hpp:35[m[K,
                 from [01m[K/home/fabiocar/fabiocar/src/f1tenth_system/vesc/vesc_ackermann/src/vesc_to_odom.cpp:31[m[K:
[01m[K/opt/ros/humble/include/rclcpp/rclcpp/node_impl.hpp:195:1:[m[K [01;36m[Knote: [m[Kcandidate: ‘[01m[Ktemplate<class ParameterT> auto rclcpp::Node::declare_parameter(const string&, const ParameterT&, const ParameterDescriptor&, bool)[m[K’
  195 | [01;36m[KNode[m[K::declare_parameter(
      | [01;36m[K^~~~[m[K
[01m[K/opt/ros/humble/include/rclcpp/rclcpp/node_impl.hpp:195:1:[m[K [01;36m[Knote: [m[K  template argument deduction/substitution failed:
[01m[K/home/fabiocar/fabiocar/src/f1tenth_system/vesc/vesc_ackermann/src/vesc_to_odom.cpp:68:35:[m[K [01;36m[Knote: [m[K  candidate expects 4 arguments, 1 provided
   68 |     wheelbase_ = [01;36m[Kdeclare_parameter("wheelbase")[m[K.get<double>();
      |                  [01;36m[K~~~~~~~~~~~~~~~~~^~~~~~~~~~~~~[m[K
In file included from [01m[K/opt/ros/humble/include/rclcpp/rclcpp/executors/single_threaded_executor.hpp:28[m[K,
                 from [01m[K/opt/ros/humble/include/rclcpp/rclcpp/executors.hpp:22[m[K,
                 from [01m[K/opt/ros/humble/include/rclcpp/rclcpp/rclcpp.hpp:155[m[K,
                 from [01m[K/home/fabiocar/fabiocar/src/f1tenth_system/vesc/vesc_ackermann/include/vesc_ackermann/vesc_to_odom.hpp:35[m[K,
                 from [01m[K/home/fabiocar/fabiocar/src/f1tenth_system/vesc/vesc_ackermann/src/vesc_to_odom.cpp:31[m[K:
[01m[K/opt/ros/humble/include/rclcpp/rclcpp/node.hpp:434:3:[m[K [01;36m[Knote: [m[Kcandidate: ‘[01m[Ktemplate<class ParameterT> auto rclcpp::Node::declare_parameter(const string&, const ParameterDescriptor&, bool)[m[K’
  434 |   [01;36m[Kdeclare_parameter[m[K(
      |   [01;36m[K^~~~~~~~~~~~~~~~~[m[K
[01m[K/opt/ros/humble/include/rclcpp/rclcpp/node.hpp:434:3:[m[K [01;36m[Knote: [m[K  template argument deduction/substitution failed:
[01m[K/home/fabiocar/fabiocar/src/f1tenth_system/vesc/vesc_ackermann/src/vesc_to_odom.cpp:68:35:[m[K [01;36m[Knote: [m[K  couldn’t deduce template parameter ‘[01m[KParameterT[m[K’
   68 |     wheelbase_ = [01;36m[Kdeclare_parameter("wheelbase")[m[K.get<double>();
      |                  [01;36m[K~~~~~~~~~~~~~~~~~^~~~~~~~~~~~~[m[K
In file included from [01m[K/opt/ros/humble/include/rclcpp/rclcpp/executors/single_threaded_executor.hpp:28[m[K,
                 from [01m[K/opt/ros/humble/include/rclcpp/rclcpp/executors.hpp:22[m[K,
                 from [01m[K/opt/ros/humble/include/rclcpp/rclcpp/rclcpp.hpp:155[m[K,
                 from [01m[K/home/fabiocar/fabiocar/src/f1tenth_system/vesc/vesc_ackermann/include/vesc_ackermann/vesc_to_odom.hpp:35[m[K,
                 from [01m[K/home/fabiocar/fabiocar/src/f1tenth_system/vesc/vesc_ackermann/src/vesc_to_odom.cpp:31[m[K:
[01m[K/opt/ros/humble/include/rclcpp/rclcpp/node.hpp:366:3:[m[K [01;36m[Knote: [m[Kcandidate: ‘[01m[Kconst rclcpp::ParameterValue& rclcpp::Node::declare_parameter(const string&, const rclcpp::ParameterValue&, const ParameterDescriptor&, bool)[m[K’
  366 |   [01;36m[Kdeclare_parameter[m[K(
      |   [01;36m[K^~~~~~~~~~~~~~~~~[m[K
[01m[K/opt/ros/humble/include/rclcpp/rclcpp/node.hpp:366:3:[m[K [01;36m[Knote: [m[K  candidate expects 4 arguments, 1 provided
[01m[K/opt/ros/humble/include/rclcpp/rclcpp/node.hpp:391:3:[m[K [01;36m[Knote: [m[Kcandidate: ‘[01m[Kconst rclcpp::ParameterValue& rclcpp::Node::declare_parameter(const string&, rclcpp::ParameterType, const ParameterDescriptor&, bool)[m[K’
  391 |   [01;36m[Kdeclare_parameter[m[K(
      |   [01;36m[K^~~~~~~~~~~~~~~~~[m[K
[01m[K/opt/ros/humble/include/rclcpp/rclcpp/node.hpp:391:3:[m[K [01;36m[Knote: [m[K  candidate expects 4 arguments, 1 provided
[01m[K/home/fabiocar/fabiocar/src/f1tenth_system/vesc/vesc_ackermann/src/vesc_to_odom.cpp:68:53:[m[K [01;31m[Kerror: [m[Kexpected primary-expression before ‘[01m[Kdouble[m[K’
   68 |     wheelbase_ = declare_parameter("wheelbase").get<[01;31m[Kdouble[m[K>();
      |                                                     [01;31m[K^~~~~~[m[K
[01m[K/home/fabiocar/fabiocar/src/f1tenth_system/vesc/vesc_ackermann/src/vesc_to_odom.cpp:87:95:[m[K [01;31m[Kerror: [m[Kno match for ‘[01m[Koperator=[m[K’ (operand types are ‘[01m[Krclcpp::Subscription<std_msgs::msg::Float64_<std::allocator<void> > >::SharedPtr[m[K’ {aka ‘[01m[Kstd::shared_ptr<rclcpp::Subscription<std_msgs::msg::Float64_<std::allocator<void> > > >[m[K’} and ‘[01m[Kstd::shared_ptr<rclcpp::Subscription<vesc_msgs::msg::VescStateStamped_<std::allocator<void> > > >[m[K’)
   87 |       "sensors/servo_position_command", 10, std::bind(&VescToOdom::servoCmdCallback, this, _1)[01;31m[K)[m[K;
      |                                                                                               [01;31m[K^[m[K
In file included from [01m[K/usr/include/c++/11/memory:77[m[K,
                 from [01m[K/opt/ros/humble/include/nav_msgs/nav_msgs/msg/detail/odometry__struct.hpp:11[m[K,
                 from [01m[K/opt/ros/humble/include/nav_msgs/nav_msgs/msg/odometry.hpp:7[m[K,
                 from [01m[K/home/fabiocar/fabiocar/src/f1tenth_system/vesc/vesc_ackermann/include/vesc_ackermann/vesc_to_odom.hpp:34[m[K,
                 from [01m[K/home/fabiocar/fabiocar/src/f1tenth_system/vesc/vesc_ackermann/src/vesc_to_odom.cpp:31[m[K:
[01m[K/usr/include/c++/11/bits/shared_ptr.h:363:9:[m[K [01;36m[Knote: [m[Kcandidate: ‘[01m[Ktemplate<class _Yp> std::shared_ptr<_Tp>::_Assignable<const std::shared_ptr<_Yp>&> std::shared_ptr<_Tp>::operator=(const std::shared_ptr<_Yp>&) [with _Yp = _Yp; _Tp = rclcpp::Subscription<std_msgs::msg::Float64_<std::allocator<void> > >][m[K’
  363 |         [01;36m[Koperator[m[K=(const shared_ptr<_Yp>& __r) noexcept
      |         [01;36m[K^~~~~~~~[m[K
[01m[K/usr/include/c++/11/bits/shared_ptr.h:363:9:[m[K [01;36m[Knote: [m[K  template argument deduction/substitution failed:
/usr/include/c++/11/bits/shared_ptr.h: In substitution of ‘[01m[Ktemplate<class _Tp> template<class _Arg> using _Assignable = typename std::enable_if<std::is_assignable<std::__shared_ptr<_Tp>&, _Arg>::value, std::shared_ptr<_Tp>&>::type [with _Arg = const std::shared_ptr<rclcpp::Subscription<vesc_msgs::msg::VescStateStamped_<std::allocator<void> > > >&; _Tp = rclcpp::Subscription<std_msgs::msg::Float64_<std::allocator<void> > >][m[K’:
[01m[K/usr/include/c++/11/bits/shared_ptr.h:363:2:[m[K   required by substitution of ‘[01m[Ktemplate<class _Yp> std::shared_ptr<rclcpp::Subscription<std_msgs::msg::Float64_<std::allocator<void> > > >::_Assignable<const std::shared_ptr<_Tp>&> std::shared_ptr<rclcpp::Subscription<std_msgs::msg::Float64_<std::allocator<void> > > >::operator=<_Yp>(const std::shared_ptr<_Tp>&) [with _Yp = rclcpp::Subscription<vesc_msgs::msg::VescStateStamped_<std::allocator<void> > >][m[K’
[01m[K/home/fabiocar/fabiocar/src/f1tenth_system/vesc/vesc_ackermann/src/vesc_to_odom.cpp:87:95:[m[K   required from here
[01m[K/usr/include/c++/11/bits/shared_ptr.h:130:15:[m[K [01;31m[Kerror: [m[Kno type named ‘[01m[Ktype[m[K’ in ‘[01m[Kstruct std::enable_if<false, std::shared_ptr<rclcpp::Subscription<std_msgs::msg::Float64_<std::allocator<void> > > >&>[m[K’
  130 |         using [01;31m[K_Assignable[m[K = typename enable_if<
      |               [01;31m[K^~~~~~~~~~~[m[K
[01m[K/usr/include/c++/11/bits/shared_ptr.h:374:9:[m[K [01;36m[Knote: [m[Kcandidate: ‘[01m[Ktemplate<class _Yp> std::shared_ptr<_Tp>::_Assignable<std::auto_ptr<_Up> > std::shared_ptr<_Tp>::operator=(std::auto_ptr<_Up>&&) [with _Yp = _Yp; _Tp = rclcpp::Subscription<std_msgs::msg::Float64_<std::allocator<void> > >][m[K’
  374 |         [01;36m[Koperator[m[K=(auto_ptr<_Yp>&& __r)
      |         [01;36m[K^~~~~~~~[m[K
[01m[K/usr/include/c++/11/bits/shared_ptr.h:374:9:[m[K [01;36m[Knote: [m[K  template argument deduction/substitution failed:
[01m[K/home/fabiocar/fabiocar/src/f1tenth_system/vesc/vesc_ackermann/src/vesc_to_odom.cpp:87:95:[m[K [01;36m[Knote: [m[K  ‘[01m[Kstd::shared_ptr<rclcpp::Subscription<vesc_msgs::msg::VescStateStamped_<std::allocator<void> > > >[m[K’ is not derived from ‘[01m[Kstd::auto_ptr<_Up>[m[K’
   87 |       "sensors/servo_position_command", 10, std::bind(&VescToOdom::servoCmdCallback, this, _1)[01;36m[K)[m[K;
      |                                                                                               [01;36m[K^[m[K
In file included from [01m[K/usr/include/c++/11/memory:77[m[K,
                 from [01m[K/opt/ros/humble/include/nav_msgs/nav_msgs/msg/detail/odometry__struct.hpp:11[m[K,
                 from [01m[K/opt/ros/humble/include/nav_msgs/nav_msgs/msg/odometry.hpp:7[m[K,
                 from [01m[K/home/fabiocar/fabiocar/src/f1tenth_system/vesc/vesc_ackermann/include/vesc_ackermann/vesc_to_odom.hpp:34[m[K,
                 from [01m[K/home/fabiocar/fabiocar/src/f1tenth_system/vesc/vesc_ackermann/src/vesc_to_odom.cpp:31[m[K:
[01m[K/usr/include/c++/11/bits/shared_ptr.h:391:9:[m[K [01;36m[Knote: [m[Kcandidate: ‘[01m[Ktemplate<class _Yp> std::shared_ptr<_Tp>::_Assignable<std::shared_ptr<_Yp> > std::shared_ptr<_Tp>::operator=(std::shared_ptr<_Yp>&&) [with _Yp = _Yp; _Tp = rclcpp::Subscription<std_msgs::msg::Float64_<std::allocator<void> > >][m[K’
  391 |         [01;36m[Koperator[m[K=(shared_ptr<_Yp>&& __r) noexcept
      |         [01;36m[K^~~~~~~~[m[K
[01m[K/usr/include/c++/11/bits/shared_ptr.h:391:9:[m[K [01;36m[Knote: [m[K  template argument deduction/substitution failed:
/usr/include/c++/11/bits/shared_ptr.h: In substitution of ‘[01m[Ktemplate<class _Tp> template<class _Arg> using _Assignable = typename std::enable_if<std::is_assignable<std::__shared_ptr<_Tp>&, _Arg>::value, std::shared_ptr<_Tp>&>::type [with _Arg = std::shared_ptr<rclcpp::Subscription<vesc_msgs::msg::VescStateStamped_<std::allocator<void> > > >; _Tp = rclcpp::Subscription<std_msgs::msg::Float64_<std::allocator<void> > >][m[K’:
[01m[K/usr/include/c++/11/bits/shared_ptr.h:391:2:[m[K   required by substitution of ‘[01m[Ktemplate<class _Yp> std::shared_ptr<rclcpp::Subscription<std_msgs::msg::Float64_<std::allocator<void> > > >::_Assignable<std::shared_ptr<_Tp> > std::shared_ptr<rclcpp::Subscription<std_msgs::msg::Float64_<std::allocator<void> > > >::operator=<_Yp>(std::shared_ptr<_Tp>&&) [with _Yp = rclcpp::Subscription<vesc_msgs::msg::VescStateStamped_<std::allocator<void> > >][m[K’
[01m[K/home/fabiocar/fabiocar/src/f1tenth_system/vesc/vesc_ackermann/src/vesc_to_odom.cpp:87:95:[m[K   required from here
[01m[K/usr/include/c++/11/bits/shared_ptr.h:130:15:[m[K [01;31m[Kerror: [m[Kno type named ‘[01m[Ktype[m[K’ in ‘[01m[Kstruct std::enable_if<false, std::shared_ptr<rclcpp::Subscription<std_msgs::msg::Float64_<std::allocator<void> > > >&>[m[K’
  130 |         using [01;31m[K_Assignable[m[K = typename enable_if<
      |               [01;31m[K^~~~~~~~~~~[m[K
[01m[K/usr/include/c++/11/bits/shared_ptr.h:399:9:[m[K [01;36m[Knote: [m[Kcandidate: ‘[01m[Ktemplate<class _Yp, class _Del> std::shared_ptr<_Tp>::_Assignable<std::unique_ptr<_Up, _Ep> > std::shared_ptr<_Tp>::operator=(std::unique_ptr<_Up, _Ep>&&) [with _Yp = _Yp; _Del = _Del; _Tp = rclcpp::Subscription<std_msgs::msg::Float64_<std::allocator<void> > >][m[K’
  399 |         [01;36m[Koperator[m[K=(unique_ptr<_Yp, _Del>&& __r)
      |         [01;36m[K^~~~~~~~[m[K
[01m[K/usr/include/c++/11/bits/shared_ptr.h:399:9:[m[K [01;36m[Knote: [m[K  template argument deduction/substitution failed:
[01m[K/home/fabiocar/fabiocar/src/f1tenth_system/vesc/vesc_ackermann/src/vesc_to_odom.cpp:87:95:[m[K [01;36m[Knote: [m[K  ‘[01m[Kstd::shared_ptr<rclcpp::Subscription<vesc_msgs::msg::VescStateStamped_<std::allocator<void> > > >[m[K’ is not derived from ‘[01m[Kstd::unique_ptr<_Tp, _Dp>[m[K’
   87 |       "sensors/servo_position_command", 10, std::bind(&VescToOdom::servoCmdCallback, this, _1)[01;36m[K)[m[K;
      |                                                                                               [01;36m[K^[m[K
In file included from [01m[K/usr/include/c++/11/memory:77[m[K,
                 from [01m[K/opt/ros/humble/include/nav_msgs/nav_msgs/msg/detail/odometry__struct.hpp:11[m[K,
                 from [01m[K/opt/ros/humble/include/nav_msgs/nav_msgs/msg/odometry.hpp:7[m[K,
                 from [01m[K/home/fabiocar/fabiocar/src/f1tenth_system/vesc/vesc_ackermann/include/vesc_ackermann/vesc_to_odom.hpp:34[m[K,
                 from [01m[K/home/fabiocar/fabiocar/src/f1tenth_system/vesc/vesc_ackermann/src/vesc_to_odom.cpp:31[m[K:
[01m[K/usr/include/c++/11/bits/shared_ptr.h:359:19:[m[K [01;36m[Knote: [m[Kcandidate: ‘[01m[Kstd::shared_ptr<_Tp>& std::shared_ptr<_Tp>::operator=(const std::shared_ptr<_Tp>&) [with _Tp = rclcpp::Subscription<std_msgs::msg::Float64_<std::allocator<void> > >][m[K’
  359 |       shared_ptr& [01;36m[Koperator[m[K=(const shared_ptr&) noexcept = default;
      |                   [01;36m[K^~~~~~~~[m[K
[01m[K/usr/include/c++/11/bits/shared_ptr.h:359:29:[m[K [01;36m[Knote: [m[K  no known conversion for argument 1 from ‘[01m[Kstd::shared_ptr<rclcpp::Subscription<vesc_msgs::msg::VescStateStamped_<std::allocator<void> > > >[m[K’ to ‘[01m[Kconst std::shared_ptr<rclcpp::Subscription<std_msgs::msg::Float64_<std::allocator<void> > > >&[m[K’
  359 |       shared_ptr& operator=([01;36m[Kconst shared_ptr&[m[K) noexcept = default;
      |                             [01;36m[K^~~~~~~~~~~~~~~~~[m[K
[01m[K/usr/include/c++/11/bits/shared_ptr.h:383:7:[m[K [01;36m[Knote: [m[Kcandidate: ‘[01m[Kstd::shared_ptr<_Tp>& std::shared_ptr<_Tp>::operator=(std::shared_ptr<_Tp>&&) [with _Tp = rclcpp::Subscription<std_msgs::msg::Float64_<std::allocator<void> > >][m[K’
  383 |       [01;36m[Koperator[m[K=(shared_ptr&& __r) noexcept
      |       [01;36m[K^~~~~~~~[m[K
[01m[K/usr/include/c++/11/bits/shared_ptr.h:383:30:[m[K [01;36m[Knote: [m[K  no known conversion for argument 1 from ‘[01m[Kstd::shared_ptr<rclcpp::Subscription<vesc_msgs::msg::VescStateStamped_<std::allocator<void> > > >[m[K’ to ‘[01m[Kstd::shared_ptr<rclcpp::Subscription<std_msgs::msg::Float64_<std::allocator<void> > > >&&[m[K’
  383 |       operator=([01;36m[Kshared_ptr&& __r[m[K) noexcept
      |                 [01;36m[K~~~~~~~~~~~~~^~~[m[K
In file included from [01m[K/opt/ros/humble/include/rclcpp/rclcpp/subscription_base.hpp:32[m[K,
                 from [01m[K/opt/ros/humble/include/rclcpp/rclcpp/callback_group.hpp:29[m[K,
                 from [01m[K/opt/ros/humble/include/rclcpp/rclcpp/any_executable.hpp:20[m[K,
                 from [01m[K/opt/ros/humble/include/rclcpp/rclcpp/memory_strategy.hpp:25[m[K,
                 from [01m[K/opt/ros/humble/include/rclcpp/rclcpp/memory_strategies.hpp:18[m[K,
                 from [01m[K/opt/ros/humble/include/rclcpp/rclcpp/executor_options.hpp:20[m[K,
                 from [01m[K/opt/ros/humble/include/rclcpp/rclcpp/executor.hpp:37[m[K,
                 from [01m[K/opt/ros/humble/include/rclcpp/rclcpp/executors/multi_threaded_executor.hpp:25[m[K,
                 from [01m[K/opt/ros/humble/include/rclcpp/rclcpp/executors.hpp:21[m[K,
                 from [01m[K/opt/ros/humble/include/rclcpp/rclcpp/rclcpp.hpp:155[m[K,
                 from [01m[K/home/fabiocar/fabiocar/src/f1tenth_system/vesc/vesc_ackermann/include/vesc_ackermann/vesc_to_odom.hpp:35[m[K,
                 from [01m[K/home/fabiocar/fabiocar/src/f1tenth_system/vesc/vesc_ackermann/src/vesc_to_odom.cpp:31[m[K:
/opt/ros/humble/include/rclcpp/rclcpp/any_subscription_callback.hpp: In instantiation of ‘[01m[Krclcpp::AnySubscriptionCallback<MessageT, AllocatorT> rclcpp::AnySubscriptionCallback<MessageT, AllocatorT>::set(CallbackT) [with CallbackT = std::_Bind<void (vesc_ackermann::VescToOdom::*(vesc_ackermann::VescToOdom*, std::_Placeholder<1>))(std::shared_ptr<std_msgs::msg::Float64_<std::allocator<void> > >)>; MessageT = vesc_msgs::msg::VescStateStamped_<std::allocator<void> >; AllocatorT = std::allocator<void>][m[K’:
[01m[K/opt/ros/humble/include/rclcpp/rclcpp/subscription_factory.hpp:94:32:[m[K   required from ‘[01m[Krclcpp::SubscriptionFactory rclcpp::create_subscription_factory(CallbackT&&, const rclcpp::SubscriptionOptionsWithAllocator<AllocatorT>&, typename MessageMemoryStrategyT::SharedPtr, std::shared_ptr<rclcpp::topic_statistics::SubscriptionTopicStatistics<ROSMessageType> >) [with MessageT = vesc_msgs::msg::VescStateStamped_<std::allocator<void> >; CallbackT = std::_Bind<void (vesc_ackermann::VescToOdom::*(vesc_ackermann::VescToOdom*, std::_Placeholder<1>))(std::shared_ptr<std_msgs::msg::Float64_<std::allocator<void> > >)>; AllocatorT = std::allocator<void>; SubscriptionT = rclcpp::Subscription<vesc_msgs::msg::VescStateStamped_<std::allocator<void> > >; MessageMemoryStrategyT = rclcpp::message_memory_strategy::MessageMemoryStrategy<vesc_msgs::msg::VescStateStamped_<std::allocator<void> >, std::allocator<void> >; ROSMessageType = vesc_msgs::msg::VescStateStamped_<std::allocator<void> >; typename MessageMemoryStrategyT::SharedPtr = std::shared_ptr<rclcpp::message_memory_strategy::MessageMemoryStrategy<vesc_msgs::msg::VescStateStamped_<std::allocator<void> >, std::allocator<void> > >][m[K’
[01m[K/opt/ros/humble/include/rclcpp/rclcpp/create_subscription.hpp:122:63:[m[K   required from ‘[01m[Kstd::shared_ptr<ROSMessageT> rclcpp::detail::create_subscription(NodeParametersT&, NodeTopicsT&, const string&, const rclcpp::QoS&, CallbackT&&, const rclcpp::SubscriptionOptionsWithAllocator<AllocatorT>&, typename MessageMemoryStrategyT::SharedPtr) [with MessageT = vesc_msgs::msg::VescStateStamped_<std::allocator<void> >; CallbackT = std::_Bind<void (vesc_ackermann::VescToOdom::*(vesc_ackermann::VescToOdom*, std::_Placeholder<1>))(std::shared_ptr<std_msgs::msg::Float64_<std::allocator<void> > >)>; AllocatorT = std::allocator<void>; SubscriptionT = rclcpp::Subscription<vesc_msgs::msg::VescStateStamped_<std::allocator<void> > >; MessageMemoryStrategyT = rclcpp::message_memory_strategy::MessageMemoryStrategy<vesc_msgs::msg::VescStateStamped_<std::allocator<void> >, std::allocator<void> >; NodeParametersT = rclcpp::Node; NodeTopicsT = rclcpp::Node; ROSMessageType = vesc_msgs::msg::VescStateStamped_<std::allocator<void> >; std::string = std::__cxx11::basic_string<char>; typename MessageMemoryStrategyT::SharedPtr = std::shared_ptr<rclcpp::message_memory_strategy::MessageMemoryStrategy<vesc_msgs::msg::VescStateStamped_<std::allocator<void> >, std::allocator<void> > >][m[K’
[01m[K/opt/ros/humble/include/rclcpp/rclcpp/create_subscription.hpp:191:76:[m[K   required from ‘[01m[Kstd::shared_ptr<ROSMessageT> rclcpp::create_subscription(NodeT&, const string&, const rclcpp::QoS&, CallbackT&&, const rclcpp::SubscriptionOptionsWithAllocator<AllocatorT>&, typename MessageMemoryStrategyT::SharedPtr) [with MessageT = vesc_msgs::msg::VescStateStamped_<std::allocator<void> >; CallbackT = std::_Bind<void (vesc_ackermann::VescToOdom::*(vesc_ackermann::VescToOdom*, std::_Placeholder<1>))(std::shared_ptr<std_msgs::msg::Float64_<std::allocator<void> > >)>; AllocatorT = std::allocator<void>; SubscriptionT = rclcpp::Subscription<vesc_msgs::msg::VescStateStamped_<std::allocator<void> > >; MessageMemoryStrategyT = rclcpp::message_memory_strategy::MessageMemoryStrategy<vesc_msgs::msg::VescStateStamped_<std::allocator<void> >, std::allocator<void> >; NodeT = rclcpp::Node; std::string = std::__cxx11::basic_string<char>; typename MessageMemoryStrategyT::SharedPtr = std::shared_ptr<rclcpp::message_memory_strategy::MessageMemoryStrategy<vesc_msgs::msg::VescStateStamped_<std::allocator<void> >, std::allocator<void> > >][m[K’
[01m[K/opt/ros/humble/include/rclcpp/rclcpp/node_impl.hpp:99:47:[m[K   required from ‘[01m[Kstd::shared_ptr<ROSMessageT> rclcpp::Node::create_subscription(const string&, const rclcpp::QoS&, CallbackT&&, const rclcpp::SubscriptionOptionsWithAllocator<AllocatorT>&, typename MessageMemoryStrategyT::SharedPtr) [with MessageT = vesc_msgs::msg::VescStateStamped_<std::allocator<void> >; CallbackT = std::_Bind<void (vesc_ackermann::VescToOdom::*(vesc_ackermann::VescToOdom*, std::_Placeholder<1>))(std::shared_ptr<std_msgs::msg::Float64_<std::allocator<void> > >)>; AllocatorT = std::allocator<void>; SubscriptionT = rclcpp::Subscription<vesc_msgs::msg::VescStateStamped_<std::allocator<void> > >; MessageMemoryStrategyT = rclcpp::message_memory_strategy::MessageMemoryStrategy<vesc_msgs::msg::VescStateStamped_<std::allocator<void> >, std::allocator<void> >; std::string = std::__cxx11::basic_string<char>; typename MessageMemoryStrategyT::SharedPtr = std::shared_ptr<rclcpp::message_memory_strategy::MessageMemoryStrategy<vesc_msgs::msg::VescStateStamped_<std::allocator<void> >, std::allocator<void> > >][m[K’
[01m[K/home/fabiocar/fabiocar/src/f1tenth_system/vesc/vesc_ackermann/src/vesc_to_odom.cpp:86:55:[m[K   required from here
[01m[K/opt/ros/humble/include/rclcpp/rclcpp/any_subscription_callback.hpp:394:25:[m[K [01;31m[Kerror: [m[Kno match for ‘[01m[Koperator=[m[K’ (operand types are ‘[01m[Krclcpp::detail::AnySubscriptionCallbackHelper<vesc_msgs::msg::VescStateStamped_<std::allocator<void> >, std::allocator<void>, false>::variant_type[m[K’ {aka ‘[01m[Kstd::variant<std::function<void(const vesc_msgs::msg::VescStateStamped_<std::allocator<void> >&)>, std::function<void(const vesc_msgs::msg::VescStateStamped_<std::allocator<void> >&, const rclcpp::MessageInfo&)>, std::function<void(const rclcpp::SerializedMessage&)>, std::function<void(const rclcpp::SerializedMessage&, const rclcpp::MessageInfo&)>, std::function<void(std::unique_ptr<vesc_msgs::msg::VescStateStamped_<std::allocator<void> >, std::default_delete<vesc_msgs::msg::VescStateStamped_<std::allocator<void> > > >)>, std::function<void(std::unique_ptr<vesc_msgs::msg::VescStateStamped_<std::allocator<void> >, std::default_delete<vesc_msgs::msg::VescStateStamped_<std::allocator<void> > > >, const rclcpp::MessageInfo&)>, std::function<void(std::unique_ptr<rclcpp::SerializedMessage, std::default_delete<rclcpp::SerializedMessage> >)>, std::function<void(std::unique_ptr<rclcpp::SerializedMessage, std::default_delete<rclcpp::SerializedMessage> >, const rclcpp::MessageInfo&)>, std::function<void(std::shared_ptr<const vesc_msgs::msg::VescStateStamped_<std::allocator<void> > >)>, std::function<void(std::shared_ptr<const vesc_msgs::msg::VescStateStamped_<std::allocator<void> > >, const rclcpp::MessageInfo&)>, std::function<void(std::shared_ptr<const rclcpp::SerializedMessage>)>, std::function<void(std::shared_ptr<const rclcpp::SerializedMessage>, const rclcpp::MessageInfo&)>, std::function<void(const std::shared_ptr<const vesc_msgs::msg::VescStateStamped_<std::allocator<void> > >&)>, std::function<void(const std::shared_ptr<const vesc_msgs::msg::VescStateStamped_<std::allocator<void> > >&, const rclcpp::MessageInfo&)>, std::function<void(const std::shared_ptr<const rclcpp::SerializedMessage>&)>, std::function<void(const std::shared_ptr<const rclcpp::SerializedMessage>&, const rclcpp::MessageInfo&)>, std::function<void(std::shared_ptr<vesc_msgs::msg::VescStateStamped_<std::allocator<void> > >)>, std::function<void(std::shared_ptr<vesc_msgs::msg::VescStateStamped_<std::allocator<void> > >, const rclcpp::MessageInfo&)>, std::function<void(std::shared_ptr<rclcpp::SerializedMessage>)>, std::function<void(std::shared_ptr<rclcpp::SerializedMessage>, const rclcpp::MessageInfo&)> >[m[K’} and ‘[01m[Krclcpp::detail::SubscriptionCallbackTypeHelper<vesc_msgs::msg::VescStateStamped_<std::allocator<void> >, std::_Bind<void (vesc_ackermann::VescToOdom::*(vesc_ackermann::VescToOdom*, std::_Placeholder<1>))(std::shared_ptr<std_msgs::msg::Float64_<std::allocator<void> > >)>, void>::callback_type[m[K’ {aka ‘[01m[Kstd::function<void(std::shared_ptr<std_msgs::msg::Float64_<std::allocator<void> > >)>[m[K’})
  394 |       [01;31m[Kcallback_variant_ = static_cast<typename scbth::callback_type>(callback)[m[K;
      |       [01;31m[K~~~~~~~~~~~~~~~~~~^~~~~~~~~~~~~~~~~~~~~~~~~~~~~~~~~~~~~~~~~~~~~~~~~~~~~~[m[K
In file included from [01m[K/opt/ros/humble/include/rclcpp/rclcpp/client.hpp:28[m[K,
                 from [01m[K/opt/ros/humble/include/rclcpp/rclcpp/callback_group.hpp:24[m[K,
                 from [01m[K/opt/ros/humble/include/rclcpp/rclcpp/any_executable.hpp:20[m[K,
                 from [01m[K/opt/ros/humble/include/rclcpp/rclcpp/memory_strategy.hpp:25[m[K,
                 from [01m[K/opt/ros/humble/include/rclcpp/rclcpp/memory_strategies.hpp:18[m[K,
                 from [01m[K/opt/ros/humble/include/rclcpp/rclcpp/executor_options.hpp:20[m[K,
                 from [01m[K/opt/ros/humble/include/rclcpp/rclcpp/executor.hpp:37[m[K,
                 from [01m[K/opt/ros/humble/include/rclcpp/rclcpp/executors/multi_threaded_executor.hpp:25[m[K,
                 from [01m[K/opt/ros/humble/include/rclcpp/rclcpp/executors.hpp:21[m[K,
                 from [01m[K/opt/ros/humble/include/rclcpp/rclcpp/rclcpp.hpp:155[m[K,
                 from [01m[K/home/fabiocar/fabiocar/src/f1tenth_system/vesc/vesc_ackermann/include/vesc_ackermann/vesc_to_odom.hpp:35[m[K,
                 from [01m[K/home/fabiocar/fabiocar/src/f1tenth_system/vesc/vesc_ackermann/src/vesc_to_odom.cpp:31[m[K:
[01m[K/usr/include/c++/11/variant:1461:9:[m[K [01;36m[Knote: [m[Kcandidate: ‘[01m[Ktemplate<class _Tp> std::enable_if_t<((__exactly_once<std::variant<_Types>::__accepted_type<_Tp&&, typename std::enable_if<__not_self<_Tp&&>, void>::type> > && is_constructible_v<std::variant<_Types>::__accepted_type<_Tp&&, typename std::enable_if<__not_self<_Tp&&>, void>::type>, _Tp>) && is_assignable_v<std::variant<_Types>::__accepted_type<_Tp&&, typename std::enable_if<__not_self<_Tp&&>, void>::type>&, _Tp>), std::variant<_Types>&> std::variant<_Types>::operator=(_Tp&&) [with _Tp = _Tp; _Types = {std::function<void(const vesc_msgs::msg::VescStateStamped_<std::allocator<void> >&)>, std::function<void(const vesc_msgs::msg::VescStateStamped_<std::allocator<void> >&, const rclcpp::MessageInfo&)>, std::function<void(const rclcpp::SerializedMessage&)>, std::function<void(const rclcpp::SerializedMessage&, const rclcpp::MessageInfo&)>, std::function<void(std::unique_ptr<vesc_msgs::msg::VescStateStamped_<std::allocator<void> >, std::default_delete<vesc_msgs::msg::VescStateStamped_<std::allocator<void> > > >)>, std::function<void(std::unique_ptr<vesc_msgs::msg::VescStateStamped_<std::allocator<void> >, std::default_delete<vesc_msgs::msg::VescStateStamped_<std::allocator<void> > > >, const rclcpp::MessageInfo&)>, std::function<void(std::unique_ptr<rclcpp::SerializedMessage, std::default_delete<rclcpp::SerializedMessage> >)>, std::function<void(std::unique_ptr<rclcpp::SerializedMessage, std::default_delete<rclcpp::SerializedMessage> >, const rclcpp::MessageInfo&)>, std::function<void(std::shared_ptr<const vesc_msgs::msg::VescStateStamped_<std::allocator<void> > >)>, std::function<void(std::shared_ptr<const vesc_msgs::msg::VescStateStamped_<std::allocator<void> > >, const rclcpp::MessageInfo&)>, std::function<void(std::shared_ptr<const rclcpp::SerializedMessage>)>, std::function<void(std::shared_ptr<const rclcpp::SerializedMessage>, const rclcpp::MessageInfo&)>, std::function<void(const std::shared_ptr<const vesc_msgs::msg::VescStateStamped_<std::allocator<void> > >&)>, std::function<void(const std::shared_ptr<const vesc_msgs::msg::VescStateStamped_<std::allocator<void> > >&, const rclcpp::MessageInfo&)>, std::function<void(const std::shared_ptr<const rclcpp::SerializedMessage>&)>, std::function<void(const std::shared_ptr<const rclcpp::SerializedMessage>&, const rclcpp::MessageInfo&)>, std::function<void(std::shared_ptr<vesc_msgs::msg::VescStateStamped_<std::allocator<void> > >)>, std::function<void(std::shared_ptr<vesc_msgs::msg::VescStateStamped_<std::allocator<void> > >, const rclcpp::MessageInfo&)>, std::function<void(std::shared_ptr<rclcpp::SerializedMessage>)>, std::function<void(std::shared_ptr<rclcpp::SerializedMessage>, const rclcpp::MessageInfo&)>}][m[K’
 1461 |         [01;36m[Koperator[m[K=(_Tp&& __rhs)
      |         [01;36m[K^~~~~~~~[m[K
[01m[K/usr/include/c++/11/variant:1461:9:[m[K [01;36m[Knote: [m[K  template argument deduction/substitution failed:
/usr/include/c++/11/variant: In substitution of ‘[01m[Ktemplate<class ... _Types> template<class _Tp, class> using __accepted_type = std::variant<_Types>::__to_type<__accepted_index<_Tp> > [with _Tp = std::function<void(std::shared_ptr<std_msgs::msg::Float64_<std::allocator<void> > >)>&&; <template-parameter-2-2> = void; _Types = {std::function<void(const vesc_msgs::msg::VescStateStamped_<std::allocator<void> >&)>, std::function<void(const vesc_msgs::msg::VescStateStamped_<std::allocator<void> >&, const rclcpp::MessageInfo&)>, std::function<void(const rclcpp::SerializedMessage&)>, std::function<void(const rclcpp::SerializedMessage&, const rclcpp::MessageInfo&)>, std::function<void(std::unique_ptr<vesc_msgs::msg::VescStateStamped_<std::allocator<void> >, std::default_delete<vesc_msgs::msg::VescStateStamped_<std::allocator<void> > > >)>, std::function<void(std::unique_ptr<vesc_msgs::msg::VescStateStamped_<std::allocator<void> >, std::default_delete<vesc_msgs::msg::VescStateStamped_<std::allocator<void> > > >, const rclcpp::MessageInfo&)>, std::function<void(std::unique_ptr<rclcpp::SerializedMessage, std::default_delete<rclcpp::SerializedMessage> >)>, std::function<void(std::unique_ptr<rclcpp::SerializedMessage, std::default_delete<rclcpp::SerializedMessage> >, const rclcpp::MessageInfo&)>, std::function<void(std::shared_ptr<const vesc_msgs::msg::VescStateStamped_<std::allocator<void> > >)>, std::function<void(std::shared_ptr<const vesc_msgs::msg::VescStateStamped_<std::allocator<void> > >, const rclcpp::MessageInfo&)>, std::function<void(std::shared_ptr<const rclcpp::SerializedMessage>)>, std::function<void(std::shared_ptr<const rclcpp::SerializedMessage>, const rclcpp::MessageInfo&)>, std::function<void(const std::shared_ptr<const vesc_msgs::msg::VescStateStamped_<std::allocator<void> > >&)>, std::function<void(const std::shared_ptr<const vesc_msgs::msg::VescStateStamped_<std::allocator<void> > >&, const rclcpp::MessageInfo&)>, std::function<void(const std::shared_ptr<const rclcpp::SerializedMessage>&)>, std::function<void(const std::shared_ptr<const rclcpp::SerializedMessage>&, const rclcpp::MessageInfo&)>, std::function<void(std::shared_ptr<vesc_msgs::msg::VescStateStamped_<std::allocator<void> > >)>, std::function<void(std::shared_ptr<vesc_msgs::msg::VescStateStamped_<std::allocator<void> > >, const rclcpp::MessageInfo&)>, std::function<void(std::shared_ptr<rclcpp::SerializedMessage>)>, std::function<void(std::shared_ptr<rclcpp::SerializedMessage>, const rclcpp::MessageInfo&)>}][m[K’:
[01m[K/usr/include/c++/11/variant:1457:14:[m[K   required by substitution of ‘[01m[Ktemplate<class _Tp> std::enable_if_t<((__exactly_once<std::variant<std::function<void(const vesc_msgs::msg::VescStateStamped_<std::allocator<void> >&)>, std::function<void(const vesc_msgs::msg::VescStateStamped_<std::allocator<void> >&, const rclcpp::MessageInfo&)>, std::function<void(const rclcpp::SerializedMessage&)>, std::function<void(const rclcpp::SerializedMessage&, const rclcpp::MessageInfo&)>, std::function<void(std::unique_ptr<vesc_msgs::msg::VescStateStamped_<std::allocator<void> >, std::default_delete<vesc_msgs::msg::VescStateStamped_<std::allocator<void> > > >)>, std::function<void(std::unique_ptr<vesc_msgs::msg::VescStateStamped_<std::allocator<void> >, std::default_delete<vesc_msgs::msg::VescStateStamped_<std::allocator<void> > > >, const rclcpp::MessageInfo&)>, std::function<void(std::unique_ptr<rclcpp::SerializedMessage, std::default_delete<rclcpp::SerializedMessage> >)>, std::function<void(std::unique_ptr<rclcpp::SerializedMessage, std::default_delete<rclcpp::SerializedMessage> >, const rclcpp::MessageInfo&)>, std::function<void(std::shared_ptr<const vesc_msgs::msg::VescStateStamped_<std::allocator<void> > >)>, std::function<void(std::shared_ptr<const vesc_msgs::msg::VescStateStamped_<std::allocator<void> > >, const rclcpp::MessageInfo&)>, std::function<void(std::shared_ptr<const rclcpp::SerializedMessage>)>, std::function<void(std::shared_ptr<const rclcpp::SerializedMessage>, const rclcpp::MessageInfo&)>, std::function<void(const std::shared_ptr<const vesc_msgs::msg::VescStateStamped_<std::allocator<void> > >&)>, std::function<void(const std::shared_ptr<const vesc_msgs::msg::VescStateStamped_<std::allocator<void> > >&, const rclcpp::MessageInfo&)>, std::function<void(const std::shared_ptr<const rclcpp::SerializedMessage>&)>, std::function<void(const std::shared_ptr<const rclcpp::SerializedMessage>&, const rclcpp::MessageInfo&)>, std::function<void(std::shared_ptr<vesc_msgs::msg::VescStateStamped_<std::allocator<void> > >)>, std::function<void(std::shared_ptr<vesc_msgs::msg::VescStateStamped_<std::allocator<void> > >, const rclcpp::MessageInfo&)>, std::function<void(std::shared_ptr<rclcpp::SerializedMessage>)>, std::function<void(std::shared_ptr<rclcpp::SerializedMessage>, const rclcpp::MessageInfo&)> >::__accepted_type<_Tp&&, typename std::enable_if<__not_self<_Tp&&>, void>::type> > && is_constructible_v<std::variant<std::function<void(const vesc_msgs::msg::VescStateStamped_<std::allocator<void> >&)>, std::function<void(const vesc_msgs::msg::VescStateStamped_<std::allocator<void> >&, const rclcpp::MessageInfo&)>, std::function<void(const rclcpp::SerializedMessage&)>, std::function<void(const rclcpp::SerializedMessage&, const rclcpp::MessageInfo&)>, std::function<void(std::unique_ptr<vesc_msgs::msg::VescStateStamped_<std::allocator<void> >, std::default_delete<vesc_msgs::msg::VescStateStamped_<std::allocator<void> > > >)>, std::function<void(std::unique_ptr<vesc_msgs::msg::VescStateStamped_<std::allocator<void> >, std::default_delete<vesc_msgs::msg::VescStateStamped_<std::allocator<void> > > >, const rclcpp::MessageInfo&)>, std::function<void(std::unique_ptr<rclcpp::SerializedMessage, std::default_delete<rclcpp::SerializedMessage> >)>, std::function<void(std::unique_ptr<rclcpp::SerializedMessage, std::default_delete<rclcpp::SerializedMessage> >, const rclcpp::MessageInfo&)>, std::function<void(std::shared_ptr<const vesc_msgs::msg::VescStateStamped_<std::allocator<void> > >)>, std::function<void(std::shared_ptr<const vesc_msgs::msg::VescStateStamped_<std::allocator<void> > >, const rclcpp::MessageInfo&)>, std::function<void(std::shared_ptr<const rclcpp::SerializedMessage>)>, std::function<void(std::shared_ptr<const rclcpp::SerializedMessage>, const rclcpp::MessageInfo&)>, std::function<void(const std::shared_ptr<const vesc_msgs::msg::VescStateStamped_<std::allocator<void> > >&)>, std::function<void(const std::shared_ptr<const vesc_msgs::msg::VescStateStamped_<std::allocator<void> > >&, const rclcpp::MessageInfo&)>, std::function<void(const std::shared_ptr<const rclcpp::SerializedMessage>&)>, std::function<void(const std::shared_ptr<const rclcpp::SerializedMessage>&, const rclcpp::MessageInfo&)>, std::function<void(std::shared_ptr<vesc_msgs::msg::VescStateStamped_<std::allocator<void> > >)>, std::function<void(std::shared_ptr<vesc_msgs::msg::VescStateStamped_<std::allocator<void> > >, const rclcpp::MessageInfo&)>, std::function<void(std::shared_ptr<rclcpp::SerializedMessage>)>, std::function<void(std::shared_ptr<rclcpp::SerializedMessage>, const rclcpp::MessageInfo&)> >::__accepted_type<_Tp&&, typename std::enable_if<__not_self<_Tp&&>, void>::type>, _Tp>) && is_assignable_v<std::variant<std::function<void(const vesc_msgs::msg::VescStateStamped_<std::allocator<void> >&)>, std::function<void(const vesc_msgs::msg::VescStateStamped_<std::allocator<void> >&, const rclcpp::MessageInfo&)>, std::function<void(const rclcpp::SerializedMessage&)>, std::function<void(const rclcpp::SerializedMessage&, const rclcpp::MessageInfo&)>, std::function<void(std::unique_ptr<vesc_msgs::msg::VescStateStamped_<std::allocator<void> >, std::default_delete<vesc_msgs::msg::VescStateStamped_<std::allocator<void> > > >)>, std::function<void(std::unique_ptr<vesc_msgs::msg::VescStateStamped_<std::allocator<void> >, std::default_delete<vesc_msgs::msg::VescStateStamped_<std::allocator<void> > > >, const rclcpp::MessageInfo&)>, std::function<void(std::unique_ptr<rclcpp::SerializedMessage, std::default_delete<rclcpp::SerializedMessage> >)>, std::function<void(std::unique_ptr<rclcpp::SerializedMessage, std::default_delete<rclcpp::SerializedMessage> >, const rclcpp::MessageInfo&)>, std::function<void(std::shared_ptr<const vesc_msgs::msg::VescStateStamped_<std::allocator<void> > >)>, std::function<void(std::shared_ptr<const vesc_msgs::msg::VescStateStamped_<std::allocator<void> > >, const rclcpp::MessageInfo&)>, std::function<void(std::shared_ptr<const rclcpp::SerializedMessage>)>, std::function<void(std::shared_ptr<const rclcpp::SerializedMessage>, const rclcpp::MessageInfo&)>, std::function<void(const std::shared_ptr<const vesc_msgs::msg::VescStateStamped_<std::allocator<void> > >&)>, std::function<void(const std::shared_ptr<const vesc_msgs::msg::VescStateStamped_<std::allocator<void> > >&, const rclcpp::MessageInfo&)>, std::function<void(const std::shared_ptr<const rclcpp::SerializedMessage>&)>, std::function<void(const std::shared_ptr<const rclcpp::SerializedMessage>&, const rclcpp::MessageInfo&)>, std::function<void(std::shared_ptr<vesc_msgs::msg::VescStateStamped_<std::allocator<void> > >)>, std::function<void(std::shared_ptr<vesc_msgs::msg::VescStateStamped_<std::allocator<void> > >, const rclcpp::MessageInfo&)>, std::function<void(std::shared_ptr<rclcpp::SerializedMessage>)>, std::function<void(std::shared_ptr<rclcpp::SerializedMessage>, const rclcpp::MessageInfo&)> >::__accepted_type<_Tp&&, typename std::enable_if<__not_self<_Tp&&>, void>::type>&, _Tp>), std::variant<std::function<void(const vesc_msgs::msg::VescStateStamped_<std::allocator<void> >&)>, std::function<void(const vesc_msgs::msg::VescStateStamped_<std::allocator<void> >&, const rclcpp::MessageInfo&)>, std::function<void(const rclcpp::SerializedMessage&)>, std::function<void(const rclcpp::SerializedMessage&, const rclcpp::MessageInfo&)>, std::function<void(std::unique_ptr<vesc_msgs::msg::VescStateStamped_<std::allocator<void> >, std::default_delete<vesc_msgs::msg::VescStateStamped_<std::allocator<void> > > >)>, std::function<void(std::unique_ptr<vesc_msgs::msg::VescStateStamped_<std::allocator<void> >, std::default_delete<vesc_msgs::msg::VescStateStamped_<std::allocator<void> > > >, const rclcpp::MessageInfo&)>, std::function<void(std::unique_ptr<rclcpp::SerializedMessage, std::default_delete<rclcpp::SerializedMessage> >)>, std::function<void(std::unique_ptr<rclcpp::SerializedMessage, std::default_delete<rclcpp::SerializedMessage> >, const rclcpp::MessageInfo&)>, std::function<void(std::shared_ptr<const vesc_msgs::msg::VescStateStamped_<std::allocator<void> > >)>, std::function<void(std::shared_ptr<const vesc_msgs::msg::VescStateStamped_<std::allocator<void> > >, const rclcpp::MessageInfo&)>, std::function<void(std::shared_ptr<const rclcpp::SerializedMessage>)>, std::function<void(std::shared_ptr<const rclcpp::SerializedMessage>, const rclcpp::MessageInfo&)>, std::function<void(const std::shared_ptr<const vesc_msgs::msg::VescStateStamped_<std::allocator<void> > >&)>, std::function<void(const std::shared_ptr<const vesc_msgs::msg::VescStateStamped_<std::allocator<void> > >&, const rclcpp::MessageInfo&)>, std::function<void(const std::shared_ptr<const rclcpp::SerializedMessage>&)>, std::function<void(const std::shared_ptr<const rclcpp::SerializedMessage>&, const rclcpp::MessageInfo&)>, std::function<void(std::shared_ptr<vesc_msgs::msg::VescStateStamped_<std::allocator<void> > >)>, std::function<void(std::shared_ptr<vesc_msgs::msg::VescStateStamped_<std::allocator<void> > >, const rclcpp::MessageInfo&)>, std::function<void(std::shared_ptr<rclcpp::SerializedMessage>)>, std::function<void(std::shared_ptr<rclcpp::SerializedMessage>, const rclcpp::MessageInfo&)> >&> std::variant<std::function<void(const vesc_msgs::msg::VescStateStamped_<std::allocator<void> >&)>, std::function<void(const vesc_msgs::msg::VescStateStamped_<std::allocator<void> >&, const rclcpp::MessageInfo&)>, std::function<void(const rclcpp::SerializedMessage&)>, std::function<void(const rclcpp::SerializedMessage&, const rclcpp::MessageInfo&)>, std::function<void(std::unique_ptr<vesc_msgs::msg::VescStateStamped_<std::allocator<void> >, std::default_delete<vesc_msgs::msg::VescStateStamped_<std::allocator<void> > > >)>, std::function<void(std::unique_ptr<vesc_msgs::msg::VescStateStamped_<std::allocator<void> >, std::default_delete<vesc_msgs::msg::VescStateStamped_<std::allocator<void> > > >, const rclcpp::MessageInfo&)>, std::function<void(std::unique_ptr<rclcpp::SerializedMessage, std::default_delete<rclcpp::SerializedMessage> >)>, std::function<void(std::unique_ptr<rclcpp::SerializedMessage, std::default_delete<rclcpp::SerializedMessage> >, const rclcpp::MessageInfo&)>, std::function<void(std::shared_ptr<const vesc_msgs::msg::VescStateStamped_<std::allocator<void> > >)>, std::function<void(std::shared_ptr<const vesc_msgs::msg::VescStateStamped_<std::allocator<void> > >, const rclcpp::MessageInfo&)>, std::function<void(std::shared_ptr<const rclcpp::SerializedMessage>)>, std::function<void(std::shared_ptr<const rclcpp::SerializedMessage>, const rclcpp::MessageInfo&)>, std::function<void(const std::shared_ptr<const vesc_msgs::msg::VescStateStamped_<std::allocator<void> > >&)>, std::function<void(const std::shared_ptr<const vesc_msgs::msg::VescStateStamped_<std::allocator<void> > >&, const rclcpp::MessageInfo&)>, std::function<void(const std::shared_ptr<const rclcpp::SerializedMessage>&)>, std::function<void(const std::shared_ptr<const rclcpp::SerializedMessage>&, const rclcpp::MessageInfo&)>, std::function<void(std::shared_ptr<vesc_msgs::msg::VescStateStamped_<std::allocator<void> > >)>, std::function<void(std::shared_ptr<vesc_msgs::msg::VescStateStamped_<std::allocator<void> > >, const rclcpp::MessageInfo&)>, std::function<void(std::shared_ptr<rclcpp::SerializedMessage>)>, std::function<void(std::shared_ptr<rclcpp::SerializedMessage>, const rclcpp::MessageInfo&)> >::operator=<_Tp>(_Tp&&) [with _Tp = std::function<void(std::shared_ptr<std_msgs::msg::Float64_<std::allocator<void> > >)>][m[K’
[01m[K/opt/ros/humble/include/rclcpp/rclcpp/any_subscription_callback.hpp:394:25:[m[K   required from ‘[01m[Krclcpp::AnySubscriptionCallback<MessageT, AllocatorT> rclcpp::AnySubscriptionCallback<MessageT, AllocatorT>::set(CallbackT) [with CallbackT = std::_Bind<void (vesc_ackermann::VescToOdom::*(vesc_ackermann::VescToOdom*, std::_Placeholder<1>))(std::shared_ptr<std_msgs::msg::Float64_<std::allocator<void> > >)>; MessageT = vesc_msgs::msg::VescStateStamped_<std::allocator<void> >; AllocatorT = std::allocator<void>][m[K’
[01m[K/opt/ros/humble/include/rclcpp/rclcpp/subscription_factory.hpp:94:32:[m[K   required from ‘[01m[Krclcpp::SubscriptionFactory rclcpp::create_subscription_factory(CallbackT&&, const rclcpp::SubscriptionOptionsWithAllocator<AllocatorT>&, typename MessageMemoryStrategyT::SharedPtr, std::shared_ptr<rclcpp::topic_statistics::SubscriptionTopicStatistics<ROSMessageType> >) [with MessageT = vesc_msgs::msg::VescStateStamped_<std::allocator<void> >; CallbackT = std::_Bind<void (vesc_ackermann::VescToOdom::*(vesc_ackermann::VescToOdom*, std::_Placeholder<1>))(std::shared_ptr<std_msgs::msg::Float64_<std::allocator<void> > >)>; AllocatorT = std::allocator<void>; SubscriptionT = rclcpp::Subscription<vesc_msgs::msg::VescStateStamped_<std::allocator<void> > >; MessageMemoryStrategyT = rclcpp::message_memory_strategy::MessageMemoryStrategy<vesc_msgs::msg::VescStateStamped_<std::allocator<void> >, std::allocator<void> >; ROSMessageType = vesc_msgs::msg::VescStateStamped_<std::allocator<void> >; typename MessageMemoryStrategyT::SharedPtr = std::shared_ptr<rclcpp::message_memory_strategy::MessageMemoryStrategy<vesc_msgs::msg::VescStateStamped_<std::allocator<void> >, std::allocator<void> > >][m[K’
[01m[K/opt/ros/humble/include/rclcpp/rclcpp/create_subscription.hpp:122:63:[m[K   required from ‘[01m[Kstd::shared_ptr<ROSMessageT> rclcpp::detail::create_subscription(NodeParametersT&, NodeTopicsT&, const string&, const rclcpp::QoS&, CallbackT&&, const rclcpp::SubscriptionOptionsWithAllocator<AllocatorT>&, typename MessageMemoryStrategyT::SharedPtr) [with MessageT = vesc_msgs::msg::VescStateStamped_<std::allocator<void> >; CallbackT = std::_Bind<void (vesc_ackermann::VescToOdom::*(vesc_ackermann::VescToOdom*, std::_Placeholder<1>))(std::shared_ptr<std_msgs::msg::Float64_<std::allocator<void> > >)>; AllocatorT = std::allocator<void>; SubscriptionT = rclcpp::Subscription<vesc_msgs::msg::VescStateStamped_<std::allocator<void> > >; MessageMemoryStrategyT = rclcpp::message_memory_strategy::MessageMemoryStrategy<vesc_msgs::msg::VescStateStamped_<std::allocator<void> >, std::allocator<void> >; NodeParametersT = rclcpp::Node; NodeTopicsT = rclcpp::Node; ROSMessageType = vesc_msgs::msg::VescStateStamped_<std::allocator<void> >; std::string = std::__cxx11::basic_string<char>; typename MessageMemoryStrategyT::SharedPtr = std::shared_ptr<rclcpp::message_memory_strategy::MessageMemoryStrategy<vesc_msgs::msg::VescStateStamped_<std::allocator<void> >, std::allocator<void> > >][m[K’
[01m[K/opt/ros/humble/include/rclcpp/rclcpp/create_subscription.hpp:191:76:[m[K   required from ‘[01m[Kstd::shared_ptr<ROSMessageT> rclcpp::create_subscription(NodeT&, const string&, const rclcpp::QoS&, CallbackT&&, const rclcpp::SubscriptionOptionsWithAllocator<AllocatorT>&, typename MessageMemoryStrategyT::SharedPtr) [with MessageT = vesc_msgs::msg::VescStateStamped_<std::allocator<void> >; CallbackT = std::_Bind<void (vesc_ackermann::VescToOdom::*(vesc_ackermann::VescToOdom*, std::_Placeholder<1>))(std::shared_ptr<std_msgs::msg::Float64_<std::allocator<void> > >)>; AllocatorT = std::allocator<void>; SubscriptionT = rclcpp::Subscription<vesc_msgs::msg::VescStateStamped_<std::allocator<void> > >; MessageMemoryStrategyT = rclcpp::message_memory_strategy::MessageMemoryStrategy<vesc_msgs::msg::VescStateStamped_<std::allocator<void> >, std::allocator<void> >; NodeT = rclcpp::Node; std::string = std::__cxx11::basic_string<char>; typename MessageMemoryStrategyT::SharedPtr = std::shared_ptr<rclcpp::message_memory_strategy::MessageMemoryStrategy<vesc_msgs::msg::VescStateStamped_<std::allocator<void> >, std::allocator<void> > >][m[K’
[01m[K/opt/ros/humble/include/rclcpp/rclcpp/node_impl.hpp:99:47:[m[K   required from ‘[01m[Kstd::shared_ptr<ROSMessageT> rclcpp::Node::create_subscription(const string&, const rclcpp::QoS&, CallbackT&&, const rclcpp::SubscriptionOptionsWithAllocator<AllocatorT>&, typename MessageMemoryStrategyT::SharedPtr) [with MessageT = vesc_msgs::msg::VescStateStamped_<std::allocator<void> >; CallbackT = std::_Bind<void (vesc_ackermann::VescToOdom::*(vesc_ackermann::VescToOdom*, std::_Placeholder<1>))(std::shared_ptr<std_msgs::msg::Float64_<std::allocator<void> > >)>; AllocatorT = std::allocator<void>; SubscriptionT = rclcpp::Subscription<vesc_msgs::msg::VescStateStamped_<std::allocator<void> > >; MessageMemoryStrategyT = rclcpp::message_memory_strategy::MessageMemoryStrategy<vesc_msgs::msg::VescStateStamped_<std::allocator<void> >, std::allocator<void> >; std::string = std::__cxx11::basic_string<char>; typename MessageMemoryStrategyT::SharedPtr = std::shared_ptr<rclcpp::message_memory_strategy::MessageMemoryStrategy<vesc_msgs::msg::VescStateStamped_<std::allocator<void> >, std::allocator<void> > >][m[K’
[01m[K/home/fabiocar/fabiocar/src/f1tenth_system/vesc/vesc_ackermann/src/vesc_to_odom.cpp:86:55:[m[K   required from here
[01m[K/usr/include/c++/11/variant:1375:15:[m[K [01;31m[Kerror: [m[Kno type named ‘[01m[Ktype[m[K’ in ‘[01m[Kstruct std::enable_if<false, void>[m[K’
 1375 |         using [01;31m[K__accepted_type[m[K = __to_type<__accepted_index<_Tp>>;
      |               [01;31m[K^~~~~~~~~~~~~~~[m[K
/opt/ros/humble/include/rclcpp/rclcpp/any_subscription_callback.hpp: In instantiation of ‘[01m[Krclcpp::AnySubscriptionCallback<MessageT, AllocatorT> rclcpp::AnySubscriptionCallback<MessageT, AllocatorT>::set(CallbackT) [with CallbackT = std::_Bind<void (vesc_ackermann::VescToOdom::*(vesc_ackermann::VescToOdom*, std::_Placeholder<1>))(std::shared_ptr<std_msgs::msg::Float64_<std::allocator<void> > >)>; MessageT = vesc_msgs::msg::VescStateStamped_<std::allocator<void> >; AllocatorT = std::allocator<void>][m[K’:
[01m[K/opt/ros/humble/include/rclcpp/rclcpp/subscription_factory.hpp:94:32:[m[K   required from ‘[01m[Krclcpp::SubscriptionFactory rclcpp::create_subscription_factory(CallbackT&&, const rclcpp::SubscriptionOptionsWithAllocator<AllocatorT>&, typename MessageMemoryStrategyT::SharedPtr, std::shared_ptr<rclcpp::topic_statistics::SubscriptionTopicStatistics<ROSMessageType> >) [with MessageT = vesc_msgs::msg::VescStateStamped_<std::allocator<void> >; CallbackT = std::_Bind<void (vesc_ackermann::VescToOdom::*(vesc_ackermann::VescToOdom*, std::_Placeholder<1>))(std::shared_ptr<std_msgs::msg::Float64_<std::allocator<void> > >)>; AllocatorT = std::allocator<void>; SubscriptionT = rclcpp::Subscription<vesc_msgs::msg::VescStateStamped_<std::allocator<void> > >; MessageMemoryStrategyT = rclcpp::message_memory_strategy::MessageMemoryStrategy<vesc_msgs::msg::VescStateStamped_<std::allocator<void> >, std::allocator<void> >; ROSMessageType = vesc_msgs::msg::VescStateStamped_<std::allocator<void> >; typename MessageMemoryStrategyT::SharedPtr = std::shared_ptr<rclcpp::message_memory_strategy::MessageMemoryStrategy<vesc_msgs::msg::VescStateStamped_<std::allocator<void> >, std::allocator<void> > >][m[K’
[01m[K/opt/ros/humble/include/rclcpp/rclcpp/create_subscription.hpp:122:63:[m[K   required from ‘[01m[Kstd::shared_ptr<ROSMessageT> rclcpp::detail::create_subscription(NodeParametersT&, NodeTopicsT&, const string&, const rclcpp::QoS&, CallbackT&&, const rclcpp::SubscriptionOptionsWithAllocator<AllocatorT>&, typename MessageMemoryStrategyT::SharedPtr) [with MessageT = vesc_msgs::msg::VescStateStamped_<std::allocator<void> >; CallbackT = std::_Bind<void (vesc_ackermann::VescToOdom::*(vesc_ackermann::VescToOdom*, std::_Placeholder<1>))(std::shared_ptr<std_msgs::msg::Float64_<std::allocator<void> > >)>; AllocatorT = std::allocator<void>; SubscriptionT = rclcpp::Subscription<vesc_msgs::msg::VescStateStamped_<std::allocator<void> > >; MessageMemoryStrategyT = rclcpp::message_memory_strategy::MessageMemoryStrategy<vesc_msgs::msg::VescStateStamped_<std::allocator<void> >, std::allocator<void> >; NodeParametersT = rclcpp::Node; NodeTopicsT = rclcpp::Node; ROSMessageType = vesc_msgs::msg::VescStateStamped_<std::allocator<void> >; std::string = std::__cxx11::basic_string<char>; typename MessageMemoryStrategyT::SharedPtr = std::shared_ptr<rclcpp::message_memory_strategy::MessageMemoryStrategy<vesc_msgs::msg::VescStateStamped_<std::allocator<void> >, std::allocator<void> > >][m[K’
[01m[K/opt/ros/humble/include/rclcpp/rclcpp/create_subscription.hpp:191:76:[m[K   required from ‘[01m[Kstd::shared_ptr<ROSMessageT> rclcpp::create_subscription(NodeT&, const string&, const rclcpp::QoS&, CallbackT&&, const rclcpp::SubscriptionOptionsWithAllocator<AllocatorT>&, typename MessageMemoryStrategyT::SharedPtr) [with MessageT = vesc_msgs::msg::VescStateStamped_<std::allocator<void> >; CallbackT = std::_Bind<void (vesc_ackermann::VescToOdom::*(vesc_ackermann::VescToOdom*, std::_Placeholder<1>))(std::shared_ptr<std_msgs::msg::Float64_<std::allocator<void> > >)>; AllocatorT = std::allocator<void>; SubscriptionT = rclcpp::Subscription<vesc_msgs::msg::VescStateStamped_<std::allocator<void> > >; MessageMemoryStrategyT = rclcpp::message_memory_strategy::MessageMemoryStrategy<vesc_msgs::msg::VescStateStamped_<std::allocator<void> >, std::allocator<void> >; NodeT = rclcpp::Node; std::string = std::__cxx11::basic_string<char>; typename MessageMemoryStrategyT::SharedPtr = std::shared_ptr<rclcpp::message_memory_strategy::MessageMemoryStrategy<vesc_msgs::msg::VescStateStamped_<std::allocator<void> >, std::allocator<void> > >][m[K’
[01m[K/opt/ros/humble/include/rclcpp/rclcpp/node_impl.hpp:99:47:[m[K   required from ‘[01m[Kstd::shared_ptr<ROSMessageT> rclcpp::Node::create_subscription(const string&, const rclcpp::QoS&, CallbackT&&, const rclcpp::SubscriptionOptionsWithAllocator<AllocatorT>&, typename MessageMemoryStrategyT::SharedPtr) [with MessageT = vesc_msgs::msg::VescStateStamped_<std::allocator<void> >; CallbackT = std::_Bind<void (vesc_ackermann::VescToOdom::*(vesc_ackermann::VescToOdom*, std::_Placeholder<1>))(std::shared_ptr<std_msgs::msg::Float64_<std::allocator<void> > >)>; AllocatorT = std::allocator<void>; SubscriptionT = rclcpp::Subscription<vesc_msgs::msg::VescStateStamped_<std::allocator<void> > >; MessageMemoryStrategyT = rclcpp::message_memory_strategy::MessageMemoryStrategy<vesc_msgs::msg::VescStateStamped_<std::allocator<void> >, std::allocator<void> >; std::string = std::__cxx11::basic_string<char>; typename MessageMemoryStrategyT::SharedPtr = std::shared_ptr<rclcpp::message_memory_strategy::MessageMemoryStrategy<vesc_msgs::msg::VescStateStamped_<std::allocator<void> >, std::allocator<void> > >][m[K’
[01m[K/home/fabiocar/fabiocar/src/f1tenth_system/vesc/vesc_ackermann/src/vesc_to_odom.cpp:86:55:[m[K   required from here
[01m[K/usr/include/c++/11/variant:1398:16:[m[K [01;36m[Knote: [m[Kcandidate: ‘[01m[Kstd::variant<_Types>& std::variant<_Types>::operator=(const std::variant<_Types>&) [with _Types = {std::function<void(const vesc_msgs::msg::VescStateStamped_<std::allocator<void> >&)>, std::function<void(const vesc_msgs::msg::VescStateStamped_<std::allocator<void> >&, const rclcpp::MessageInfo&)>, std::function<void(const rclcpp::SerializedMessage&)>, std::function<void(const rclcpp::SerializedMessage&, const rclcpp::MessageInfo&)>, std::function<void(std::unique_ptr<vesc_msgs::msg::VescStateStamped_<std::allocator<void> >, std::default_delete<vesc_msgs::msg::VescStateStamped_<std::allocator<void> > > >)>, std::function<void(std::unique_ptr<vesc_msgs::msg::VescStateStamped_<std::allocator<void> >, std::default_delete<vesc_msgs::msg::VescStateStamped_<std::allocator<void> > > >, const rclcpp::MessageInfo&)>, std::function<void(std::unique_ptr<rclcpp::SerializedMessage, std::default_delete<rclcpp::SerializedMessage> >)>, std::function<void(std::unique_ptr<rclcpp::SerializedMessage, std::default_delete<rclcpp::SerializedMessage> >, const rclcpp::MessageInfo&)>, std::function<void(std::shared_ptr<const vesc_msgs::msg::VescStateStamped_<std::allocator<void> > >)>, std::function<void(std::shared_ptr<const vesc_msgs::msg::VescStateStamped_<std::allocator<void> > >, const rclcpp::MessageInfo&)>, std::function<void(std::shared_ptr<const rclcpp::SerializedMessage>)>, std::function<void(std::shared_ptr<const rclcpp::SerializedMessage>, const rclcpp::MessageInfo&)>, std::function<void(const std::shared_ptr<const vesc_msgs::msg::VescStateStamped_<std::allocator<void> > >&)>, std::function<void(const std::shared_ptr<const vesc_msgs::msg::VescStateStamped_<std::allocator<void> > >&, const rclcpp::MessageInfo&)>, std::function<void(const std::shared_ptr<const rclcpp::SerializedMessage>&)>, std::function<void(const std::shared_ptr<const rclcpp::SerializedMessage>&, const rclcpp::MessageInfo&)>, std::function<void(std::shared_ptr<vesc_msgs::msg::VescStateStamped_<std::allocator<void> > >)>, std::function<void(std::shared_ptr<vesc_msgs::msg::VescStateStamped_<std::allocator<void> > >, const rclcpp::MessageInfo&)>, std::function<void(std::shared_ptr<rclcpp::SerializedMessage>)>, std::function<void(std::shared_ptr<rclcpp::SerializedMessage>, const rclcpp::MessageInfo&)>}][m[K’
 1398 |       variant& [01;36m[Koperator[m[K=(const variant&) = default;
      |                [01;36m[K^~~~~~~~[m[K
[01m[K/usr/include/c++/11/variant:1398:26:[m[K [01;36m[Knote: [m[K  no known conversion for argument 1 from ‘[01m[Krclcpp::detail::SubscriptionCallbackTypeHelper<vesc_msgs::msg::VescStateStamped_<std::allocator<void> >, std::_Bind<void (vesc_ackermann::VescToOdom::*(vesc_ackermann::VescToOdom*, std::_Placeholder<1>))(std::shared_ptr<std_msgs::msg::Float64_<std::allocator<void> > >)>, void>::callback_type[m[K’ {aka ‘[01m[Kstd::function<void(std::shared_ptr<std_msgs::msg::Float64_<std::allocator<void> > >)>[m[K’} to ‘[01m[Kconst std::variant<std::function<void(const vesc_msgs::msg::VescStateStamped_<std::allocator<void> >&)>, std::function<void(const vesc_msgs::msg::VescStateStamped_<std::allocator<void> >&, const rclcpp::MessageInfo&)>, std::function<void(const rclcpp::SerializedMessage&)>, std::function<void(const rclcpp::SerializedMessage&, const rclcpp::MessageInfo&)>, std::function<void(std::unique_ptr<vesc_msgs::msg::VescStateStamped_<std::allocator<void> >, std::default_delete<vesc_msgs::msg::VescStateStamped_<std::allocator<void> > > >)>, std::function<void(std::unique_ptr<vesc_msgs::msg::VescStateStamped_<std::allocator<void> >, std::default_delete<vesc_msgs::msg::VescStateStamped_<std::allocator<void> > > >, const rclcpp::MessageInfo&)>, std::function<void(std::unique_ptr<rclcpp::SerializedMessage, std::default_delete<rclcpp::SerializedMessage> >)>, std::function<void(std::unique_ptr<rclcpp::SerializedMessage, std::default_delete<rclcpp::SerializedMessage> >, const rclcpp::MessageInfo&)>, std::function<void(std::shared_ptr<const vesc_msgs::msg::VescStateStamped_<std::allocator<void> > >)>, std::function<void(std::shared_ptr<const vesc_msgs::msg::VescStateStamped_<std::allocator<void> > >, const rclcpp::MessageInfo&)>, std::function<void(std::shared_ptr<const rclcpp::SerializedMessage>)>, std::function<void(std::shared_ptr<const rclcpp::SerializedMessage>, const rclcpp::MessageInfo&)>, std::function<void(const std::shared_ptr<const vesc_msgs::msg::VescStateStamped_<std::allocator<void> > >&)>, std::function<void(const std::shared_ptr<const vesc_msgs::msg::VescStateStamped_<std::allocator<void> > >&, const rclcpp::MessageInfo&)>, std::function<void(const std::shared_ptr<const rclcpp::SerializedMessage>&)>, std::function<void(const std::shared_ptr<const rclcpp::SerializedMessage>&, const rclcpp::MessageInfo&)>, std::function<void(std::shared_ptr<vesc_msgs::msg::VescStateStamped_<std::allocator<void> > >)>, std::function<void(std::shared_ptr<vesc_msgs::msg::VescStateStamped_<std::allocator<void> > >, const rclcpp::MessageInfo&)>, std::function<void(std::shared_ptr<rclcpp::SerializedMessage>)>, std::function<void(std::shared_ptr<rclcpp::SerializedMessage>, const rclcpp::MessageInfo&)> >&[m[K’
 1398 |       variant& operator=([01;36m[Kconst variant&[m[K) = default;
      |                          [01;36m[K^~~~~~~~~~~~~~[m[K
[01m[K/usr/include/c++/11/variant:1399:16:[m[K [01;36m[Knote: [m[Kcandidate: ‘[01m[Kstd::variant<_Types>& std::variant<_Types>::operator=(std::variant<_Types>&&) [with _Types = {std::function<void(const vesc_msgs::msg::VescStateStamped_<std::allocator<void> >&)>, std::function<void(const vesc_msgs::msg::VescStateStamped_<std::allocator<void> >&, const rclcpp::MessageInfo&)>, std::function<void(const rclcpp::SerializedMessage&)>, std::function<void(const rclcpp::SerializedMessage&, const rclcpp::MessageInfo&)>, std::function<void(std::unique_ptr<vesc_msgs::msg::VescStateStamped_<std::allocator<void> >, std::default_delete<vesc_msgs::msg::VescStateStamped_<std::allocator<void> > > >)>, std::function<void(std::unique_ptr<vesc_msgs::msg::VescStateStamped_<std::allocator<void> >, std::default_delete<vesc_msgs::msg::VescStateStamped_<std::allocator<void> > > >, const rclcpp::MessageInfo&)>, std::function<void(std::unique_ptr<rclcpp::SerializedMessage, std::default_delete<rclcpp::SerializedMessage> >)>, std::function<void(std::unique_ptr<rclcpp::SerializedMessage, std::default_delete<rclcpp::SerializedMessage> >, const rclcpp::MessageInfo&)>, std::function<void(std::shared_ptr<const vesc_msgs::msg::VescStateStamped_<std::allocator<void> > >)>, std::function<void(std::shared_ptr<const vesc_msgs::msg::VescStateStamped_<std::allocator<void> > >, const rclcpp::MessageInfo&)>, std::function<void(std::shared_ptr<const rclcpp::SerializedMessage>)>, std::function<void(std::shared_ptr<const rclcpp::SerializedMessage>, const rclcpp::MessageInfo&)>, std::function<void(const std::shared_ptr<const vesc_msgs::msg::VescStateStamped_<std::allocator<void> > >&)>, std::function<void(const std::shared_ptr<const vesc_msgs::msg::VescStateStamped_<std::allocator<void> > >&, const rclcpp::MessageInfo&)>, std::function<void(const std::shared_ptr<const rclcpp::SerializedMessage>&)>, std::function<void(const std::shared_ptr<const rclcpp::SerializedMessage>&, const rclcpp::MessageInfo&)>, std::function<void(std::shared_ptr<vesc_msgs::msg::VescStateStamped_<std::allocator<void> > >)>, std::function<void(std::shared_ptr<vesc_msgs::msg::VescStateStamped_<std::allocator<void> > >, const rclcpp::MessageInfo&)>, std::function<void(std::shared_ptr<rclcpp::SerializedMessage>)>, std::function<void(std::shared_ptr<rclcpp::SerializedMessage>, const rclcpp::MessageInfo&)>}][m[K’
 1399 |       variant& [01;36m[Koperator[m[K=(variant&&) = default;
      |                [01;36m[K^~~~~~~~[m[K
[01m[K/usr/include/c++/11/variant:1399:26:[m[K [01;36m[Knote: [m[K  no known conversion for argument 1 from ‘[01m[Krclcpp::detail::SubscriptionCallbackTypeHelper<vesc_msgs::msg::VescStateStamped_<std::allocator<void> >, std::_Bind<void (vesc_ackermann::VescToOdom::*(vesc_ackermann::VescToOdom*, std::_Placeholder<1>))(std::shared_ptr<std_msgs::msg::Float64_<std::allocator<void> > >)>, void>::callback_type[m[K’ {aka ‘[01m[Kstd::function<void(std::shared_ptr<std_msgs::msg::Float64_<std::allocator<void> > >)>[m[K’} to ‘[01m[Kstd::variant<std::function<void(const vesc_msgs::msg::VescStateStamped_<std::allocator<void> >&)>, std::function<void(const vesc_msgs::msg::VescStateStamped_<std::allocator<void> >&, const rclcpp::MessageInfo&)>, std::function<void(const rclcpp::SerializedMessage&)>, std::function<void(const rclcpp::SerializedMessage&, const rclcpp::MessageInfo&)>, std::function<void(std::unique_ptr<vesc_msgs::msg::VescStateStamped_<std::allocator<void> >, std::default_delete<vesc_msgs::msg::VescStateStamped_<std::allocator<void> > > >)>, std::function<void(std::unique_ptr<vesc_msgs::msg::VescStateStamped_<std::allocator<void> >, std::default_delete<vesc_msgs::msg::VescStateStamped_<std::allocator<void> > > >, const rclcpp::MessageInfo&)>, std::function<void(std::unique_ptr<rclcpp::SerializedMessage, std::default_delete<rclcpp::SerializedMessage> >)>, std::function<void(std::unique_ptr<rclcpp::SerializedMessage, std::default_delete<rclcpp::SerializedMessage> >, const rclcpp::MessageInfo&)>, std::function<void(std::shared_ptr<const vesc_msgs::msg::VescStateStamped_<std::allocator<void> > >)>, std::function<void(std::shared_ptr<const vesc_msgs::msg::VescStateStamped_<std::allocator<void> > >, const rclcpp::MessageInfo&)>, std::function<void(std::shared_ptr<const rclcpp::SerializedMessage>)>, std::function<void(std::shared_ptr<const rclcpp::SerializedMessage>, const rclcpp::MessageInfo&)>, std::function<void(const std::shared_ptr<const vesc_msgs::msg::VescStateStamped_<std::allocator<void> > >&)>, std::function<void(const std::shared_ptr<const vesc_msgs::msg::VescStateStamped_<std::allocator<void> > >&, const rclcpp::MessageInfo&)>, std::function<void(const std::shared_ptr<const rclcpp::SerializedMessage>&)>, std::function<void(const std::shared_ptr<const rclcpp::SerializedMessage>&, const rclcpp::MessageInfo&)>, std::function<void(std::shared_ptr<vesc_msgs::msg::VescStateStamped_<std::allocator<void> > >)>, std::function<void(std::shared_ptr<vesc_msgs::msg::VescStateStamped_<std::allocator<void> > >, const rclcpp::MessageInfo&)>, std::function<void(std::shared_ptr<rclcpp::SerializedMessage>)>, std::function<void(std::shared_ptr<rclcpp::SerializedMessage>, const rclcpp::MessageInfo&)> >&&[m[K’
 1399 |       variant& operator=([01;36m[Kvariant&&[m[K) = default;
      |                          [01;36m[K^~~~~~~~~[m[K
gmake[2]: *** [CMakeFiles/vesc_ackermann.dir/build.make:76: CMakeFiles/vesc_ackermann.dir/src/ackermann_to_vesc.cpp.o] Error 1
gmake[2]: *** Waiting for unfinished jobs....
gmake[2]: *** [CMakeFiles/vesc_ackermann.dir/build.make:90: CMakeFiles/vesc_ackermann.dir/src/vesc_to_odom.cpp.o] Error 1
gmake[1]: *** [CMakeFiles/Makefile2:141: CMakeFiles/vesc_ackermann.dir/all] Error 2
gmake: *** [Makefile:146: all] Error 2
