[0.017s] Invoking command in '/home/fabiocar/fabiocar/build/vesc_ackermann': AMENT_PREFIX_PATH=/home/fabiocar/fabiocar/install/vesc_msgs:${AMENT_PREFIX_PATH} CMAKE_PREFIX_PATH=/home/fabiocar/fabiocar/install/vesc_msgs:/home/fabiocar/roboracer_ws/install/vesc:/home/fabiocar/roboracer_ws/install/vesc_driver:/home/fabiocar/roboracer_ws/install/vesc_ackermann:/home/fabiocar/roboracer_ws/install/vesc_msgs:/home/fabiocar/roboracer_ws/install/ackermann_mux:/home/fabiocar/roboracer_ws/install/f1tenth_stack:/home/fabiocar/roboracer_ws/install/mpc_controller:/home/fabiocar/roboracer_ws/install/llm_mpc_tuner:/opt/ros/humble LD_LIBRARY_PATH=/home/fabiocar/fabiocar/install/vesc_msgs/lib:${LD_LIBRARY_PATH} PYTHONPATH=/home/fabiocar/fabiocar/install/vesc_msgs/local/lib/python3.10/dist-packages:${PYTHONPATH} /usr/bin/cmake /home/fabiocar/fabiocar/src/f1tenth_system/vesc/vesc_ackermann -DAMENT_CMAKE_SYMLINK_INSTALL=1 -DCMAKE_INSTALL_PREFIX=/home/fabiocar/fabiocar/install/vesc_ackermann
[0.094s] -- The C compiler identification is GNU 11.4.0
[0.167s] -- The CXX compiler identification is GNU 11.4.0
[0.178s] -- Detecting C compiler ABI info
[0.273s] -- Detecting C compiler ABI info - done
[0.282s] -- Check for working C compiler: /usr/bin/cc - skipped
[0.282s] -- Detecting C compile features
[0.283s] -- Detecting C compile features - done
[0.287s] -- Detecting CXX compiler ABI info
[0.393s] -- Detecting CXX compiler ABI info - done
[0.402s] -- Check for working CXX compiler: /usr/bin/c++ - skipped
[0.403s] -- Detecting CXX compile features
[0.403s] -- Detecting CXX compile features - done
[0.407s] -- Found ament_cmake_auto: 1.3.14 (/opt/ros/humble/share/ament_cmake_auto/cmake)
[1.025s] -- Found Python3: /usr/bin/python3 (found version "3.10.12") found components: Interpreter 
[1.131s] -- Override CMake install command with custom implementation using symlinks instead of copying resources
[1.351s] -- Found rosidl_generator_c: 3.1.8 (/opt/ros/humble/share/rosidl_generator_c/cmake)
[1.359s] -- Found rosidl_adapter: 3.1.8 (/opt/ros/humble/share/rosidl_adapter/cmake)
[1.373s] -- Found rosidl_generator_cpp: 3.1.8 (/opt/ros/humble/share/rosidl_generator_cpp/cmake)
[1.393s] -- Using all available rosidl_typesupport_c: rosidl_typesupport_fastrtps_c;rosidl_typesupport_introspection_c
[1.420s] -- Using all available rosidl_typesupport_cpp: rosidl_typesupport_fastrtps_cpp;rosidl_typesupport_introspection_cpp
[1.614s] -- Found rmw_implementation_cmake: 6.1.2 (/opt/ros/humble/share/rmw_implementation_cmake/cmake)
[1.620s] -- Found rmw_fastrtps_cpp: 6.2.10 (/opt/ros/humble/share/rmw_fastrtps_cpp/cmake)
[1.762s] -- Found OpenSSL: /usr/lib/aarch64-linux-gnu/libcrypto.so (found version "3.0.2")  
[1.800s] -- Found FastRTPS: /opt/ros/humble/include  
[1.857s] -- Using RMW implementation 'rmw_fastrtps_cpp' as default
[1.872s] -- Looking for pthread.h
[1.969s] -- Looking for pthread.h - found
[1.969s] -- Performing Test CMAKE_HAVE_LIBC_PTHREAD
[2.066s] -- Performing Test CMAKE_HAVE_LIBC_PTHREAD - Success
[2.067s] -- Found Threads: TRUE  
[2.310s] -- Found ament_lint_auto: 0.12.15 (/opt/ros/humble/share/ament_lint_auto/cmake)
[2.341s] [0mIn this package, headers install destination is set to `include` by ament_auto_package. It is recommended to install `include/vesc_ackermann` instead and will be the default behavior of ament_auto_package from ROS 2 Kilted Kaiju. On distributions before Kilted, ament_auto_package behaves the same way when you use USE_SCOPED_HEADER_INSTALL_DIR option.[0m
[2.349s] -- Added test 'copyright' to check source files copyright and LICENSE
[2.351s] -- Added test 'cppcheck' to perform static code analysis on C / C++ code
[2.352s] -- Configured cppcheck include dirs: /home/fabiocar/fabiocar/src/f1tenth_system/vesc/vesc_ackermann/include
[2.352s] -- Configured cppcheck exclude dirs and/or files: 
[2.353s] -- Added test 'cpplint' to check C / C++ code against the Google style
[2.353s] -- Configured cpplint exclude dirs and/or files: 
[2.355s] -- Added test 'lint_cmake' to check CMake code style
[2.357s] -- Added test 'uncrustify' to check C / C++ code style
[2.357s] -- Configured uncrustify additional arguments: 
[2.358s] -- Added test 'xmllint' to check XML markup files
[2.363s] -- Configuring done
[2.399s] -- Generating done
[2.417s] -- Build files have been written to: /home/fabiocar/fabiocar/build/vesc_ackermann
[2.442s] Invoked command in '/home/fabiocar/fabiocar/build/vesc_ackermann' returned '0': AMENT_PREFIX_PATH=/home/fabiocar/fabiocar/install/vesc_msgs:${AMENT_PREFIX_PATH} CMAKE_PREFIX_PATH=/home/fabiocar/fabiocar/install/vesc_msgs:/home/fabiocar/roboracer_ws/install/vesc:/home/fabiocar/roboracer_ws/install/vesc_driver:/home/fabiocar/roboracer_ws/install/vesc_ackermann:/home/fabiocar/roboracer_ws/install/vesc_msgs:/home/fabiocar/roboracer_ws/install/ackermann_mux:/home/fabiocar/roboracer_ws/install/f1tenth_stack:/home/fabiocar/roboracer_ws/install/mpc_controller:/home/fabiocar/roboracer_ws/install/llm_mpc_tuner:/opt/ros/humble LD_LIBRARY_PATH=/home/fabiocar/fabiocar/install/vesc_msgs/lib:${LD_LIBRARY_PATH} PYTHONPATH=/home/fabiocar/fabiocar/install/vesc_msgs/local/lib/python3.10/dist-packages:${PYTHONPATH} /usr/bin/cmake /home/fabiocar/fabiocar/src/f1tenth_system/vesc/vesc_ackermann -DAMENT_CMAKE_SYMLINK_INSTALL=1 -DCMAKE_INSTALL_PREFIX=/home/fabiocar/fabiocar/install/vesc_ackermann
[2.443s] Invoking command in '/home/fabiocar/fabiocar/build/vesc_ackermann': AMENT_PREFIX_PATH=/home/fabiocar/fabiocar/install/vesc_msgs:${AMENT_PREFIX_PATH} CMAKE_PREFIX_PATH=/home/fabiocar/fabiocar/install/vesc_msgs:/home/fabiocar/roboracer_ws/install/vesc:/home/fabiocar/roboracer_ws/install/vesc_driver:/home/fabiocar/roboracer_ws/install/vesc_ackermann:/home/fabiocar/roboracer_ws/install/vesc_msgs:/home/fabiocar/roboracer_ws/install/ackermann_mux:/home/fabiocar/roboracer_ws/install/f1tenth_stack:/home/fabiocar/roboracer_ws/install/mpc_controller:/home/fabiocar/roboracer_ws/install/llm_mpc_tuner:/opt/ros/humble LD_LIBRARY_PATH=/home/fabiocar/fabiocar/install/vesc_msgs/lib:${LD_LIBRARY_PATH} PYTHONPATH=/home/fabiocar/fabiocar/install/vesc_msgs/local/lib/python3.10/dist-packages:${PYTHONPATH} /usr/bin/cmake --build /home/fabiocar/fabiocar/build/vesc_ackermann -- -j12 -l12
[2.518s] [ 42%] [32mBuilding CXX object CMakeFiles/vesc_to_odom_node.dir/rclcpp_components/node_main_vesc_to_odom_node.cpp.o[0m
[2.519s] [ 42%] [32mBuilding CXX object CMakeFiles/vesc_ackermann.dir/src/vesc_to_odom.cpp.o[0m
[2.519s] [ 42%] [32mBuilding CXX object CMakeFiles/ackermann_to_vesc_node.dir/rclcpp_components/node_main_ackermann_to_vesc_node.cpp.o[0m
[2.531s] [ 57%] [32mBuilding CXX object CMakeFiles/vesc_ackermann.dir/src/ackermann_to_vesc.cpp.o[0m
[6.739s] [01m[K/home/fabiocar/fabiocar/src/f1tenth_system/vesc/vesc_ackermann/src/ackermann_to_vesc.cpp:[m[K In constructor ‘[01m[Kvesc_ackermann::AckermannToVesc::AckermannToVesc(const rclcpp::NodeOptions&)[m[K’:
[6.740s] [01m[K/home/fabiocar/fabiocar/src/f1tenth_system/vesc/vesc_ackermann/src/ackermann_to_vesc.cpp:51:42:[m[K [01;31m[Kerror: [m[Kno matching function for call to ‘[01m[Kvesc_ackermann::AckermannToVesc::declare_parameter(const char [19])[m[K’
[6.741s]    51 |   speed_to_erpm_gain_ = [01;31m[Kdeclare_parameter("speed_to_erpm_gain")[m[K.get<double>();
[6.741s]       |                         [01;31m[K~~~~~~~~~~~~~~~~~^~~~~~~~~~~~~~~~~~~~~~[m[K
[6.741s] In file included from [01m[K/opt/ros/humble/include/rclcpp/rclcpp/executors/single_threaded_executor.hpp:28[m[K,
[6.741s]                  from [01m[K/opt/ros/humble/include/rclcpp/rclcpp/executors.hpp:22[m[K,
[6.741s]                  from [01m[K/opt/ros/humble/include/rclcpp/rclcpp/rclcpp.hpp:155[m[K,
[6.741s]                  from [01m[K/home/fabiocar/fabiocar/src/f1tenth_system/vesc/vesc_ackermann/include/vesc_ackermann/ackermann_to_vesc.hpp:35[m[K,
[6.741s]                  from [01m[K/home/fabiocar/fabiocar/src/f1tenth_system/vesc/vesc_ackermann/src/ackermann_to_vesc.cpp:31[m[K:
[6.742s] [01m[K/opt/ros/humble/include/rclcpp/rclcpp/node.hpp:421:3:[m[K [01;36m[Knote: [m[Kcandidate: ‘[01m[Ktemplate<class ParameterT> auto rclcpp::Node::declare_parameter(const string&, const ParameterT&, const ParameterDescriptor&, bool)[m[K’
[6.742s]   421 |   [01;36m[Kdeclare_parameter[m[K(
[6.742s]       |   [01;36m[K^~~~~~~~~~~~~~~~~[m[K
[6.742s] [01m[K/opt/ros/humble/include/rclcpp/rclcpp/node.hpp:421:3:[m[K [01;36m[Knote: [m[K  template argument deduction/substitution failed:
[6.742s] [01m[K/home/fabiocar/fabiocar/src/f1tenth_system/vesc/vesc_ackermann/src/ackermann_to_vesc.cpp:51:42:[m[K [01;36m[Knote: [m[K  candidate expects 4 arguments, 1 provided
[6.742s]    51 |   speed_to_erpm_gain_ = [01;36m[Kdeclare_parameter("speed_to_erpm_gain")[m[K.get<double>();
[6.742s]       |                         [01;36m[K~~~~~~~~~~~~~~~~~^~~~~~~~~~~~~~~~~~~~~~[m[K
[6.742s] In file included from [01m[K/opt/ros/humble/include/rclcpp/rclcpp/executors/single_threaded_executor.hpp:28[m[K,
[6.742s]                  from [01m[K/opt/ros/humble/include/rclcpp/rclcpp/executors.hpp:22[m[K,
[6.743s]                  from [01m[K/opt/ros/humble/include/rclcpp/rclcpp/rclcpp.hpp:155[m[K,
[6.743s]                  from [01m[K/home/fabiocar/fabiocar/src/f1tenth_system/vesc/vesc_ackermann/include/vesc_ackermann/ackermann_to_vesc.hpp:35[m[K,
[6.743s]                  from [01m[K/home/fabiocar/fabiocar/src/f1tenth_system/vesc/vesc_ackermann/src/ackermann_to_vesc.cpp:31[m[K:
[6.743s] [01m[K/opt/ros/humble/include/rclcpp/rclcpp/node.hpp:434:3:[m[K [01;36m[Knote: [m[Kcandidate: ‘[01m[Ktemplate<class ParameterT> auto rclcpp::Node::declare_parameter(const string&, const ParameterDescriptor&, bool)[m[K’
[6.743s]   434 |   [01;36m[Kdeclare_parameter[m[K(
[6.743s]       |   [01;36m[K^~~~~~~~~~~~~~~~~[m[K
[6.743s] [01m[K/opt/ros/humble/include/rclcpp/rclcpp/node.hpp:434:3:[m[K [01;36m[Knote: [m[K  template argument deduction/substitution failed:
[6.743s] [01m[K/home/fabiocar/fabiocar/src/f1tenth_system/vesc/vesc_ackermann/src/ackermann_to_vesc.cpp:51:42:[m[K [01;36m[Knote: [m[K  couldn’t deduce template parameter ‘[01m[KParameterT[m[K’
[6.743s]    51 |   speed_to_erpm_gain_ = [01;36m[Kdeclare_parameter("speed_to_erpm_gain")[m[K.get<double>();
[6.743s]       |                         [01;36m[K~~~~~~~~~~~~~~~~~^~~~~~~~~~~~~~~~~~~~~~[m[K
[6.743s] In file included from [01m[K/opt/ros/humble/include/rclcpp/rclcpp/executors/single_threaded_executor.hpp:28[m[K,
[6.744s]                  from [01m[K/opt/ros/humble/include/rclcpp/rclcpp/executors.hpp:22[m[K,
[6.744s]                  from [01m[K/opt/ros/humble/include/rclcpp/rclcpp/rclcpp.hpp:155[m[K,
[6.744s]                  from [01m[K/home/fabiocar/fabiocar/src/f1tenth_system/vesc/vesc_ackermann/include/vesc_ackermann/ackermann_to_vesc.hpp:35[m[K,
[6.744s]                  from [01m[K/home/fabiocar/fabiocar/src/f1tenth_system/vesc/vesc_ackermann/src/ackermann_to_vesc.cpp:31[m[K:
[6.744s] [01m[K/opt/ros/humble/include/rclcpp/rclcpp/node.hpp:366:3:[m[K [01;36m[Knote: [m[Kcandidate: ‘[01m[Kconst rclcpp::ParameterValue& rclcpp::Node::declare_parameter(const string&, const rclcpp::ParameterValue&, const ParameterDescriptor&, bool)[m[K’
[6.744s]   366 |   [01;36m[Kdeclare_parameter[m[K(
[6.744s]       |   [01;36m[K^~~~~~~~~~~~~~~~~[m[K
[6.744s] [01m[K/opt/ros/humble/include/rclcpp/rclcpp/node.hpp:366:3:[m[K [01;36m[Knote: [m[K  candidate expects 4 arguments, 1 provided
[6.744s] [01m[K/opt/ros/humble/include/rclcpp/rclcpp/node.hpp:391:3:[m[K [01;36m[Knote: [m[Kcandidate: ‘[01m[Kconst rclcpp::ParameterValue& rclcpp::Node::declare_parameter(const string&, rclcpp::ParameterType, const ParameterDescriptor&, bool)[m[K’
[6.744s]   391 |   [01;36m[Kdeclare_parameter[m[K(
[6.745s]       |   [01;36m[K^~~~~~~~~~~~~~~~~[m[K
[6.745s] [01m[K/opt/ros/humble/include/rclcpp/rclcpp/node.hpp:391:3:[m[K [01;36m[Knote: [m[K  candidate expects 4 arguments, 1 provided
[6.745s] [01m[K/home/fabiocar/fabiocar/src/f1tenth_system/vesc/vesc_ackermann/src/ackermann_to_vesc.cpp:51:69:[m[K [01;31m[Kerror: [m[Kexpected primary-expression before ‘[01m[Kdouble[m[K’
[6.745s]    51 |   speed_to_erpm_gain_ = declare_parameter("speed_to_erpm_gain").get<[01;31m[Kdouble[m[K>();
[6.745s]       |                                                                     [01;31m[K^~~~~~[m[K
[6.745s] [01m[K/home/fabiocar/fabiocar/src/f1tenth_system/vesc/vesc_ackermann/src/ackermann_to_vesc.cpp:52:44:[m[K [01;31m[Kerror: [m[Kno matching function for call to ‘[01m[Kvesc_ackermann::AckermannToVesc::declare_parameter(const char [21])[m[K’
[6.745s]    52 |   speed_to_erpm_offset_ = [01;31m[Kdeclare_parameter("speed_to_erpm_offset")[m[K.get<double>();
[6.745s]       |                           [01;31m[K~~~~~~~~~~~~~~~~~^~~~~~~~~~~~~~~~~~~~~~~~[m[K
[6.745s] In file included from [01m[K/opt/ros/humble/include/rclcpp/rclcpp/executors/single_threaded_executor.hpp:28[m[K,
[6.745s]                  from [01m[K/opt/ros/humble/include/rclcpp/rclcpp/executors.hpp:22[m[K,
[6.746s]                  from [01m[K/opt/ros/humble/include/rclcpp/rclcpp/rclcpp.hpp:155[m[K,
[6.746s]                  from [01m[K/home/fabiocar/fabiocar/src/f1tenth_system/vesc/vesc_ackermann/include/vesc_ackermann/ackermann_to_vesc.hpp:35[m[K,
[6.746s]                  from [01m[K/home/fabiocar/fabiocar/src/f1tenth_system/vesc/vesc_ackermann/src/ackermann_to_vesc.cpp:31[m[K:
[6.746s] [01m[K/opt/ros/humble/include/rclcpp/rclcpp/node.hpp:421:3:[m[K [01;36m[Knote: [m[Kcandidate: ‘[01m[Ktemplate<class ParameterT> auto rclcpp::Node::declare_parameter(const string&, const ParameterT&, const ParameterDescriptor&, bool)[m[K’
[6.746s]   421 |   [01;36m[Kdeclare_parameter[m[K(
[6.746s]       |   [01;36m[K^~~~~~~~~~~~~~~~~[m[K
[6.746s] [01m[K/opt/ros/humble/include/rclcpp/rclcpp/node.hpp:421:3:[m[K [01;36m[Knote: [m[K  template argument deduction/substitution failed:
[6.746s] [01m[K/home/fabiocar/fabiocar/src/f1tenth_system/vesc/vesc_ackermann/src/ackermann_to_vesc.cpp:52:44:[m[K [01;36m[Knote: [m[K  candidate expects 4 arguments, 1 provided
[6.746s]    52 |   speed_to_erpm_offset_ = [01;36m[Kdeclare_parameter("speed_to_erpm_offset")[m[K.get<double>();
[6.746s]       |                           [01;36m[K~~~~~~~~~~~~~~~~~^~~~~~~~~~~~~~~~~~~~~~~~[m[K
[6.746s] In file included from [01m[K/opt/ros/humble/include/rclcpp/rclcpp/executors/single_threaded_executor.hpp:28[m[K,
[6.747s]                  from [01m[K/opt/ros/humble/include/rclcpp/rclcpp/executors.hpp:22[m[K,
[6.747s]                  from [01m[K/opt/ros/humble/include/rclcpp/rclcpp/rclcpp.hpp:155[m[K,
[6.747s]                  from [01m[K/home/fabiocar/fabiocar/src/f1tenth_system/vesc/vesc_ackermann/include/vesc_ackermann/ackermann_to_vesc.hpp:35[m[K,
[6.747s]                  from [01m[K/home/fabiocar/fabiocar/src/f1tenth_system/vesc/vesc_ackermann/src/ackermann_to_vesc.cpp:31[m[K:
[6.747s] [01m[K/opt/ros/humble/include/rclcpp/rclcpp/node.hpp:434:3:[m[K [01;36m[Knote: [m[Kcandidate: ‘[01m[Ktemplate<class ParameterT> auto rclcpp::Node::declare_parameter(const string&, const ParameterDescriptor&, bool)[m[K’
[6.747s]   434 |   [01;36m[Kdeclare_parameter[m[K(
[6.747s]       |   [01;36m[K^~~~~~~~~~~~~~~~~[m[K
[6.747s] [01m[K/opt/ros/humble/include/rclcpp/rclcpp/node.hpp:434:3:[m[K [01;36m[Knote: [m[K  template argument deduction/substitution failed:
[6.747s] [01m[K/home/fabiocar/fabiocar/src/f1tenth_system/vesc/vesc_ackermann/src/ackermann_to_vesc.cpp:52:44:[m[K [01;36m[Knote: [m[K  couldn’t deduce template parameter ‘[01m[KParameterT[m[K’
[6.747s]    52 |   speed_to_erpm_offset_ = [01;36m[Kdeclare_parameter("speed_to_erpm_offset")[m[K.get<double>();
[6.748s]       |                           [01;36m[K~~~~~~~~~~~~~~~~~^~~~~~~~~~~~~~~~~~~~~~~~[m[K
[6.748s] In file included from [01m[K/opt/ros/humble/include/rclcpp/rclcpp/executors/single_threaded_executor.hpp:28[m[K,
[6.748s]                  from [01m[K/opt/ros/humble/include/rclcpp/rclcpp/executors.hpp:22[m[K,
[6.748s]                  from [01m[K/opt/ros/humble/include/rclcpp/rclcpp/rclcpp.hpp:155[m[K,
[6.748s]                  from [01m[K/home/fabiocar/fabiocar/src/f1tenth_system/vesc/vesc_ackermann/include/vesc_ackermann/ackermann_to_vesc.hpp:35[m[K,
[6.748s]                  from [01m[K/home/fabiocar/fabiocar/src/f1tenth_system/vesc/vesc_ackermann/src/ackermann_to_vesc.cpp:31[m[K:
[6.748s] [01m[K/opt/ros/humble/include/rclcpp/rclcpp/node.hpp:366:3:[m[K [01;36m[Knote: [m[Kcandidate: ‘[01m[Kconst rclcpp::ParameterValue& rclcpp::Node::declare_parameter(const string&, const rclcpp::ParameterValue&, const ParameterDescriptor&, bool)[m[K’
[6.748s]   366 |   [01;36m[Kdeclare_parameter[m[K(
[6.748s]       |   [01;36m[K^~~~~~~~~~~~~~~~~[m[K
[6.748s] [01m[K/opt/ros/humble/include/rclcpp/rclcpp/node.hpp:366:3:[m[K [01;36m[Knote: [m[K  candidate expects 4 arguments, 1 provided
[6.749s] [01m[K/opt/ros/humble/include/rclcpp/rclcpp/node.hpp:391:3:[m[K [01;36m[Knote: [m[Kcandidate: ‘[01m[Kconst rclcpp::ParameterValue& rclcpp::Node::declare_parameter(const string&, rclcpp::ParameterType, const ParameterDescriptor&, bool)[m[K’
[6.749s]   391 |   [01;36m[Kdeclare_parameter[m[K(
[6.749s]       |   [01;36m[K^~~~~~~~~~~~~~~~~[m[K
[6.749s] [01m[K/opt/ros/humble/include/rclcpp/rclcpp/node.hpp:391:3:[m[K [01;36m[Knote: [m[K  candidate expects 4 arguments, 1 provided
[6.749s] [01m[K/home/fabiocar/fabiocar/src/f1tenth_system/vesc/vesc_ackermann/src/ackermann_to_vesc.cpp:52:73:[m[K [01;31m[Kerror: [m[Kexpected primary-expression before ‘[01m[Kdouble[m[K’
[6.749s]    52 |   speed_to_erpm_offset_ = declare_parameter("speed_to_erpm_offset").get<[01;31m[Kdouble[m[K>();
[6.749s]       |                                                                         [01;31m[K^~~~~~[m[K
[6.749s] [01m[K/home/fabiocar/fabiocar/src/f1tenth_system/vesc/vesc_ackermann/src/ackermann_to_vesc.cpp:53:46:[m[K [01;31m[Kerror: [m[Kno matching function for call to ‘[01m[Kvesc_ackermann::AckermannToVesc::declare_parameter(const char [29])[m[K’
[6.749s]    53 |   steering_to_servo_gain_ = [01;31m[Kdeclare_parameter("steering_angle_to_servo_gain")[m[K.get<double>();
[6.749s]       |                             [01;31m[K~~~~~~~~~~~~~~~~~^~~~~~~~~~~~~~~~~~~~~~~~~~~~~~~~[m[K
[6.749s] In file included from [01m[K/opt/ros/humble/include/rclcpp/rclcpp/executors/single_threaded_executor.hpp:28[m[K,
[6.750s]                  from [01m[K/opt/ros/humble/include/rclcpp/rclcpp/executors.hpp:22[m[K,
[6.750s]                  from [01m[K/opt/ros/humble/include/rclcpp/rclcpp/rclcpp.hpp:155[m[K,
[6.750s]                  from [01m[K/home/fabiocar/fabiocar/src/f1tenth_system/vesc/vesc_ackermann/include/vesc_ackermann/ackermann_to_vesc.hpp:35[m[K,
[6.750s]                  from [01m[K/home/fabiocar/fabiocar/src/f1tenth_system/vesc/vesc_ackermann/src/ackermann_to_vesc.cpp:31[m[K:
[6.750s] [01m[K/opt/ros/humble/include/rclcpp/rclcpp/node.hpp:421:3:[m[K [01;36m[Knote: [m[Kcandidate: ‘[01m[Ktemplate<class ParameterT> auto rclcpp::Node::declare_parameter(const string&, const ParameterT&, const ParameterDescriptor&, bool)[m[K’
[6.750s]   421 |   [01;36m[Kdeclare_parameter[m[K(
[6.750s]       |   [01;36m[K^~~~~~~~~~~~~~~~~[m[K
[6.750s] [01m[K/opt/ros/humble/include/rclcpp/rclcpp/node.hpp:421:3:[m[K [01;36m[Knote: [m[K  template argument deduction/substitution failed:
[6.750s] [01m[K/home/fabiocar/fabiocar/src/f1tenth_system/vesc/vesc_ackermann/src/ackermann_to_vesc.cpp:53:46:[m[K [01;36m[Knote: [m[K  candidate expects 4 arguments, 1 provided
[6.750s]    53 |   steering_to_servo_gain_ = [01;36m[Kdeclare_parameter("steering_angle_to_servo_gain")[m[K.get<double>();
[6.751s]       |                             [01;36m[K~~~~~~~~~~~~~~~~~^~~~~~~~~~~~~~~~~~~~~~~~~~~~~~~~[m[K
[6.751s] In file included from [01m[K/opt/ros/humble/include/rclcpp/rclcpp/executors/single_threaded_executor.hpp:28[m[K,
[6.751s]                  from [01m[K/opt/ros/humble/include/rclcpp/rclcpp/executors.hpp:22[m[K,
[6.751s]                  from [01m[K/opt/ros/humble/include/rclcpp/rclcpp/rclcpp.hpp:155[m[K,
[6.751s]                  from [01m[K/home/fabiocar/fabiocar/src/f1tenth_system/vesc/vesc_ackermann/include/vesc_ackermann/ackermann_to_vesc.hpp:35[m[K,
[6.751s]                  from [01m[K/home/fabiocar/fabiocar/src/f1tenth_system/vesc/vesc_ackermann/src/ackermann_to_vesc.cpp:31[m[K:
[6.751s] [01m[K/opt/ros/humble/include/rclcpp/rclcpp/node.hpp:434:3:[m[K [01;36m[Knote: [m[Kcandidate: ‘[01m[Ktemplate<class ParameterT> auto rclcpp::Node::declare_parameter(const string&, const ParameterDescriptor&, bool)[m[K’
[6.751s]   434 |   [01;36m[Kdeclare_parameter[m[K(
[6.751s]       |   [01;36m[K^~~~~~~~~~~~~~~~~[m[K
[6.751s] [01m[K/opt/ros/humble/include/rclcpp/rclcpp/node.hpp:434:3:[m[K [01;36m[Knote: [m[K  template argument deduction/substitution failed:
[6.752s] [01m[K/home/fabiocar/fabiocar/src/f1tenth_system/vesc/vesc_ackermann/src/ackermann_to_vesc.cpp:53:46:[m[K [01;36m[Knote: [m[K  couldn’t deduce template parameter ‘[01m[KParameterT[m[K’
[6.752s]    53 |   steering_to_servo_gain_ = [01;36m[Kdeclare_parameter("steering_angle_to_servo_gain")[m[K.get<double>();
[6.752s]       |                             [01;36m[K~~~~~~~~~~~~~~~~~^~~~~~~~~~~~~~~~~~~~~~~~~~~~~~~~[m[K
[6.752s] In file included from [01m[K/opt/ros/humble/include/rclcpp/rclcpp/executors/single_threaded_executor.hpp:28[m[K,
[6.752s]                  from [01m[K/opt/ros/humble/include/rclcpp/rclcpp/executors.hpp:22[m[K,
[6.752s]                  from [01m[K/opt/ros/humble/include/rclcpp/rclcpp/rclcpp.hpp:155[m[K,
[6.752s]                  from [01m[K/home/fabiocar/fabiocar/src/f1tenth_system/vesc/vesc_ackermann/include/vesc_ackermann/ackermann_to_vesc.hpp:35[m[K,
[6.752s]                  from [01m[K/home/fabiocar/fabiocar/src/f1tenth_system/vesc/vesc_ackermann/src/ackermann_to_vesc.cpp:31[m[K:
[6.752s] [01m[K/opt/ros/humble/include/rclcpp/rclcpp/node.hpp:366:3:[m[K [01;36m[Knote: [m[Kcandidate: ‘[01m[Kconst rclcpp::ParameterValue& rclcpp::Node::declare_parameter(const string&, const rclcpp::ParameterValue&, const ParameterDescriptor&, bool)[m[K’
[6.752s]   366 |   [01;36m[Kdeclare_parameter[m[K(
[6.752s]       |   [01;36m[K^~~~~~~~~~~~~~~~~[m[K
[6.753s] [01m[K/opt/ros/humble/include/rclcpp/rclcpp/node.hpp:366:3:[m[K [01;36m[Knote: [m[K  candidate expects 4 arguments, 1 provided
[6.753s] [01m[K/opt/ros/humble/include/rclcpp/rclcpp/node.hpp:391:3:[m[K [01;36m[Knote: [m[Kcandidate: ‘[01m[Kconst rclcpp::ParameterValue& rclcpp::Node::declare_parameter(const string&, rclcpp::ParameterType, const ParameterDescriptor&, bool)[m[K’
[6.753s]   391 |   [01;36m[Kdeclare_parameter[m[K(
[6.753s]       |   [01;36m[K^~~~~~~~~~~~~~~~~[m[K
[6.753s] [01m[K/opt/ros/humble/include/rclcpp/rclcpp/node.hpp:391:3:[m[K [01;36m[Knote: [m[K  candidate expects 4 arguments, 1 provided
[6.753s] [01m[K/home/fabiocar/fabiocar/src/f1tenth_system/vesc/vesc_ackermann/src/ackermann_to_vesc.cpp:53:83:[m[K [01;31m[Kerror: [m[Kexpected primary-expression before ‘[01m[Kdouble[m[K’
[6.753s]    53 |   steering_to_servo_gain_ = declare_parameter("steering_angle_to_servo_gain").get<[01;31m[Kdouble[m[K>();
[6.753s]       |                                                                                   [01;31m[K^~~~~~[m[K
[6.753s] [01m[K/home/fabiocar/fabiocar/src/f1tenth_system/vesc/vesc_ackermann/src/ackermann_to_vesc.cpp:54:48:[m[K [01;31m[Kerror: [m[Kno matching function for call to ‘[01m[Kvesc_ackermann::AckermannToVesc::declare_parameter(const char [31])[m[K’
[6.753s]    54 |   steering_to_servo_offset_ = [01;31m[Kdeclare_parameter("steering_angle_to_servo_offset")[m[K.get<double>();
[6.754s]       |                               [01;31m[K~~~~~~~~~~~~~~~~~^~~~~~~~~~~~~~~~~~~~~~~~~~~~~~~~~~[m[K
[6.754s] In file included from [01m[K/opt/ros/humble/include/rclcpp/rclcpp/executors/single_threaded_executor.hpp:28[m[K,
[6.754s]                  from [01m[K/opt/ros/humble/include/rclcpp/rclcpp/executors.hpp:22[m[K,
[6.754s]                  from [01m[K/opt/ros/humble/include/rclcpp/rclcpp/rclcpp.hpp:155[m[K,
[6.754s]                  from [01m[K/home/fabiocar/fabiocar/src/f1tenth_system/vesc/vesc_ackermann/include/vesc_ackermann/ackermann_to_vesc.hpp:35[m[K,
[6.754s]                  from [01m[K/home/fabiocar/fabiocar/src/f1tenth_system/vesc/vesc_ackermann/src/ackermann_to_vesc.cpp:31[m[K:
[6.754s] [01m[K/opt/ros/humble/include/rclcpp/rclcpp/node.hpp:421:3:[m[K [01;36m[Knote: [m[Kcandidate: ‘[01m[Ktemplate<class ParameterT> auto rclcpp::Node::declare_parameter(const string&, const ParameterT&, const ParameterDescriptor&, bool)[m[K’
[6.754s]   421 |   [01;36m[Kdeclare_parameter[m[K(
[6.754s]       |   [01;36m[K^~~~~~~~~~~~~~~~~[m[K
[6.754s] [01m[K/opt/ros/humble/include/rclcpp/rclcpp/node.hpp:421:3:[m[K [01;36m[Knote: [m[K  template argument deduction/substitution failed:
[6.754s] [01m[K/home/fabiocar/fabiocar/src/f1tenth_system/vesc/vesc_ackermann/src/ackermann_to_vesc.cpp:54:48:[m[K [01;36m[Knote: [m[K  candidate expects 4 arguments, 1 provided
[6.755s]    54 |   steering_to_servo_offset_ = [01;36m[Kdeclare_parameter("steering_angle_to_servo_offset")[m[K.get<double>();
[6.755s]       |                               [01;36m[K~~~~~~~~~~~~~~~~~^~~~~~~~~~~~~~~~~~~~~~~~~~~~~~~~~~[m[K
[6.755s] In file included from [01m[K/opt/ros/humble/include/rclcpp/rclcpp/executors/single_threaded_executor.hpp:28[m[K,
[6.755s]                  from [01m[K/opt/ros/humble/include/rclcpp/rclcpp/executors.hpp:22[m[K,
[6.755s]                  from [01m[K/opt/ros/humble/include/rclcpp/rclcpp/rclcpp.hpp:155[m[K,
[6.755s]                  from [01m[K/home/fabiocar/fabiocar/src/f1tenth_system/vesc/vesc_ackermann/include/vesc_ackermann/ackermann_to_vesc.hpp:35[m[K,
[6.755s]                  from [01m[K/home/fabiocar/fabiocar/src/f1tenth_system/vesc/vesc_ackermann/src/ackermann_to_vesc.cpp:31[m[K:
[6.755s] [01m[K/opt/ros/humble/include/rclcpp/rclcpp/node.hpp:434:3:[m[K [01;36m[Knote: [m[Kcandidate: ‘[01m[Ktemplate<class ParameterT> auto rclcpp::Node::declare_parameter(const string&, const ParameterDescriptor&, bool)[m[K’
[6.755s]   434 |   [01;36m[Kdeclare_parameter[m[K(
[6.755s]       |   [01;36m[K^~~~~~~~~~~~~~~~~[m[K
[6.755s] [01m[K/opt/ros/humble/include/rclcpp/rclcpp/node.hpp:434:3:[m[K [01;36m[Knote: [m[K  template argument deduction/substitution failed:
[6.756s] [01m[K/home/fabiocar/fabiocar/src/f1tenth_system/vesc/vesc_ackermann/src/ackermann_to_vesc.cpp:54:48:[m[K [01;36m[Knote: [m[K  couldn’t deduce template parameter ‘[01m[KParameterT[m[K’
[6.756s]    54 |   steering_to_servo_offset_ = [01;36m[Kdeclare_parameter("steering_angle_to_servo_offset")[m[K.get<double>();
[6.756s]       |                               [01;36m[K~~~~~~~~~~~~~~~~~^~~~~~~~~~~~~~~~~~~~~~~~~~~~~~~~~~[m[K
[6.756s] In file included from [01m[K/opt/ros/humble/include/rclcpp/rclcpp/executors/single_threaded_executor.hpp:28[m[K,
[6.756s]                  from [01m[K/opt/ros/humble/include/rclcpp/rclcpp/executors.hpp:22[m[K,
[6.756s]                  from [01m[K/opt/ros/humble/include/rclcpp/rclcpp/rclcpp.hpp:155[m[K,
[6.756s]                  from [01m[K/home/fabiocar/fabiocar/src/f1tenth_system/vesc/vesc_ackermann/include/vesc_ackermann/ackermann_to_vesc.hpp:35[m[K,
[6.756s]                  from [01m[K/home/fabiocar/fabiocar/src/f1tenth_system/vesc/vesc_ackermann/src/ackermann_to_vesc.cpp:31[m[K:
[6.756s] [01m[K/opt/ros/humble/include/rclcpp/rclcpp/node.hpp:366:3:[m[K [01;36m[Knote: [m[Kcandidate: ‘[01m[Kconst rclcpp::ParameterValue& rclcpp::Node::declare_parameter(const string&, const rclcpp::ParameterValue&, const ParameterDescriptor&, bool)[m[K’
[6.756s]   366 |   [01;36m[Kdeclare_parameter[m[K(
[6.756s]       |   [01;36m[K^~~~~~~~~~~~~~~~~[m[K
[6.757s] [01m[K/opt/ros/humble/include/rclcpp/rclcpp/node.hpp:366:3:[m[K [01;36m[Knote: [m[K  candidate expects 4 arguments, 1 provided
[6.757s] [01m[K/opt/ros/humble/include/rclcpp/rclcpp/node.hpp:391:3:[m[K [01;36m[Knote: [m[Kcandidate: ‘[01m[Kconst rclcpp::ParameterValue& rclcpp::Node::declare_parameter(const string&, rclcpp::ParameterType, const ParameterDescriptor&, bool)[m[K’
[6.757s]   391 |   [01;36m[Kdeclare_parameter[m[K(
[6.757s]       |   [01;36m[K^~~~~~~~~~~~~~~~~[m[K
[6.757s] [01m[K/opt/ros/humble/include/rclcpp/rclcpp/node.hpp:391:3:[m[K [01;36m[Knote: [m[K  candidate expects 4 arguments, 1 provided
[6.757s] [01m[K/home/fabiocar/fabiocar/src/f1tenth_system/vesc/vesc_ackermann/src/ackermann_to_vesc.cpp:54:87:[m[K [01;31m[Kerror: [m[Kexpected primary-expression before ‘[01m[Kdouble[m[K’
[6.757s]    54 |   steering_to_servo_offset_ = declare_parameter("steering_angle_to_servo_offset").get<[01;31m[Kdouble[m[K>();
[6.757s]       |                                                                                       [01;31m[K^~~~~~[m[K
[6.914s] [01m[K/home/fabiocar/fabiocar/src/f1tenth_system/vesc/vesc_ackermann/src/vesc_to_odom.cpp:[m[K In constructor ‘[01m[Kvesc_ackermann::VescToOdom::VescToOdom(const rclcpp::NodeOptions&)[m[K’:
[6.915s] [01m[K/home/fabiocar/fabiocar/src/f1tenth_system/vesc/vesc_ackermann/src/vesc_to_odom.cpp:62:42:[m[K [01;31m[Kerror: [m[Kno matching function for call to ‘[01m[Kvesc_ackermann::VescToOdom::declare_parameter(const char [19])[m[K’
[6.915s]    62 |   speed_to_erpm_gain_ = [01;31m[Kdeclare_parameter("speed_to_erpm_gain")[m[K.get<double>();
[6.915s]       |                         [01;31m[K~~~~~~~~~~~~~~~~~^~~~~~~~~~~~~~~~~~~~~~[m[K
[6.915s] In file included from [01m[K/opt/ros/humble/include/rclcpp/rclcpp/node.hpp:1321[m[K,
[6.915s]                  from [01m[K/opt/ros/humble/include/rclcpp/rclcpp/executors/single_threaded_executor.hpp:28[m[K,
[6.915s]                  from [01m[K/opt/ros/humble/include/rclcpp/rclcpp/executors.hpp:22[m[K,
[6.915s]                  from [01m[K/opt/ros/humble/include/rclcpp/rclcpp/rclcpp.hpp:155[m[K,
[6.915s]                  from [01m[K/home/fabiocar/fabiocar/src/f1tenth_system/vesc/vesc_ackermann/include/vesc_ackermann/vesc_to_odom.hpp:35[m[K,
[6.915s]                  from [01m[K/home/fabiocar/fabiocar/src/f1tenth_system/vesc/vesc_ackermann/src/vesc_to_odom.cpp:31[m[K:
[6.916s] [01m[K/opt/ros/humble/include/rclcpp/rclcpp/node_impl.hpp:195:1:[m[K [01;36m[Knote: [m[Kcandidate: ‘[01m[Ktemplate<class ParameterT> auto rclcpp::Node::declare_parameter(const string&, const ParameterT&, const ParameterDescriptor&, bool)[m[K’
[6.916s]   195 | [01;36m[KNode[m[K::declare_parameter(
[6.916s]       | [01;36m[K^~~~[m[K
[6.916s] [01m[K/opt/ros/humble/include/rclcpp/rclcpp/node_impl.hpp:195:1:[m[K [01;36m[Knote: [m[K  template argument deduction/substitution failed:
[6.916s] [01m[K/home/fabiocar/fabiocar/src/f1tenth_system/vesc/vesc_ackermann/src/vesc_to_odom.cpp:62:42:[m[K [01;36m[Knote: [m[K  candidate expects 4 arguments, 1 provided
[6.916s]    62 |   speed_to_erpm_gain_ = [01;36m[Kdeclare_parameter("speed_to_erpm_gain")[m[K.get<double>();
[6.916s]       |                         [01;36m[K~~~~~~~~~~~~~~~~~^~~~~~~~~~~~~~~~~~~~~~[m[K
[6.916s] In file included from [01m[K/opt/ros/humble/include/rclcpp/rclcpp/executors/single_threaded_executor.hpp:28[m[K,
[6.916s]                  from [01m[K/opt/ros/humble/include/rclcpp/rclcpp/executors.hpp:22[m[K,
[6.916s]                  from [01m[K/opt/ros/humble/include/rclcpp/rclcpp/rclcpp.hpp:155[m[K,
[6.916s]                  from [01m[K/home/fabiocar/fabiocar/src/f1tenth_system/vesc/vesc_ackermann/include/vesc_ackermann/vesc_to_odom.hpp:35[m[K,
[6.917s]                  from [01m[K/home/fabiocar/fabiocar/src/f1tenth_system/vesc/vesc_ackermann/src/vesc_to_odom.cpp:31[m[K:
[6.917s] [01m[K/opt/ros/humble/include/rclcpp/rclcpp/node.hpp:434:3:[m[K [01;36m[Knote: [m[Kcandidate: ‘[01m[Ktemplate<class ParameterT> auto rclcpp::Node::declare_parameter(const string&, const ParameterDescriptor&, bool)[m[K’
[6.917s]   434 |   [01;36m[Kdeclare_parameter[m[K(
[6.917s]       |   [01;36m[K^~~~~~~~~~~~~~~~~[m[K
[6.917s] [01m[K/opt/ros/humble/include/rclcpp/rclcpp/node.hpp:434:3:[m[K [01;36m[Knote: [m[K  template argument deduction/substitution failed:
[6.917s] [01m[K/home/fabiocar/fabiocar/src/f1tenth_system/vesc/vesc_ackermann/src/vesc_to_odom.cpp:62:42:[m[K [01;36m[Knote: [m[K  couldn’t deduce template parameter ‘[01m[KParameterT[m[K’
[6.917s]    62 |   speed_to_erpm_gain_ = [01;36m[Kdeclare_parameter("speed_to_erpm_gain")[m[K.get<double>();
[6.917s]       |                         [01;36m[K~~~~~~~~~~~~~~~~~^~~~~~~~~~~~~~~~~~~~~~[m[K
[6.917s] In file included from [01m[K/opt/ros/humble/include/rclcpp/rclcpp/executors/single_threaded_executor.hpp:28[m[K,
[6.917s]                  from [01m[K/opt/ros/humble/include/rclcpp/rclcpp/executors.hpp:22[m[K,
[6.918s]                  from [01m[K/opt/ros/humble/include/rclcpp/rclcpp/rclcpp.hpp:155[m[K,
[6.918s]                  from [01m[K/home/fabiocar/fabiocar/src/f1tenth_system/vesc/vesc_ackermann/include/vesc_ackermann/vesc_to_odom.hpp:35[m[K,
[6.918s]                  from [01m[K/home/fabiocar/fabiocar/src/f1tenth_system/vesc/vesc_ackermann/src/vesc_to_odom.cpp:31[m[K:
[6.918s] [01m[K/opt/ros/humble/include/rclcpp/rclcpp/node.hpp:366:3:[m[K [01;36m[Knote: [m[Kcandidate: ‘[01m[Kconst rclcpp::ParameterValue& rclcpp::Node::declare_parameter(const string&, const rclcpp::ParameterValue&, const ParameterDescriptor&, bool)[m[K’
[6.918s]   366 |   [01;36m[Kdeclare_parameter[m[K(
[6.918s]       |   [01;36m[K^~~~~~~~~~~~~~~~~[m[K
[6.918s] [01m[K/opt/ros/humble/include/rclcpp/rclcpp/node.hpp:366:3:[m[K [01;36m[Knote: [m[K  candidate expects 4 arguments, 1 provided
[6.918s] [01m[K/opt/ros/humble/include/rclcpp/rclcpp/node.hpp:391:3:[m[K [01;36m[Knote: [m[Kcandidate: ‘[01m[Kconst rclcpp::ParameterValue& rclcpp::Node::declare_parameter(const string&, rclcpp::ParameterType, const ParameterDescriptor&, bool)[m[K’
[6.918s]   391 |   [01;36m[Kdeclare_parameter[m[K(
[6.918s]       |   [01;36m[K^~~~~~~~~~~~~~~~~[m[K
[6.918s] [01m[K/opt/ros/humble/include/rclcpp/rclcpp/node.hpp:391:3:[m[K [01;36m[Knote: [m[K  candidate expects 4 arguments, 1 provided
[6.919s] [01m[K/home/fabiocar/fabiocar/src/f1tenth_system/vesc/vesc_ackermann/src/vesc_to_odom.cpp:62:69:[m[K [01;31m[Kerror: [m[Kexpected primary-expression before ‘[01m[Kdouble[m[K’
[6.919s]    62 |   speed_to_erpm_gain_ = declare_parameter("speed_to_erpm_gain").get<[01;31m[Kdouble[m[K>();
[6.919s]       |                                                                     [01;31m[K^~~~~~[m[K
[6.919s] [01m[K/home/fabiocar/fabiocar/src/f1tenth_system/vesc/vesc_ackermann/src/vesc_to_odom.cpp:63:44:[m[K [01;31m[Kerror: [m[Kno matching function for call to ‘[01m[Kvesc_ackermann::VescToOdom::declare_parameter(const char [21])[m[K’
[6.919s]    63 |   speed_to_erpm_offset_ = [01;31m[Kdeclare_parameter("speed_to_erpm_offset")[m[K.get<double>();
[6.919s]       |                           [01;31m[K~~~~~~~~~~~~~~~~~^~~~~~~~~~~~~~~~~~~~~~~~[m[K
[6.919s] In file included from [01m[K/opt/ros/humble/include/rclcpp/rclcpp/node.hpp:1321[m[K,
[6.919s]                  from [01m[K/opt/ros/humble/include/rclcpp/rclcpp/executors/single_threaded_executor.hpp:28[m[K,
[6.919s]                  from [01m[K/opt/ros/humble/include/rclcpp/rclcpp/executors.hpp:22[m[K,
[6.919s]                  from [01m[K/opt/ros/humble/include/rclcpp/rclcpp/rclcpp.hpp:155[m[K,
[6.919s]                  from [01m[K/home/fabiocar/fabiocar/src/f1tenth_system/vesc/vesc_ackermann/include/vesc_ackermann/vesc_to_odom.hpp:35[m[K,
[6.919s]                  from [01m[K/home/fabiocar/fabiocar/src/f1tenth_system/vesc/vesc_ackermann/src/vesc_to_odom.cpp:31[m[K:
[6.920s] [01m[K/opt/ros/humble/include/rclcpp/rclcpp/node_impl.hpp:195:1:[m[K [01;36m[Knote: [m[Kcandidate: ‘[01m[Ktemplate<class ParameterT> auto rclcpp::Node::declare_parameter(const string&, const ParameterT&, const ParameterDescriptor&, bool)[m[K’
[6.920s]   195 | [01;36m[KNode[m[K::declare_parameter(
[6.920s]       | [01;36m[K^~~~[m[K
[6.920s] [01m[K/opt/ros/humble/include/rclcpp/rclcpp/node_impl.hpp:195:1:[m[K [01;36m[Knote: [m[K  template argument deduction/substitution failed:
[6.920s] [01m[K/home/fabiocar/fabiocar/src/f1tenth_system/vesc/vesc_ackermann/src/vesc_to_odom.cpp:63:44:[m[K [01;36m[Knote: [m[K  candidate expects 4 arguments, 1 provided
[6.920s]    63 |   speed_to_erpm_offset_ = [01;36m[Kdeclare_parameter("speed_to_erpm_offset")[m[K.get<double>();
[6.920s]       |                           [01;36m[K~~~~~~~~~~~~~~~~~^~~~~~~~~~~~~~~~~~~~~~~~[m[K
[6.920s] In file included from [01m[K/opt/ros/humble/include/rclcpp/rclcpp/executors/single_threaded_executor.hpp:28[m[K,
[6.920s]                  from [01m[K/opt/ros/humble/include/rclcpp/rclcpp/executors.hpp:22[m[K,
[6.920s]                  from [01m[K/opt/ros/humble/include/rclcpp/rclcpp/rclcpp.hpp:155[m[K,
[6.920s]                  from [01m[K/home/fabiocar/fabiocar/src/f1tenth_system/vesc/vesc_ackermann/include/vesc_ackermann/vesc_to_odom.hpp:35[m[K,
[6.921s]                  from [01m[K/home/fabiocar/fabiocar/src/f1tenth_system/vesc/vesc_ackermann/src/vesc_to_odom.cpp:31[m[K:
[6.921s] [01m[K/opt/ros/humble/include/rclcpp/rclcpp/node.hpp:434:3:[m[K [01;36m[Knote: [m[Kcandidate: ‘[01m[Ktemplate<class ParameterT> auto rclcpp::Node::declare_parameter(const string&, const ParameterDescriptor&, bool)[m[K’
[6.921s]   434 |   [01;36m[Kdeclare_parameter[m[K(
[6.921s]       |   [01;36m[K^~~~~~~~~~~~~~~~~[m[K
[6.921s] [01m[K/opt/ros/humble/include/rclcpp/rclcpp/node.hpp:434:3:[m[K [01;36m[Knote: [m[K  template argument deduction/substitution failed:
[6.921s] [01m[K/home/fabiocar/fabiocar/src/f1tenth_system/vesc/vesc_ackermann/src/vesc_to_odom.cpp:63:44:[m[K [01;36m[Knote: [m[K  couldn’t deduce template parameter ‘[01m[KParameterT[m[K’
[6.921s]    63 |   speed_to_erpm_offset_ = [01;36m[Kdeclare_parameter("speed_to_erpm_offset")[m[K.get<double>();
[6.921s]       |                           [01;36m[K~~~~~~~~~~~~~~~~~^~~~~~~~~~~~~~~~~~~~~~~~[m[K
[6.921s] In file included from [01m[K/opt/ros/humble/include/rclcpp/rclcpp/executors/single_threaded_executor.hpp:28[m[K,
[6.921s]                  from [01m[K/opt/ros/humble/include/rclcpp/rclcpp/executors.hpp:22[m[K,
[6.921s]                  from [01m[K/opt/ros/humble/include/rclcpp/rclcpp/rclcpp.hpp:155[m[K,
[6.922s]                  from [01m[K/home/fabiocar/fabiocar/src/f1tenth_system/vesc/vesc_ackermann/include/vesc_ackermann/vesc_to_odom.hpp:35[m[K,
[6.922s]                  from [01m[K/home/fabiocar/fabiocar/src/f1tenth_system/vesc/vesc_ackermann/src/vesc_to_odom.cpp:31[m[K:
[6.922s] [01m[K/opt/ros/humble/include/rclcpp/rclcpp/node.hpp:366:3:[m[K [01;36m[Knote: [m[Kcandidate: ‘[01m[Kconst rclcpp::ParameterValue& rclcpp::Node::declare_parameter(const string&, const rclcpp::ParameterValue&, const ParameterDescriptor&, bool)[m[K’
[6.922s]   366 |   [01;36m[Kdeclare_parameter[m[K(
[6.922s]       |   [01;36m[K^~~~~~~~~~~~~~~~~[m[K
[6.922s] [01m[K/opt/ros/humble/include/rclcpp/rclcpp/node.hpp:366:3:[m[K [01;36m[Knote: [m[K  candidate expects 4 arguments, 1 provided
[6.922s] [01m[K/opt/ros/humble/include/rclcpp/rclcpp/node.hpp:391:3:[m[K [01;36m[Knote: [m[Kcandidate: ‘[01m[Kconst rclcpp::ParameterValue& rclcpp::Node::declare_parameter(const string&, rclcpp::ParameterType, const ParameterDescriptor&, bool)[m[K’
[6.922s]   391 |   [01;36m[Kdeclare_parameter[m[K(
[6.922s]       |   [01;36m[K^~~~~~~~~~~~~~~~~[m[K
[6.922s] [01m[K/opt/ros/humble/include/rclcpp/rclcpp/node.hpp:391:3:[m[K [01;36m[Knote: [m[K  candidate expects 4 arguments, 1 provided
[6.922s] [01m[K/home/fabiocar/fabiocar/src/f1tenth_system/vesc/vesc_ackermann/src/vesc_to_odom.cpp:63:73:[m[K [01;31m[Kerror: [m[Kexpected primary-expression before ‘[01m[Kdouble[m[K’
[6.923s]    63 |   speed_to_erpm_offset_ = declare_parameter("speed_to_erpm_offset").get<[01;31m[Kdouble[m[K>();
[6.923s]       |                                                                         [01;31m[K^~~~~~[m[K
[6.923s] [01m[K/home/fabiocar/fabiocar/src/f1tenth_system/vesc/vesc_ackermann/src/vesc_to_odom.cpp:66:48:[m[K [01;31m[Kerror: [m[Kno matching function for call to ‘[01m[Kvesc_ackermann::VescToOdom::declare_parameter(const char [29])[m[K’
[6.923s]    66 |     steering_to_servo_gain_ = [01;31m[Kdeclare_parameter("steering_angle_to_servo_gain")[m[K.get<double>();
[6.923s]       |                               [01;31m[K~~~~~~~~~~~~~~~~~^~~~~~~~~~~~~~~~~~~~~~~~~~~~~~~~[m[K
[6.923s] In file included from [01m[K/opt/ros/humble/include/rclcpp/rclcpp/node.hpp:1321[m[K,
[6.923s]                  from [01m[K/opt/ros/humble/include/rclcpp/rclcpp/executors/single_threaded_executor.hpp:28[m[K,
[6.923s]                  from [01m[K/opt/ros/humble/include/rclcpp/rclcpp/executors.hpp:22[m[K,
[6.923s]                  from [01m[K/opt/ros/humble/include/rclcpp/rclcpp/rclcpp.hpp:155[m[K,
[6.923s]                  from [01m[K/home/fabiocar/fabiocar/src/f1tenth_system/vesc/vesc_ackermann/include/vesc_ackermann/vesc_to_odom.hpp:35[m[K,
[6.923s]                  from [01m[K/home/fabiocar/fabiocar/src/f1tenth_system/vesc/vesc_ackermann/src/vesc_to_odom.cpp:31[m[K:
[6.924s] [01m[K/opt/ros/humble/include/rclcpp/rclcpp/node_impl.hpp:195:1:[m[K [01;36m[Knote: [m[Kcandidate: ‘[01m[Ktemplate<class ParameterT> auto rclcpp::Node::declare_parameter(const string&, const ParameterT&, const ParameterDescriptor&, bool)[m[K’
[6.924s]   195 | [01;36m[KNode[m[K::declare_parameter(
[6.924s]       | [01;36m[K^~~~[m[K
[6.924s] [01m[K/opt/ros/humble/include/rclcpp/rclcpp/node_impl.hpp:195:1:[m[K [01;36m[Knote: [m[K  template argument deduction/substitution failed:
[6.924s] [01m[K/home/fabiocar/fabiocar/src/f1tenth_system/vesc/vesc_ackermann/src/vesc_to_odom.cpp:66:48:[m[K [01;36m[Knote: [m[K  candidate expects 4 arguments, 1 provided
[6.924s]    66 |     steering_to_servo_gain_ = [01;36m[Kdeclare_parameter("steering_angle_to_servo_gain")[m[K.get<double>();
[6.924s]       |                               [01;36m[K~~~~~~~~~~~~~~~~~^~~~~~~~~~~~~~~~~~~~~~~~~~~~~~~~[m[K
[6.924s] In file included from [01m[K/opt/ros/humble/include/rclcpp/rclcpp/executors/single_threaded_executor.hpp:28[m[K,
[6.924s]                  from [01m[K/opt/ros/humble/include/rclcpp/rclcpp/executors.hpp:22[m[K,
[6.924s]                  from [01m[K/opt/ros/humble/include/rclcpp/rclcpp/rclcpp.hpp:155[m[K,
[6.924s]                  from [01m[K/home/fabiocar/fabiocar/src/f1tenth_system/vesc/vesc_ackermann/include/vesc_ackermann/vesc_to_odom.hpp:35[m[K,
[6.924s]                  from [01m[K/home/fabiocar/fabiocar/src/f1tenth_system/vesc/vesc_ackermann/src/vesc_to_odom.cpp:31[m[K:
[6.925s] [01m[K/opt/ros/humble/include/rclcpp/rclcpp/node.hpp:434:3:[m[K [01;36m[Knote: [m[Kcandidate: ‘[01m[Ktemplate<class ParameterT> auto rclcpp::Node::declare_parameter(const string&, const ParameterDescriptor&, bool)[m[K’
[6.925s]   434 |   [01;36m[Kdeclare_parameter[m[K(
[6.925s]       |   [01;36m[K^~~~~~~~~~~~~~~~~[m[K
[6.925s] [01m[K/opt/ros/humble/include/rclcpp/rclcpp/node.hpp:434:3:[m[K [01;36m[Knote: [m[K  template argument deduction/substitution failed:
[6.925s] [01m[K/home/fabiocar/fabiocar/src/f1tenth_system/vesc/vesc_ackermann/src/vesc_to_odom.cpp:66:48:[m[K [01;36m[Knote: [m[K  couldn’t deduce template parameter ‘[01m[KParameterT[m[K’
[6.925s]    66 |     steering_to_servo_gain_ = [01;36m[Kdeclare_parameter("steering_angle_to_servo_gain")[m[K.get<double>();
[6.925s]       |                               [01;36m[K~~~~~~~~~~~~~~~~~^~~~~~~~~~~~~~~~~~~~~~~~~~~~~~~~[m[K
[6.925s] In file included from [01m[K/opt/ros/humble/include/rclcpp/rclcpp/executors/single_threaded_executor.hpp:28[m[K,
[6.925s]                  from [01m[K/opt/ros/humble/include/rclcpp/rclcpp/executors.hpp:22[m[K,
[6.925s]                  from [01m[K/opt/ros/humble/include/rclcpp/rclcpp/rclcpp.hpp:155[m[K,
[6.925s]                  from [01m[K/home/fabiocar/fabiocar/src/f1tenth_system/vesc/vesc_ackermann/include/vesc_ackermann/vesc_to_odom.hpp:35[m[K,
[6.926s]                  from [01m[K/home/fabiocar/fabiocar/src/f1tenth_system/vesc/vesc_ackermann/src/vesc_to_odom.cpp:31[m[K:
[6.926s] [01m[K/opt/ros/humble/include/rclcpp/rclcpp/node.hpp:366:3:[m[K [01;36m[Knote: [m[Kcandidate: ‘[01m[Kconst rclcpp::ParameterValue& rclcpp::Node::declare_parameter(const string&, const rclcpp::ParameterValue&, const ParameterDescriptor&, bool)[m[K’
[6.926s]   366 |   [01;36m[Kdeclare_parameter[m[K(
[6.926s]       |   [01;36m[K^~~~~~~~~~~~~~~~~[m[K
[6.926s] [01m[K/opt/ros/humble/include/rclcpp/rclcpp/node.hpp:366:3:[m[K [01;36m[Knote: [m[K  candidate expects 4 arguments, 1 provided
[6.926s] [01m[K/opt/ros/humble/include/rclcpp/rclcpp/node.hpp:391:3:[m[K [01;36m[Knote: [m[Kcandidate: ‘[01m[Kconst rclcpp::ParameterValue& rclcpp::Node::declare_parameter(const string&, rclcpp::ParameterType, const ParameterDescriptor&, bool)[m[K’
[6.926s]   391 |   [01;36m[Kdeclare_parameter[m[K(
[6.926s]       |   [01;36m[K^~~~~~~~~~~~~~~~~[m[K
[6.926s] [01m[K/opt/ros/humble/include/rclcpp/rclcpp/node.hpp:391:3:[m[K [01;36m[Knote: [m[K  candidate expects 4 arguments, 1 provided
[6.926s] [01m[K/home/fabiocar/fabiocar/src/f1tenth_system/vesc/vesc_ackermann/src/vesc_to_odom.cpp:66:85:[m[K [01;31m[Kerror: [m[Kexpected primary-expression before ‘[01m[Kdouble[m[K’
[6.926s]    66 |     steering_to_servo_gain_ = declare_parameter("steering_angle_to_servo_gain").get<[01;31m[Kdouble[m[K>();
[6.927s]       |                                                                                     [01;31m[K^~~~~~[m[K
[6.927s] [01m[K/home/fabiocar/fabiocar/src/f1tenth_system/vesc/vesc_ackermann/src/vesc_to_odom.cpp:67:50:[m[K [01;31m[Kerror: [m[Kno matching function for call to ‘[01m[Kvesc_ackermann::VescToOdom::declare_parameter(const char [31])[m[K’
[6.927s]    67 |     steering_to_servo_offset_ = [01;31m[Kdeclare_parameter("steering_angle_to_servo_offset")[m[K.get<double>();
[6.927s]       |                                 [01;31m[K~~~~~~~~~~~~~~~~~^~~~~~~~~~~~~~~~~~~~~~~~~~~~~~~~~~[m[K
[6.927s] In file included from [01m[K/opt/ros/humble/include/rclcpp/rclcpp/node.hpp:1321[m[K,
[6.927s]                  from [01m[K/opt/ros/humble/include/rclcpp/rclcpp/executors/single_threaded_executor.hpp:28[m[K,
[6.927s]                  from [01m[K/opt/ros/humble/include/rclcpp/rclcpp/executors.hpp:22[m[K,
[6.927s]                  from [01m[K/opt/ros/humble/include/rclcpp/rclcpp/rclcpp.hpp:155[m[K,
[6.927s]                  from [01m[K/home/fabiocar/fabiocar/src/f1tenth_system/vesc/vesc_ackermann/include/vesc_ackermann/vesc_to_odom.hpp:35[m[K,
[6.927s]                  from [01m[K/home/fabiocar/fabiocar/src/f1tenth_system/vesc/vesc_ackermann/src/vesc_to_odom.cpp:31[m[K:
[6.927s] [01m[K/opt/ros/humble/include/rclcpp/rclcpp/node_impl.hpp:195:1:[m[K [01;36m[Knote: [m[Kcandidate: ‘[01m[Ktemplate<class ParameterT> auto rclcpp::Node::declare_parameter(const string&, const ParameterT&, const ParameterDescriptor&, bool)[m[K’
[6.928s]   195 | [01;36m[KNode[m[K::declare_parameter(
[6.928s]       | [01;36m[K^~~~[m[K
[6.928s] [01m[K/opt/ros/humble/include/rclcpp/rclcpp/node_impl.hpp:195:1:[m[K [01;36m[Knote: [m[K  template argument deduction/substitution failed:
[6.928s] [01m[K/home/fabiocar/fabiocar/src/f1tenth_system/vesc/vesc_ackermann/src/vesc_to_odom.cpp:67:50:[m[K [01;36m[Knote: [m[K  candidate expects 4 arguments, 1 provided
[6.928s]    67 |     steering_to_servo_offset_ = [01;36m[Kdeclare_parameter("steering_angle_to_servo_offset")[m[K.get<double>();
[6.928s]       |                                 [01;36m[K~~~~~~~~~~~~~~~~~^~~~~~~~~~~~~~~~~~~~~~~~~~~~~~~~~~[m[K
[6.928s] In file included from [01m[K/opt/ros/humble/include/rclcpp/rclcpp/executors/single_threaded_executor.hpp:28[m[K,
[6.928s]                  from [01m[K/opt/ros/humble/include/rclcpp/rclcpp/executors.hpp:22[m[K,
[6.928s]                  from [01m[K/opt/ros/humble/include/rclcpp/rclcpp/rclcpp.hpp:155[m[K,
[6.928s]                  from [01m[K/home/fabiocar/fabiocar/src/f1tenth_system/vesc/vesc_ackermann/include/vesc_ackermann/vesc_to_odom.hpp:35[m[K,
[6.928s]                  from [01m[K/home/fabiocar/fabiocar/src/f1tenth_system/vesc/vesc_ackermann/src/vesc_to_odom.cpp:31[m[K:
[6.929s] [01m[K/opt/ros/humble/include/rclcpp/rclcpp/node.hpp:434:3:[m[K [01;36m[Knote: [m[Kcandidate: ‘[01m[Ktemplate<class ParameterT> auto rclcpp::Node::declare_parameter(const string&, const ParameterDescriptor&, bool)[m[K’
[6.929s]   434 |   [01;36m[Kdeclare_parameter[m[K(
[6.929s]       |   [01;36m[K^~~~~~~~~~~~~~~~~[m[K
[6.929s] [01m[K/opt/ros/humble/include/rclcpp/rclcpp/node.hpp:434:3:[m[K [01;36m[Knote: [m[K  template argument deduction/substitution failed:
[6.929s] [01m[K/home/fabiocar/fabiocar/src/f1tenth_system/vesc/vesc_ackermann/src/vesc_to_odom.cpp:67:50:[m[K [01;36m[Knote: [m[K  couldn’t deduce template parameter ‘[01m[KParameterT[m[K’
[6.929s]    67 |     steering_to_servo_offset_ = [01;36m[Kdeclare_parameter("steering_angle_to_servo_offset")[m[K.get<double>();
[6.929s]       |                                 [01;36m[K~~~~~~~~~~~~~~~~~^~~~~~~~~~~~~~~~~~~~~~~~~~~~~~~~~~[m[K
[6.929s] In file included from [01m[K/opt/ros/humble/include/rclcpp/rclcpp/executors/single_threaded_executor.hpp:28[m[K,
[6.929s]                  from [01m[K/opt/ros/humble/include/rclcpp/rclcpp/executors.hpp:22[m[K,
[6.929s]                  from [01m[K/opt/ros/humble/include/rclcpp/rclcpp/rclcpp.hpp:155[m[K,
[6.929s]                  from [01m[K/home/fabiocar/fabiocar/src/f1tenth_system/vesc/vesc_ackermann/include/vesc_ackermann/vesc_to_odom.hpp:35[m[K,
[6.930s]                  from [01m[K/home/fabiocar/fabiocar/src/f1tenth_system/vesc/vesc_ackermann/src/vesc_to_odom.cpp:31[m[K:
[6.930s] [01m[K/opt/ros/humble/include/rclcpp/rclcpp/node.hpp:366:3:[m[K [01;36m[Knote: [m[Kcandidate: ‘[01m[Kconst rclcpp::ParameterValue& rclcpp::Node::declare_parameter(const string&, const rclcpp::ParameterValue&, const ParameterDescriptor&, bool)[m[K’
[6.930s]   366 |   [01;36m[Kdeclare_parameter[m[K(
[6.930s]       |   [01;36m[K^~~~~~~~~~~~~~~~~[m[K
[6.930s] [01m[K/opt/ros/humble/include/rclcpp/rclcpp/node.hpp:366:3:[m[K [01;36m[Knote: [m[K  candidate expects 4 arguments, 1 provided
[6.930s] [01m[K/opt/ros/humble/include/rclcpp/rclcpp/node.hpp:391:3:[m[K [01;36m[Knote: [m[Kcandidate: ‘[01m[Kconst rclcpp::ParameterValue& rclcpp::Node::declare_parameter(const string&, rclcpp::ParameterType, const ParameterDescriptor&, bool)[m[K’
[6.930s]   391 |   [01;36m[Kdeclare_parameter[m[K(
[6.930s]       |   [01;36m[K^~~~~~~~~~~~~~~~~[m[K
[6.930s] [01m[K/opt/ros/humble/include/rclcpp/rclcpp/node.hpp:391:3:[m[K [01;36m[Knote: [m[K  candidate expects 4 arguments, 1 provided
[6.930s] [01m[K/home/fabiocar/fabiocar/src/f1tenth_system/vesc/vesc_ackermann/src/vesc_to_odom.cpp:67:89:[m[K [01;31m[Kerror: [m[Kexpected primary-expression before ‘[01m[Kdouble[m[K’
[6.930s]    67 |     steering_to_servo_offset_ = declare_parameter("steering_angle_to_servo_offset").get<[01;31m[Kdouble[m[K>();
[6.930s]       |                                                                                         [01;31m[K^~~~~~[m[K
[6.931s] [01m[K/home/fabiocar/fabiocar/src/f1tenth_system/vesc/vesc_ackermann/src/vesc_to_odom.cpp:68:35:[m[K [01;31m[Kerror: [m[Kno matching function for call to ‘[01m[Kvesc_ackermann::VescToOdom::declare_parameter(const char [10])[m[K’
[6.931s]    68 |     wheelbase_ = [01;31m[Kdeclare_parameter("wheelbase")[m[K.get<double>();
[6.931s]       |                  [01;31m[K~~~~~~~~~~~~~~~~~^~~~~~~~~~~~~[m[K
[6.931s] In file included from [01m[K/opt/ros/humble/include/rclcpp/rclcpp/node.hpp:1321[m[K,
[6.931s]                  from [01m[K/opt/ros/humble/include/rclcpp/rclcpp/executors/single_threaded_executor.hpp:28[m[K,
[6.931s]                  from [01m[K/opt/ros/humble/include/rclcpp/rclcpp/executors.hpp:22[m[K,
[6.931s]                  from [01m[K/opt/ros/humble/include/rclcpp/rclcpp/rclcpp.hpp:155[m[K,
[6.931s]                  from [01m[K/home/fabiocar/fabiocar/src/f1tenth_system/vesc/vesc_ackermann/include/vesc_ackermann/vesc_to_odom.hpp:35[m[K,
[6.931s]                  from [01m[K/home/fabiocar/fabiocar/src/f1tenth_system/vesc/vesc_ackermann/src/vesc_to_odom.cpp:31[m[K:
[6.931s] [01m[K/opt/ros/humble/include/rclcpp/rclcpp/node_impl.hpp:195:1:[m[K [01;36m[Knote: [m[Kcandidate: ‘[01m[Ktemplate<class ParameterT> auto rclcpp::Node::declare_parameter(const string&, const ParameterT&, const ParameterDescriptor&, bool)[m[K’
[6.931s]   195 | [01;36m[KNode[m[K::declare_parameter(
[6.932s]       | [01;36m[K^~~~[m[K
[6.932s] [01m[K/opt/ros/humble/include/rclcpp/rclcpp/node_impl.hpp:195:1:[m[K [01;36m[Knote: [m[K  template argument deduction/substitution failed:
[6.932s] [01m[K/home/fabiocar/fabiocar/src/f1tenth_system/vesc/vesc_ackermann/src/vesc_to_odom.cpp:68:35:[m[K [01;36m[Knote: [m[K  candidate expects 4 arguments, 1 provided
[6.932s]    68 |     wheelbase_ = [01;36m[Kdeclare_parameter("wheelbase")[m[K.get<double>();
[6.932s]       |                  [01;36m[K~~~~~~~~~~~~~~~~~^~~~~~~~~~~~~[m[K
[6.932s] In file included from [01m[K/opt/ros/humble/include/rclcpp/rclcpp/executors/single_threaded_executor.hpp:28[m[K,
[6.932s]                  from [01m[K/opt/ros/humble/include/rclcpp/rclcpp/executors.hpp:22[m[K,
[6.932s]                  from [01m[K/opt/ros/humble/include/rclcpp/rclcpp/rclcpp.hpp:155[m[K,
[6.932s]                  from [01m[K/home/fabiocar/fabiocar/src/f1tenth_system/vesc/vesc_ackermann/include/vesc_ackermann/vesc_to_odom.hpp:35[m[K,
[6.932s]                  from [01m[K/home/fabiocar/fabiocar/src/f1tenth_system/vesc/vesc_ackermann/src/vesc_to_odom.cpp:31[m[K:
[6.932s] [01m[K/opt/ros/humble/include/rclcpp/rclcpp/node.hpp:434:3:[m[K [01;36m[Knote: [m[Kcandidate: ‘[01m[Ktemplate<class ParameterT> auto rclcpp::Node::declare_parameter(const string&, const ParameterDescriptor&, bool)[m[K’
[6.932s]   434 |   [01;36m[Kdeclare_parameter[m[K(
[6.933s]       |   [01;36m[K^~~~~~~~~~~~~~~~~[m[K
[6.933s] [01m[K/opt/ros/humble/include/rclcpp/rclcpp/node.hpp:434:3:[m[K [01;36m[Knote: [m[K  template argument deduction/substitution failed:
[6.933s] [01m[K/home/fabiocar/fabiocar/src/f1tenth_system/vesc/vesc_ackermann/src/vesc_to_odom.cpp:68:35:[m[K [01;36m[Knote: [m[K  couldn’t deduce template parameter ‘[01m[KParameterT[m[K’
[6.933s]    68 |     wheelbase_ = [01;36m[Kdeclare_parameter("wheelbase")[m[K.get<double>();
[6.933s]       |                  [01;36m[K~~~~~~~~~~~~~~~~~^~~~~~~~~~~~~[m[K
[6.933s] In file included from [01m[K/opt/ros/humble/include/rclcpp/rclcpp/executors/single_threaded_executor.hpp:28[m[K,
[6.933s]                  from [01m[K/opt/ros/humble/include/rclcpp/rclcpp/executors.hpp:22[m[K,
[6.933s]                  from [01m[K/opt/ros/humble/include/rclcpp/rclcpp/rclcpp.hpp:155[m[K,
[6.933s]                  from [01m[K/home/fabiocar/fabiocar/src/f1tenth_system/vesc/vesc_ackermann/include/vesc_ackermann/vesc_to_odom.hpp:35[m[K,
[6.933s]                  from [01m[K/home/fabiocar/fabiocar/src/f1tenth_system/vesc/vesc_ackermann/src/vesc_to_odom.cpp:31[m[K:
[6.933s] [01m[K/opt/ros/humble/include/rclcpp/rclcpp/node.hpp:366:3:[m[K [01;36m[Knote: [m[Kcandidate: ‘[01m[Kconst rclcpp::ParameterValue& rclcpp::Node::declare_parameter(const string&, const rclcpp::ParameterValue&, const ParameterDescriptor&, bool)[m[K’
[6.934s]   366 |   [01;36m[Kdeclare_parameter[m[K(
[6.934s]       |   [01;36m[K^~~~~~~~~~~~~~~~~[m[K
[6.934s] [01m[K/opt/ros/humble/include/rclcpp/rclcpp/node.hpp:366:3:[m[K [01;36m[Knote: [m[K  candidate expects 4 arguments, 1 provided
[6.934s] [01m[K/opt/ros/humble/include/rclcpp/rclcpp/node.hpp:391:3:[m[K [01;36m[Knote: [m[Kcandidate: ‘[01m[Kconst rclcpp::ParameterValue& rclcpp::Node::declare_parameter(const string&, rclcpp::ParameterType, const ParameterDescriptor&, bool)[m[K’
[6.934s]   391 |   [01;36m[Kdeclare_parameter[m[K(
[6.934s]       |   [01;36m[K^~~~~~~~~~~~~~~~~[m[K
[6.934s] [01m[K/opt/ros/humble/include/rclcpp/rclcpp/node.hpp:391:3:[m[K [01;36m[Knote: [m[K  candidate expects 4 arguments, 1 provided
[6.934s] [01m[K/home/fabiocar/fabiocar/src/f1tenth_system/vesc/vesc_ackermann/src/vesc_to_odom.cpp:68:53:[m[K [01;31m[Kerror: [m[Kexpected primary-expression before ‘[01m[Kdouble[m[K’
[6.934s]    68 |     wheelbase_ = declare_parameter("wheelbase").get<[01;31m[Kdouble[m[K>();
[6.934s]       |                                                     [01;31m[K^~~~~~[m[K
[6.938s] [01m[K/home/fabiocar/fabiocar/src/f1tenth_system/vesc/vesc_ackermann/src/vesc_to_odom.cpp:87:95:[m[K [01;31m[Kerror: [m[Kno match for ‘[01m[Koperator=[m[K’ (operand types are ‘[01m[Krclcpp::Subscription<std_msgs::msg::Float64_<std::allocator<void> > >::SharedPtr[m[K’ {aka ‘[01m[Kstd::shared_ptr<rclcpp::Subscription<std_msgs::msg::Float64_<std::allocator<void> > > >[m[K’} and ‘[01m[Kstd::shared_ptr<rclcpp::Subscription<vesc_msgs::msg::VescStateStamped_<std::allocator<void> > > >[m[K’)
[6.938s]    87 |       "sensors/servo_position_command", 10, std::bind(&VescToOdom::servoCmdCallback, this, _1)[01;31m[K)[m[K;
[6.939s]       |                                                                                               [01;31m[K^[m[K
[6.939s] In file included from [01m[K/usr/include/c++/11/memory:77[m[K,
[6.939s]                  from [01m[K/opt/ros/humble/include/nav_msgs/nav_msgs/msg/detail/odometry__struct.hpp:11[m[K,
[6.939s]                  from [01m[K/opt/ros/humble/include/nav_msgs/nav_msgs/msg/odometry.hpp:7[m[K,
[6.939s]                  from [01m[K/home/fabiocar/fabiocar/src/f1tenth_system/vesc/vesc_ackermann/include/vesc_ackermann/vesc_to_odom.hpp:34[m[K,
[6.939s]                  from [01m[K/home/fabiocar/fabiocar/src/f1tenth_system/vesc/vesc_ackermann/src/vesc_to_odom.cpp:31[m[K:
[6.939s] [01m[K/usr/include/c++/11/bits/shared_ptr.h:363:9:[m[K [01;36m[Knote: [m[Kcandidate: ‘[01m[Ktemplate<class _Yp> std::shared_ptr<_Tp>::_Assignable<const std::shared_ptr<_Yp>&> std::shared_ptr<_Tp>::operator=(const std::shared_ptr<_Yp>&) [with _Yp = _Yp; _Tp = rclcpp::Subscription<std_msgs::msg::Float64_<std::allocator<void> > >][m[K’
[6.939s]   363 |         [01;36m[Koperator[m[K=(const shared_ptr<_Yp>& __r) noexcept
[6.940s]       |         [01;36m[K^~~~~~~~[m[K
[6.940s] [01m[K/usr/include/c++/11/bits/shared_ptr.h:363:9:[m[K [01;36m[Knote: [m[K  template argument deduction/substitution failed:
[6.940s] /usr/include/c++/11/bits/shared_ptr.h: In substitution of ‘[01m[Ktemplate<class _Tp> template<class _Arg> using _Assignable = typename std::enable_if<std::is_assignable<std::__shared_ptr<_Tp>&, _Arg>::value, std::shared_ptr<_Tp>&>::type [with _Arg = const std::shared_ptr<rclcpp::Subscription<vesc_msgs::msg::VescStateStamped_<std::allocator<void> > > >&; _Tp = rclcpp::Subscription<std_msgs::msg::Float64_<std::allocator<void> > >][m[K’:
[6.940s] [01m[K/usr/include/c++/11/bits/shared_ptr.h:363:2:[m[K   required by substitution of ‘[01m[Ktemplate<class _Yp> std::shared_ptr<rclcpp::Subscription<std_msgs::msg::Float64_<std::allocator<void> > > >::_Assignable<const std::shared_ptr<_Tp>&> std::shared_ptr<rclcpp::Subscription<std_msgs::msg::Float64_<std::allocator<void> > > >::operator=<_Yp>(const std::shared_ptr<_Tp>&) [with _Yp = rclcpp::Subscription<vesc_msgs::msg::VescStateStamped_<std::allocator<void> > >][m[K’
[6.940s] [01m[K/home/fabiocar/fabiocar/src/f1tenth_system/vesc/vesc_ackermann/src/vesc_to_odom.cpp:87:95:[m[K   required from here
[6.940s] [01m[K/usr/include/c++/11/bits/shared_ptr.h:130:15:[m[K [01;31m[Kerror: [m[Kno type named ‘[01m[Ktype[m[K’ in ‘[01m[Kstruct std::enable_if<false, std::shared_ptr<rclcpp::Subscription<std_msgs::msg::Float64_<std::allocator<void> > > >&>[m[K’
[6.940s]   130 |         using [01;31m[K_Assignable[m[K = typename enable_if<
[6.940s]       |               [01;31m[K^~~~~~~~~~~[m[K
[6.940s] [01m[K/usr/include/c++/11/bits/shared_ptr.h:374:9:[m[K [01;36m[Knote: [m[Kcandidate: ‘[01m[Ktemplate<class _Yp> std::shared_ptr<_Tp>::_Assignable<std::auto_ptr<_Up> > std::shared_ptr<_Tp>::operator=(std::auto_ptr<_Up>&&) [with _Yp = _Yp; _Tp = rclcpp::Subscription<std_msgs::msg::Float64_<std::allocator<void> > >][m[K’
[6.940s]   374 |         [01;36m[Koperator[m[K=(auto_ptr<_Yp>&& __r)
[6.940s]       |         [01;36m[K^~~~~~~~[m[K
[6.941s] [01m[K/usr/include/c++/11/bits/shared_ptr.h:374:9:[m[K [01;36m[Knote: [m[K  template argument deduction/substitution failed:
[6.941s] [01m[K/home/fabiocar/fabiocar/src/f1tenth_system/vesc/vesc_ackermann/src/vesc_to_odom.cpp:87:95:[m[K [01;36m[Knote: [m[K  ‘[01m[Kstd::shared_ptr<rclcpp::Subscription<vesc_msgs::msg::VescStateStamped_<std::allocator<void> > > >[m[K’ is not derived from ‘[01m[Kstd::auto_ptr<_Up>[m[K’
[6.941s]    87 |       "sensors/servo_position_command", 10, std::bind(&VescToOdom::servoCmdCallback, this, _1)[01;36m[K)[m[K;
[6.941s]       |                                                                                               [01;36m[K^[m[K
[6.941s] In file included from [01m[K/usr/include/c++/11/memory:77[m[K,
[6.941s]                  from [01m[K/opt/ros/humble/include/nav_msgs/nav_msgs/msg/detail/odometry__struct.hpp:11[m[K,
[6.941s]                  from [01m[K/opt/ros/humble/include/nav_msgs/nav_msgs/msg/odometry.hpp:7[m[K,
[6.941s]                  from [01m[K/home/fabiocar/fabiocar/src/f1tenth_system/vesc/vesc_ackermann/include/vesc_ackermann/vesc_to_odom.hpp:34[m[K,
[6.941s]                  from [01m[K/home/fabiocar/fabiocar/src/f1tenth_system/vesc/vesc_ackermann/src/vesc_to_odom.cpp:31[m[K:
[6.941s] [01m[K/usr/include/c++/11/bits/shared_ptr.h:391:9:[m[K [01;36m[Knote: [m[Kcandidate: ‘[01m[Ktemplate<class _Yp> std::shared_ptr<_Tp>::_Assignable<std::shared_ptr<_Yp> > std::shared_ptr<_Tp>::operator=(std::shared_ptr<_Yp>&&) [with _Yp = _Yp; _Tp = rclcpp::Subscription<std_msgs::msg::Float64_<std::allocator<void> > >][m[K’
[6.942s]   391 |         [01;36m[Koperator[m[K=(shared_ptr<_Yp>&& __r) noexcept
[6.942s]       |         [01;36m[K^~~~~~~~[m[K
[6.942s] [01m[K/usr/include/c++/11/bits/shared_ptr.h:391:9:[m[K [01;36m[Knote: [m[K  template argument deduction/substitution failed:
[6.942s] /usr/include/c++/11/bits/shared_ptr.h: In substitution of ‘[01m[Ktemplate<class _Tp> template<class _Arg> using _Assignable = typename std::enable_if<std::is_assignable<std::__shared_ptr<_Tp>&, _Arg>::value, std::shared_ptr<_Tp>&>::type [with _Arg = std::shared_ptr<rclcpp::Subscription<vesc_msgs::msg::VescStateStamped_<std::allocator<void> > > >; _Tp = rclcpp::Subscription<std_msgs::msg::Float64_<std::allocator<void> > >][m[K’:
[6.942s] [01m[K/usr/include/c++/11/bits/shared_ptr.h:391:2:[m[K   required by substitution of ‘[01m[Ktemplate<class _Yp> std::shared_ptr<rclcpp::Subscription<std_msgs::msg::Float64_<std::allocator<void> > > >::_Assignable<std::shared_ptr<_Tp> > std::shared_ptr<rclcpp::Subscription<std_msgs::msg::Float64_<std::allocator<void> > > >::operator=<_Yp>(std::shared_ptr<_Tp>&&) [with _Yp = rclcpp::Subscription<vesc_msgs::msg::VescStateStamped_<std::allocator<void> > >][m[K’
[6.942s] [01m[K/home/fabiocar/fabiocar/src/f1tenth_system/vesc/vesc_ackermann/src/vesc_to_odom.cpp:87:95:[m[K   required from here
[6.942s] [01m[K/usr/include/c++/11/bits/shared_ptr.h:130:15:[m[K [01;31m[Kerror: [m[Kno type named ‘[01m[Ktype[m[K’ in ‘[01m[Kstruct std::enable_if<false, std::shared_ptr<rclcpp::Subscription<std_msgs::msg::Float64_<std::allocator<void> > > >&>[m[K’
[6.942s]   130 |         using [01;31m[K_Assignable[m[K = typename enable_if<
[6.942s]       |               [01;31m[K^~~~~~~~~~~[m[K
[6.942s] [01m[K/usr/include/c++/11/bits/shared_ptr.h:399:9:[m[K [01;36m[Knote: [m[Kcandidate: ‘[01m[Ktemplate<class _Yp, class _Del> std::shared_ptr<_Tp>::_Assignable<std::unique_ptr<_Up, _Ep> > std::shared_ptr<_Tp>::operator=(std::unique_ptr<_Up, _Ep>&&) [with _Yp = _Yp; _Del = _Del; _Tp = rclcpp::Subscription<std_msgs::msg::Float64_<std::allocator<void> > >][m[K’
[6.942s]   399 |         [01;36m[Koperator[m[K=(unique_ptr<_Yp, _Del>&& __r)
[6.942s]       |         [01;36m[K^~~~~~~~[m[K
[6.943s] [01m[K/usr/include/c++/11/bits/shared_ptr.h:399:9:[m[K [01;36m[Knote: [m[K  template argument deduction/substitution failed:
[6.943s] [01m[K/home/fabiocar/fabiocar/src/f1tenth_system/vesc/vesc_ackermann/src/vesc_to_odom.cpp:87:95:[m[K [01;36m[Knote: [m[K  ‘[01m[Kstd::shared_ptr<rclcpp::Subscription<vesc_msgs::msg::VescStateStamped_<std::allocator<void> > > >[m[K’ is not derived from ‘[01m[Kstd::unique_ptr<_Tp, _Dp>[m[K’
[6.943s]    87 |       "sensors/servo_position_command", 10, std::bind(&VescToOdom::servoCmdCallback, this, _1)[01;36m[K)[m[K;
[6.943s]       |                                                                                               [01;36m[K^[m[K
[6.943s] In file included from [01m[K/usr/include/c++/11/memory:77[m[K,
[6.943s]                  from [01m[K/opt/ros/humble/include/nav_msgs/nav_msgs/msg/detail/odometry__struct.hpp:11[m[K,
[6.943s]                  from [01m[K/opt/ros/humble/include/nav_msgs/nav_msgs/msg/odometry.hpp:7[m[K,
[6.943s]                  from [01m[K/home/fabiocar/fabiocar/src/f1tenth_system/vesc/vesc_ackermann/include/vesc_ackermann/vesc_to_odom.hpp:34[m[K,
[6.943s]                  from [01m[K/home/fabiocar/fabiocar/src/f1tenth_system/vesc/vesc_ackermann/src/vesc_to_odom.cpp:31[m[K:
[6.943s] [01m[K/usr/include/c++/11/bits/shared_ptr.h:359:19:[m[K [01;36m[Knote: [m[Kcandidate: ‘[01m[Kstd::shared_ptr<_Tp>& std::shared_ptr<_Tp>::operator=(const std::shared_ptr<_Tp>&) [with _Tp = rclcpp::Subscription<std_msgs::msg::Float64_<std::allocator<void> > >][m[K’
[6.943s]   359 |       shared_ptr& [01;36m[Koperator[m[K=(const shared_ptr&) noexcept = default;
[6.944s]       |                   [01;36m[K^~~~~~~~[m[K
[6.944s] [01m[K/usr/include/c++/11/bits/shared_ptr.h:359:29:[m[K [01;36m[Knote: [m[K  no known conversion for argument 1 from ‘[01m[Kstd::shared_ptr<rclcpp::Subscription<vesc_msgs::msg::VescStateStamped_<std::allocator<void> > > >[m[K’ to ‘[01m[Kconst std::shared_ptr<rclcpp::Subscription<std_msgs::msg::Float64_<std::allocator<void> > > >&[m[K’
[6.944s]   359 |       shared_ptr& operator=([01;36m[Kconst shared_ptr&[m[K) noexcept = default;
[6.944s]       |                             [01;36m[K^~~~~~~~~~~~~~~~~[m[K
[6.944s] [01m[K/usr/include/c++/11/bits/shared_ptr.h:383:7:[m[K [01;36m[Knote: [m[Kcandidate: ‘[01m[Kstd::shared_ptr<_Tp>& std::shared_ptr<_Tp>::operator=(std::shared_ptr<_Tp>&&) [with _Tp = rclcpp::Subscription<std_msgs::msg::Float64_<std::allocator<void> > >][m[K’
[6.944s]   383 |       [01;36m[Koperator[m[K=(shared_ptr&& __r) noexcept
[6.944s]       |       [01;36m[K^~~~~~~~[m[K
[6.944s] [01m[K/usr/include/c++/11/bits/shared_ptr.h:383:30:[m[K [01;36m[Knote: [m[K  no known conversion for argument 1 from ‘[01m[Kstd::shared_ptr<rclcpp::Subscription<vesc_msgs::msg::VescStateStamped_<std::allocator<void> > > >[m[K’ to ‘[01m[Kstd::shared_ptr<rclcpp::Subscription<std_msgs::msg::Float64_<std::allocator<void> > > >&&[m[K’
[6.944s]   383 |       operator=([01;36m[Kshared_ptr&& __r[m[K) noexcept
[6.944s]       |                 [01;36m[K~~~~~~~~~~~~~^~~[m[K
[7.884s] [ 71%] [32m[1mLinking CXX executable vesc_to_odom_node[0m
[7.901s] In file included from [01m[K/opt/ros/humble/include/rclcpp/rclcpp/subscription_base.hpp:32[m[K,
[7.901s]                  from [01m[K/opt/ros/humble/include/rclcpp/rclcpp/callback_group.hpp:29[m[K,
[7.902s]                  from [01m[K/opt/ros/humble/include/rclcpp/rclcpp/any_executable.hpp:20[m[K,
[7.902s]                  from [01m[K/opt/ros/humble/include/rclcpp/rclcpp/memory_strategy.hpp:25[m[K,
[7.902s]                  from [01m[K/opt/ros/humble/include/rclcpp/rclcpp/memory_strategies.hpp:18[m[K,
[7.902s]                  from [01m[K/opt/ros/humble/include/rclcpp/rclcpp/executor_options.hpp:20[m[K,
[7.902s]                  from [01m[K/opt/ros/humble/include/rclcpp/rclcpp/executor.hpp:37[m[K,
[7.902s]                  from [01m[K/opt/ros/humble/include/rclcpp/rclcpp/executors/multi_threaded_executor.hpp:25[m[K,
[7.902s]                  from [01m[K/opt/ros/humble/include/rclcpp/rclcpp/executors.hpp:21[m[K,
[7.902s]                  from [01m[K/opt/ros/humble/include/rclcpp/rclcpp/rclcpp.hpp:155[m[K,
[7.902s]                  from [01m[K/home/fabiocar/fabiocar/src/f1tenth_system/vesc/vesc_ackermann/include/vesc_ackermann/vesc_to_odom.hpp:35[m[K,
[7.903s]                  from [01m[K/home/fabiocar/fabiocar/src/f1tenth_system/vesc/vesc_ackermann/src/vesc_to_odom.cpp:31[m[K:
[7.903s] /opt/ros/humble/include/rclcpp/rclcpp/any_subscription_callback.hpp: In instantiation of ‘[01m[Krclcpp::AnySubscriptionCallback<MessageT, AllocatorT> rclcpp::AnySubscriptionCallback<MessageT, AllocatorT>::set(CallbackT) [with CallbackT = std::_Bind<void (vesc_ackermann::VescToOdom::*(vesc_ackermann::VescToOdom*, std::_Placeholder<1>))(std::shared_ptr<std_msgs::msg::Float64_<std::allocator<void> > >)>; MessageT = vesc_msgs::msg::VescStateStamped_<std::allocator<void> >; AllocatorT = std::allocator<void>][m[K’:
[7.903s] [01m[K/opt/ros/humble/include/rclcpp/rclcpp/subscription_factory.hpp:94:32:[m[K   required from ‘[01m[Krclcpp::SubscriptionFactory rclcpp::create_subscription_factory(CallbackT&&, const rclcpp::SubscriptionOptionsWithAllocator<AllocatorT>&, typename MessageMemoryStrategyT::SharedPtr, std::shared_ptr<rclcpp::topic_statistics::SubscriptionTopicStatistics<ROSMessageType> >) [with MessageT = vesc_msgs::msg::VescStateStamped_<std::allocator<void> >; CallbackT = std::_Bind<void (vesc_ackermann::VescToOdom::*(vesc_ackermann::VescToOdom*, std::_Placeholder<1>))(std::shared_ptr<std_msgs::msg::Float64_<std::allocator<void> > >)>; AllocatorT = std::allocator<void>; SubscriptionT = rclcpp::Subscription<vesc_msgs::msg::VescStateStamped_<std::allocator<void> > >; MessageMemoryStrategyT = rclcpp::message_memory_strategy::MessageMemoryStrategy<vesc_msgs::msg::VescStateStamped_<std::allocator<void> >, std::allocator<void> >; ROSMessageType = vesc_msgs::msg::VescStateStamped_<std::allocator<void> >; typename MessageMemoryStrategyT::SharedPtr = std::shared_ptr<rclcpp::message_memory_strategy::MessageMemoryStrategy<vesc_msgs::msg::VescStateStamped_<std::allocator<void> >, std::allocator<void> > >][m[K’
[7.903s] [01m[K/opt/ros/humble/include/rclcpp/rclcpp/create_subscription.hpp:122:63:[m[K   required from ‘[01m[Kstd::shared_ptr<ROSMessageT> rclcpp::detail::create_subscription(NodeParametersT&, NodeTopicsT&, const string&, const rclcpp::QoS&, CallbackT&&, const rclcpp::SubscriptionOptionsWithAllocator<AllocatorT>&, typename MessageMemoryStrategyT::SharedPtr) [with MessageT = vesc_msgs::msg::VescStateStamped_<std::allocator<void> >; CallbackT = std::_Bind<void (vesc_ackermann::VescToOdom::*(vesc_ackermann::VescToOdom*, std::_Placeholder<1>))(std::shared_ptr<std_msgs::msg::Float64_<std::allocator<void> > >)>; AllocatorT = std::allocator<void>; SubscriptionT = rclcpp::Subscription<vesc_msgs::msg::VescStateStamped_<std::allocator<void> > >; MessageMemoryStrategyT = rclcpp::message_memory_strategy::MessageMemoryStrategy<vesc_msgs::msg::VescStateStamped_<std::allocator<void> >, std::allocator<void> >; NodeParametersT = rclcpp::Node; NodeTopicsT = rclcpp::Node; ROSMessageType = vesc_msgs::msg::VescStateStamped_<std::allocator<void> >; std::string = std::__cxx11::basic_string<char>; typename MessageMemoryStrategyT::SharedPtr = std::shared_ptr<rclcpp::message_memory_strategy::MessageMemoryStrategy<vesc_msgs::msg::VescStateStamped_<std::allocator<void> >, std::allocator<void> > >][m[K’
[7.903s] [01m[K/opt/ros/humble/include/rclcpp/rclcpp/create_subscription.hpp:191:76:[m[K   required from ‘[01m[Kstd::shared_ptr<ROSMessageT> rclcpp::create_subscription(NodeT&, const string&, const rclcpp::QoS&, CallbackT&&, const rclcpp::SubscriptionOptionsWithAllocator<AllocatorT>&, typename MessageMemoryStrategyT::SharedPtr) [with MessageT = vesc_msgs::msg::VescStateStamped_<std::allocator<void> >; CallbackT = std::_Bind<void (vesc_ackermann::VescToOdom::*(vesc_ackermann::VescToOdom*, std::_Placeholder<1>))(std::shared_ptr<std_msgs::msg::Float64_<std::allocator<void> > >)>; AllocatorT = std::allocator<void>; SubscriptionT = rclcpp::Subscription<vesc_msgs::msg::VescStateStamped_<std::allocator<void> > >; MessageMemoryStrategyT = rclcpp::message_memory_strategy::MessageMemoryStrategy<vesc_msgs::msg::VescStateStamped_<std::allocator<void> >, std::allocator<void> >; NodeT = rclcpp::Node; std::string = std::__cxx11::basic_string<char>; typename MessageMemoryStrategyT::SharedPtr = std::shared_ptr<rclcpp::message_memory_strategy::MessageMemoryStrategy<vesc_msgs::msg::VescStateStamped_<std::allocator<void> >, std::allocator<void> > >][m[K’
[7.903s] [01m[K/opt/ros/humble/include/rclcpp/rclcpp/node_impl.hpp:99:47:[m[K   required from ‘[01m[Kstd::shared_ptr<ROSMessageT> rclcpp::Node::create_subscription(const string&, const rclcpp::QoS&, CallbackT&&, const rclcpp::SubscriptionOptionsWithAllocator<AllocatorT>&, typename MessageMemoryStrategyT::SharedPtr) [with MessageT = vesc_msgs::msg::VescStateStamped_<std::allocator<void> >; CallbackT = std::_Bind<void (vesc_ackermann::VescToOdom::*(vesc_ackermann::VescToOdom*, std::_Placeholder<1>))(std::shared_ptr<std_msgs::msg::Float64_<std::allocator<void> > >)>; AllocatorT = std::allocator<void>; SubscriptionT = rclcpp::Subscription<vesc_msgs::msg::VescStateStamped_<std::allocator<void> > >; MessageMemoryStrategyT = rclcpp::message_memory_strategy::MessageMemoryStrategy<vesc_msgs::msg::VescStateStamped_<std::allocator<void> >, std::allocator<void> >; std::string = std::__cxx11::basic_string<char>; typename MessageMemoryStrategyT::SharedPtr = std::shared_ptr<rclcpp::message_memory_strategy::MessageMemoryStrategy<vesc_msgs::msg::VescStateStamped_<std::allocator<void> >, std::allocator<void> > >][m[K’
[7.903s] [01m[K/home/fabiocar/fabiocar/src/f1tenth_system/vesc/vesc_ackermann/src/vesc_to_odom.cpp:86:55:[m[K   required from here
[7.903s] [01m[K/opt/ros/humble/include/rclcpp/rclcpp/any_subscription_callback.hpp:394:25:[m[K [01;31m[Kerror: [m[Kno match for ‘[01m[Koperator=[m[K’ (operand types are ‘[01m[Krclcpp::detail::AnySubscriptionCallbackHelper<vesc_msgs::msg::VescStateStamped_<std::allocator<void> >, std::allocator<void>, false>::variant_type[m[K’ {aka ‘[01m[Kstd::variant<std::function<void(const vesc_msgs::msg::VescStateStamped_<std::allocator<void> >&)>, std::function<void(const vesc_msgs::msg::VescStateStamped_<std::allocator<void> >&, const rclcpp::MessageInfo&)>, std::function<void(const rclcpp::SerializedMessage&)>, std::function<void(const rclcpp::SerializedMessage&, const rclcpp::MessageInfo&)>, std::function<void(std::unique_ptr<vesc_msgs::msg::VescStateStamped_<std::allocator<void> >, std::default_delete<vesc_msgs::msg::VescStateStamped_<std::allocator<void> > > >)>, std::function<void(std::unique_ptr<vesc_msgs::msg::VescStateStamped_<std::allocator<void> >, std::default_delete<vesc_msgs::msg::VescStateStamped_<std::allocator<void> > > >, const rclcpp::MessageInfo&)>, std::function<void(std::unique_ptr<rclcpp::SerializedMessage, std::default_delete<rclcpp::SerializedMessage> >)>, std::function<void(std::unique_ptr<rclcpp::SerializedMessage, std::default_delete<rclcpp::SerializedMessage> >, const rclcpp::MessageInfo&)>, std::function<void(std::shared_ptr<const vesc_msgs::msg::VescStateStamped_<std::allocator<void> > >)>, std::function<void(std::shared_ptr<const vesc_msgs::msg::VescStateStamped_<std::allocator<void> > >, const rclcpp::MessageInfo&)>, std::function<void(std::shared_ptr<const rclcpp::SerializedMessage>)>, std::function<void(std::shared_ptr<const rclcpp::SerializedMessage>, const rclcpp::MessageInfo&)>, std::function<void(const std::shared_ptr<const vesc_msgs::msg::VescStateStamped_<std::allocator<void> > >&)>, std::function<void(const std::shared_ptr<const vesc_msgs::msg::VescStateStamped_<std::allocator<void> > >&, const rclcpp::MessageInfo&)>, std::function<void(const std::shared_ptr<const rclcpp::SerializedMessage>&)>, std::function<void(const std::shared_ptr<const rclcpp::SerializedMessage>&, const rclcpp::MessageInfo&)>, std::function<void(std::shared_ptr<vesc_msgs::msg::VescStateStamped_<std::allocator<void> > >)>, std::function<void(std::shared_ptr<vesc_msgs::msg::VescStateStamped_<std::allocator<void> > >, const rclcpp::MessageInfo&)>, std::function<void(std::shared_ptr<rclcpp::SerializedMessage>)>, std::function<void(std::shared_ptr<rclcpp::SerializedMessage>, const rclcpp::MessageInfo&)> >[m[K’} and ‘[01m[Krclcpp::detail::SubscriptionCallbackTypeHelper<vesc_msgs::msg::VescStateStamped_<std::allocator<void> >, std::_Bind<void (vesc_ackermann::VescToOdom::*(vesc_ackermann::VescToOdom*, std::_Placeholder<1>))(std::shared_ptr<std_msgs::msg::Float64_<std::allocator<void> > >)>, void>::callback_type[m[K’ {aka ‘[01m[Kstd::function<void(std::shared_ptr<std_msgs::msg::Float64_<std::allocator<void> > >)>[m[K’})
[7.903s]   394 |       [01;31m[Kcallback_variant_ = static_cast<typename scbth::callback_type>(callback)[m[K;
[7.904s]       |       [01;31m[K~~~~~~~~~~~~~~~~~~^~~~~~~~~~~~~~~~~~~~~~~~~~~~~~~~~~~~~~~~~~~~~~~~~~~~~~[m[K
[7.904s] In file included from [01m[K/opt/ros/humble/include/rclcpp/rclcpp/client.hpp:28[m[K,
[7.904s]                  from [01m[K/opt/ros/humble/include/rclcpp/rclcpp/callback_group.hpp:24[m[K,
[7.904s]                  from [01m[K/opt/ros/humble/include/rclcpp/rclcpp/any_executable.hpp:20[m[K,
[7.904s]                  from [01m[K/opt/ros/humble/include/rclcpp/rclcpp/memory_strategy.hpp:25[m[K,
[7.904s]                  from [01m[K/opt/ros/humble/include/rclcpp/rclcpp/memory_strategies.hpp:18[m[K,
[7.904s]                  from [01m[K/opt/ros/humble/include/rclcpp/rclcpp/executor_options.hpp:20[m[K,
[7.904s]                  from [01m[K/opt/ros/humble/include/rclcpp/rclcpp/executor.hpp:37[m[K,
[7.904s]                  from [01m[K/opt/ros/humble/include/rclcpp/rclcpp/executors/multi_threaded_executor.hpp:25[m[K,
[7.904s]                  from [01m[K/opt/ros/humble/include/rclcpp/rclcpp/executors.hpp:21[m[K,
[7.904s]                  from [01m[K/opt/ros/humble/include/rclcpp/rclcpp/rclcpp.hpp:155[m[K,
[7.905s]                  from [01m[K/home/fabiocar/fabiocar/src/f1tenth_system/vesc/vesc_ackermann/include/vesc_ackermann/vesc_to_odom.hpp:35[m[K,
[7.905s]                  from [01m[K/home/fabiocar/fabiocar/src/f1tenth_system/vesc/vesc_ackermann/src/vesc_to_odom.cpp:31[m[K:
[7.905s] [01m[K/usr/include/c++/11/variant:1461:9:[m[K [01;36m[Knote: [m[Kcandidate: ‘[01m[Ktemplate<class _Tp> std::enable_if_t<((__exactly_once<std::variant<_Types>::__accepted_type<_Tp&&, typename std::enable_if<__not_self<_Tp&&>, void>::type> > && is_constructible_v<std::variant<_Types>::__accepted_type<_Tp&&, typename std::enable_if<__not_self<_Tp&&>, void>::type>, _Tp>) && is_assignable_v<std::variant<_Types>::__accepted_type<_Tp&&, typename std::enable_if<__not_self<_Tp&&>, void>::type>&, _Tp>), std::variant<_Types>&> std::variant<_Types>::operator=(_Tp&&) [with _Tp = _Tp; _Types = {std::function<void(const vesc_msgs::msg::VescStateStamped_<std::allocator<void> >&)>, std::function<void(const vesc_msgs::msg::VescStateStamped_<std::allocator<void> >&, const rclcpp::MessageInfo&)>, std::function<void(const rclcpp::SerializedMessage&)>, std::function<void(const rclcpp::SerializedMessage&, const rclcpp::MessageInfo&)>, std::function<void(std::unique_ptr<vesc_msgs::msg::VescStateStamped_<std::allocator<void> >, std::default_delete<vesc_msgs::msg::VescStateStamped_<std::allocator<void> > > >)>, std::function<void(std::unique_ptr<vesc_msgs::msg::VescStateStamped_<std::allocator<void> >, std::default_delete<vesc_msgs::msg::VescStateStamped_<std::allocator<void> > > >, const rclcpp::MessageInfo&)>, std::function<void(std::unique_ptr<rclcpp::SerializedMessage, std::default_delete<rclcpp::SerializedMessage> >)>, std::function<void(std::unique_ptr<rclcpp::SerializedMessage, std::default_delete<rclcpp::SerializedMessage> >, const rclcpp::MessageInfo&)>, std::function<void(std::shared_ptr<const vesc_msgs::msg::VescStateStamped_<std::allocator<void> > >)>, std::function<void(std::shared_ptr<const vesc_msgs::msg::VescStateStamped_<std::allocator<void> > >, const rclcpp::MessageInfo&)>, std::function<void(std::shared_ptr<const rclcpp::SerializedMessage>)>, std::function<void(std::shared_ptr<const rclcpp::SerializedMessage>, const rclcpp::MessageInfo&)>, std::function<void(const std::shared_ptr<const vesc_msgs::msg::VescStateStamped_<std::allocator<void> > >&)>, std::function<void(const std::shared_ptr<const vesc_msgs::msg::VescStateStamped_<std::allocator<void> > >&, const rclcpp::MessageInfo&)>, std::function<void(const std::shared_ptr<const rclcpp::SerializedMessage>&)>, std::function<void(const std::shared_ptr<const rclcpp::SerializedMessage>&, const rclcpp::MessageInfo&)>, std::function<void(std::shared_ptr<vesc_msgs::msg::VescStateStamped_<std::allocator<void> > >)>, std::function<void(std::shared_ptr<vesc_msgs::msg::VescStateStamped_<std::allocator<void> > >, const rclcpp::MessageInfo&)>, std::function<void(std::shared_ptr<rclcpp::SerializedMessage>)>, std::function<void(std::shared_ptr<rclcpp::SerializedMessage>, const rclcpp::MessageInfo&)>}][m[K’
[7.905s]  1461 |         [01;36m[Koperator[m[K=(_Tp&& __rhs)
[7.905s]       |         [01;36m[K^~~~~~~~[m[K
[7.905s] [01m[K/usr/include/c++/11/variant:1461:9:[m[K [01;36m[Knote: [m[K  template argument deduction/substitution failed:
[7.905s] /usr/include/c++/11/variant: In substitution of ‘[01m[Ktemplate<class ... _Types> template<class _Tp, class> using __accepted_type = std::variant<_Types>::__to_type<__accepted_index<_Tp> > [with _Tp = std::function<void(std::shared_ptr<std_msgs::msg::Float64_<std::allocator<void> > >)>&&; <template-parameter-2-2> = void; _Types = {std::function<void(const vesc_msgs::msg::VescStateStamped_<std::allocator<void> >&)>, std::function<void(const vesc_msgs::msg::VescStateStamped_<std::allocator<void> >&, const rclcpp::MessageInfo&)>, std::function<void(const rclcpp::SerializedMessage&)>, std::function<void(const rclcpp::SerializedMessage&, const rclcpp::MessageInfo&)>, std::function<void(std::unique_ptr<vesc_msgs::msg::VescStateStamped_<std::allocator<void> >, std::default_delete<vesc_msgs::msg::VescStateStamped_<std::allocator<void> > > >)>, std::function<void(std::unique_ptr<vesc_msgs::msg::VescStateStamped_<std::allocator<void> >, std::default_delete<vesc_msgs::msg::VescStateStamped_<std::allocator<void> > > >, const rclcpp::MessageInfo&)>, std::function<void(std::unique_ptr<rclcpp::SerializedMessage, std::default_delete<rclcpp::SerializedMessage> >)>, std::function<void(std::unique_ptr<rclcpp::SerializedMessage, std::default_delete<rclcpp::SerializedMessage> >, const rclcpp::MessageInfo&)>, std::function<void(std::shared_ptr<const vesc_msgs::msg::VescStateStamped_<std::allocator<void> > >)>, std::function<void(std::shared_ptr<const vesc_msgs::msg::VescStateStamped_<std::allocator<void> > >, const rclcpp::MessageInfo&)>, std::function<void(std::shared_ptr<const rclcpp::SerializedMessage>)>, std::function<void(std::shared_ptr<const rclcpp::SerializedMessage>, const rclcpp::MessageInfo&)>, std::function<void(const std::shared_ptr<const vesc_msgs::msg::VescStateStamped_<std::allocator<void> > >&)>, std::function<void(const std::shared_ptr<const vesc_msgs::msg::VescStateStamped_<std::allocator<void> > >&, const rclcpp::MessageInfo&)>, std::function<void(const std::shared_ptr<const rclcpp::SerializedMessage>&)>, std::function<void(const std::shared_ptr<const rclcpp::SerializedMessage>&, const rclcpp::MessageInfo&)>, std::function<void(std::shared_ptr<vesc_msgs::msg::VescStateStamped_<std::allocator<void> > >)>, std::function<void(std::shared_ptr<vesc_msgs::msg::VescStateStamped_<std::allocator<void> > >, const rclcpp::MessageInfo&)>, std::function<void(std::shared_ptr<rclcpp::SerializedMessage>)>, std::function<void(std::shared_ptr<rclcpp::SerializedMessage>, const rclcpp::MessageInfo&)>}][m[K’:
[7.905s] [01m[K/usr/include/c++/11/variant:1457:14:[m[K   required by substitution of ‘[01m[Ktemplate<class _Tp> std::enable_if_t<((__exactly_once<std::variant<std::function<void(const vesc_msgs::msg::VescStateStamped_<std::allocator<void> >&)>, std::function<void(const vesc_msgs::msg::VescStateStamped_<std::allocator<void> >&, const rclcpp::MessageInfo&)>, std::function<void(const rclcpp::SerializedMessage&)>, std::function<void(const rclcpp::SerializedMessage&, const rclcpp::MessageInfo&)>, std::function<void(std::unique_ptr<vesc_msgs::msg::VescStateStamped_<std::allocator<void> >, std::default_delete<vesc_msgs::msg::VescStateStamped_<std::allocator<void> > > >)>, std::function<void(std::unique_ptr<vesc_msgs::msg::VescStateStamped_<std::allocator<void> >, std::default_delete<vesc_msgs::msg::VescStateStamped_<std::allocator<void> > > >, const rclcpp::MessageInfo&)>, std::function<void(std::unique_ptr<rclcpp::SerializedMessage, std::default_delete<rclcpp::SerializedMessage> >)>, std::function<void(std::unique_ptr<rclcpp::SerializedMessage, std::default_delete<rclcpp::SerializedMessage> >, const rclcpp::MessageInfo&)>, std::function<void(std::shared_ptr<const vesc_msgs::msg::VescStateStamped_<std::allocator<void> > >)>, std::function<void(std::shared_ptr<const vesc_msgs::msg::VescStateStamped_<std::allocator<void> > >, const rclcpp::MessageInfo&)>, std::function<void(std::shared_ptr<const rclcpp::SerializedMessage>)>, std::function<void(std::shared_ptr<const rclcpp::SerializedMessage>, const rclcpp::MessageInfo&)>, std::function<void(const std::shared_ptr<const vesc_msgs::msg::VescStateStamped_<std::allocator<void> > >&)>, std::function<void(const std::shared_ptr<const vesc_msgs::msg::VescStateStamped_<std::allocator<void> > >&, const rclcpp::MessageInfo&)>, std::function<void(const std::shared_ptr<const rclcpp::SerializedMessage>&)>, std::function<void(const std::shared_ptr<const rclcpp::SerializedMessage>&, const rclcpp::MessageInfo&)>, std::function<void(std::shared_ptr<vesc_msgs::msg::VescStateStamped_<std::allocator<void> > >)>, std::function<void(std::shared_ptr<vesc_msgs::msg::VescStateStamped_<std::allocator<void> > >, const rclcpp::MessageInfo&)>, std::function<void(std::shared_ptr<rclcpp::SerializedMessage>)>, std::function<void(std::shared_ptr<rclcpp::SerializedMessage>, const rclcpp::MessageInfo&)> >::__accepted_type<_Tp&&, typename std::enable_if<__not_self<_Tp&&>, void>::type> > && is_constructible_v<std::variant<std::function<void(const vesc_msgs::msg::VescStateStamped_<std::allocator<void> >&)>, std::function<void(const vesc_msgs::msg::VescStateStamped_<std::allocator<void> >&, const rclcpp::MessageInfo&)>, std::function<void(const rclcpp::SerializedMessage&)>, std::function<void(const rclcpp::SerializedMessage&, const rclcpp::MessageInfo&)>, std::function<void(std::unique_ptr<vesc_msgs::msg::VescStateStamped_<std::allocator<void> >, std::default_delete<vesc_msgs::msg::VescStateStamped_<std::allocator<void> > > >)>, std::function<void(std::unique_ptr<vesc_msgs::msg::VescStateStamped_<std::allocator<void> >, std::default_delete<vesc_msgs::msg::VescStateStamped_<std::allocator<void> > > >, const rclcpp::MessageInfo&)>, std::function<void(std::unique_ptr<rclcpp::SerializedMessage, std::default_delete<rclcpp::SerializedMessage> >)>, std::function<void(std::unique_ptr<rclcpp::SerializedMessage, std::default_delete<rclcpp::SerializedMessage> >, const rclcpp::MessageInfo&)>, std::function<void(std::shared_ptr<const vesc_msgs::msg::VescStateStamped_<std::allocator<void> > >)>, std::function<void(std::shared_ptr<const vesc_msgs::msg::VescStateStamped_<std::allocator<void> > >, const rclcpp::MessageInfo&)>, std::function<void(std::shared_ptr<const rclcpp::SerializedMessage>)>, std::function<void(std::shared_ptr<const rclcpp::SerializedMessage>, const rclcpp::MessageInfo&)>, std::function<void(const std::shared_ptr<const vesc_msgs::msg::VescStateStamped_<std::allocator<void> > >&)>, std::function<void(const std::shared_ptr<const vesc_msgs::msg::VescStateStamped_<std::allocator<void> > >&, const rclcpp::MessageInfo&)>, std::function<void(const std::shared_ptr<const rclcpp::SerializedMessage>&)>, std::function<void(const std::shared_ptr<const rclcpp::SerializedMessage>&, const rclcpp::MessageInfo&)>, std::function<void(std::shared_ptr<vesc_msgs::msg::VescStateStamped_<std::allocator<void> > >)>, std::function<void(std::shared_ptr<vesc_msgs::msg::VescStateStamped_<std::allocator<void> > >, const rclcpp::MessageInfo&)>, std::function<void(std::shared_ptr<rclcpp::SerializedMessage>)>, std::function<void(std::shared_ptr<rclcpp::SerializedMessage>, const rclcpp::MessageInfo&)> >::__accepted_type<_Tp&&, typename std::enable_if<__not_self<_Tp&&>, void>::type>, _Tp>) && is_assignable_v<std::variant<std::function<void(const vesc_msgs::msg::VescStateStamped_<std::allocator<void> >&)>, std::function<void(const vesc_msgs::msg::VescStateStamped_<std::allocator<void> >&, const rclcpp::MessageInfo&)>, std::function<void(const rclcpp::SerializedMessage&)>, std::function<void(const rclcpp::SerializedMessage&, const rclcpp::MessageInfo&)>, std::function<void(std::unique_ptr<vesc_msgs::msg::VescStateStamped_<std::allocator<void> >, std::default_delete<vesc_msgs::msg::VescStateStamped_<std::allocator<void> > > >)>, std::function<void(std::unique_ptr<vesc_msgs::msg::VescStateStamped_<std::allocator<void> >, std::default_delete<vesc_msgs::msg::VescStateStamped_<std::allocator<void> > > >, const rclcpp::MessageInfo&)>, std::function<void(std::unique_ptr<rclcpp::SerializedMessage, std::default_delete<rclcpp::SerializedMessage> >)>, std::function<void(std::unique_ptr<rclcpp::SerializedMessage, std::default_delete<rclcpp::SerializedMessage> >, const rclcpp::MessageInfo&)>, std::function<void(std::shared_ptr<const vesc_msgs::msg::VescStateStamped_<std::allocator<void> > >)>, std::function<void(std::shared_ptr<const vesc_msgs::msg::VescStateStamped_<std::allocator<void> > >, const rclcpp::MessageInfo&)>, std::function<void(std::shared_ptr<const rclcpp::SerializedMessage>)>, std::function<void(std::shared_ptr<const rclcpp::SerializedMessage>, const rclcpp::MessageInfo&)>, std::function<void(const std::shared_ptr<const vesc_msgs::msg::VescStateStamped_<std::allocator<void> > >&)>, std::function<void(const std::shared_ptr<const vesc_msgs::msg::VescStateStamped_<std::allocator<void> > >&, const rclcpp::MessageInfo&)>, std::function<void(const std::shared_ptr<const rclcpp::SerializedMessage>&)>, std::function<void(const std::shared_ptr<const rclcpp::SerializedMessage>&, const rclcpp::MessageInfo&)>, std::function<void(std::shared_ptr<vesc_msgs::msg::VescStateStamped_<std::allocator<void> > >)>, std::function<void(std::shared_ptr<vesc_msgs::msg::VescStateStamped_<std::allocator<void> > >, const rclcpp::MessageInfo&)>, std::function<void(std::shared_ptr<rclcpp::SerializedMessage>)>, std::function<void(std::shared_ptr<rclcpp::SerializedMessage>, const rclcpp::MessageInfo&)> >::__accepted_type<_Tp&&, typename std::enable_if<__not_self<_Tp&&>, void>::type>&, _Tp>), std::variant<std::function<void(const vesc_msgs::msg::VescStateStamped_<std::allocator<void> >&)>, std::function<void(const vesc_msgs::msg::VescStateStamped_<std::allocator<void> >&, const rclcpp::MessageInfo&)>, std::function<void(const rclcpp::SerializedMessage&)>, std::function<void(const rclcpp::SerializedMessage&, const rclcpp::MessageInfo&)>, std::function<void(std::unique_ptr<vesc_msgs::msg::VescStateStamped_<std::allocator<void> >, std::default_delete<vesc_msgs::msg::VescStateStamped_<std::allocator<void> > > >)>, std::function<void(std::unique_ptr<vesc_msgs::msg::VescStateStamped_<std::allocator<void> >, std::default_delete<vesc_msgs::msg::VescStateStamped_<std::allocator<void> > > >, const rclcpp::MessageInfo&)>, std::function<void(std::unique_ptr<rclcpp::SerializedMessage, std::default_delete<rclcpp::SerializedMessage> >)>, std::function<void(std::unique_ptr<rclcpp::SerializedMessage, std::default_delete<rclcpp::SerializedMessage> >, const rclcpp::MessageInfo&)>, std::function<void(std::shared_ptr<const vesc_msgs::msg::VescStateStamped_<std::allocator<void> > >)>, std::function<void(std::shared_ptr<const vesc_msgs::msg::VescStateStamped_<std::allocator<void> > >, const rclcpp::MessageInfo&)>, std::function<void(std::shared_ptr<const rclcpp::SerializedMessage>)>, std::function<void(std::shared_ptr<const rclcpp::SerializedMessage>, const rclcpp::MessageInfo&)>, std::function<void(const std::shared_ptr<const vesc_msgs::msg::VescStateStamped_<std::allocator<void> > >&)>, std::function<void(const std::shared_ptr<const vesc_msgs::msg::VescStateStamped_<std::allocator<void> > >&, const rclcpp::MessageInfo&)>, std::function<void(const std::shared_ptr<const rclcpp::SerializedMessage>&)>, std::function<void(const std::shared_ptr<const rclcpp::SerializedMessage>&, const rclcpp::MessageInfo&)>, std::function<void(std::shared_ptr<vesc_msgs::msg::VescStateStamped_<std::allocator<void> > >)>, std::function<void(std::shared_ptr<vesc_msgs::msg::VescStateStamped_<std::allocator<void> > >, const rclcpp::MessageInfo&)>, std::function<void(std::shared_ptr<rclcpp::SerializedMessage>)>, std::function<void(std::shared_ptr<rclcpp::SerializedMessage>, const rclcpp::MessageInfo&)> >&> std::variant<std::function<void(const vesc_msgs::msg::VescStateStamped_<std::allocator<void> >&)>, std::function<void(const vesc_msgs::msg::VescStateStamped_<std::allocator<void> >&, const rclcpp::MessageInfo&)>, std::function<void(const rclcpp::SerializedMessage&)>, std::function<void(const rclcpp::SerializedMessage&, const rclcpp::MessageInfo&)>, std::function<void(std::unique_ptr<vesc_msgs::msg::VescStateStamped_<std::allocator<void> >, std::default_delete<vesc_msgs::msg::VescStateStamped_<std::allocator<void> > > >)>, std::function<void(std::unique_ptr<vesc_msgs::msg::VescStateStamped_<std::allocator<void> >, std::default_delete<vesc_msgs::msg::VescStateStamped_<std::allocator<void> > > >, const rclcpp::MessageInfo&)>, std::function<void(std::unique_ptr<rclcpp::SerializedMessage, std::default_delete<rclcpp::SerializedMessage> >)>, std::function<void(std::unique_ptr<rclcpp::SerializedMessage, std::default_delete<rclcpp::SerializedMessage> >, const rclcpp::MessageInfo&)>, std::function<void(std::shared_ptr<const vesc_msgs::msg::VescStateStamped_<std::allocator<void> > >)>, std::function<void(std::shared_ptr<const vesc_msgs::msg::VescStateStamped_<std::allocator<void> > >, const rclcpp::MessageInfo&)>, std::function<void(std::shared_ptr<const rclcpp::SerializedMessage>)>, std::function<void(std::shared_ptr<const rclcpp::SerializedMessage>, const rclcpp::MessageInfo&)>, std::function<void(const std::shared_ptr<const vesc_msgs::msg::VescStateStamped_<std::allocator<void> > >&)>, std::function<void(const std::shared_ptr<const vesc_msgs::msg::VescStateStamped_<std::allocator<void> > >&, const rclcpp::MessageInfo&)>, std::function<void(const std::shared_ptr<const rclcpp::SerializedMessage>&)>, std::function<void(const std::shared_ptr<const rclcpp::SerializedMessage>&, const rclcpp::MessageInfo&)>, std::function<void(std::shared_ptr<vesc_msgs::msg::VescStateStamped_<std::allocator<void> > >)>, std::function<void(std::shared_ptr<vesc_msgs::msg::VescStateStamped_<std::allocator<void> > >, const rclcpp::MessageInfo&)>, std::function<void(std::shared_ptr<rclcpp::SerializedMessage>)>, std::function<void(std::shared_ptr<rclcpp::SerializedMessage>, const rclcpp::MessageInfo&)> >::operator=<_Tp>(_Tp&&) [with _Tp = std::function<void(std::shared_ptr<std_msgs::msg::Float64_<std::allocator<void> > >)>][m[K’
[7.906s] [01m[K/opt/ros/humble/include/rclcpp/rclcpp/any_subscription_callback.hpp:394:25:[m[K   required from ‘[01m[Krclcpp::AnySubscriptionCallback<MessageT, AllocatorT> rclcpp::AnySubscriptionCallback<MessageT, AllocatorT>::set(CallbackT) [with CallbackT = std::_Bind<void (vesc_ackermann::VescToOdom::*(vesc_ackermann::VescToOdom*, std::_Placeholder<1>))(std::shared_ptr<std_msgs::msg::Float64_<std::allocator<void> > >)>; MessageT = vesc_msgs::msg::VescStateStamped_<std::allocator<void> >; AllocatorT = std::allocator<void>][m[K’
[7.906s] [01m[K/opt/ros/humble/include/rclcpp/rclcpp/subscription_factory.hpp:94:32:[m[K   required from ‘[01m[Krclcpp::SubscriptionFactory rclcpp::create_subscription_factory(CallbackT&&, const rclcpp::SubscriptionOptionsWithAllocator<AllocatorT>&, typename MessageMemoryStrategyT::SharedPtr, std::shared_ptr<rclcpp::topic_statistics::SubscriptionTopicStatistics<ROSMessageType> >) [with MessageT = vesc_msgs::msg::VescStateStamped_<std::allocator<void> >; CallbackT = std::_Bind<void (vesc_ackermann::VescToOdom::*(vesc_ackermann::VescToOdom*, std::_Placeholder<1>))(std::shared_ptr<std_msgs::msg::Float64_<std::allocator<void> > >)>; AllocatorT = std::allocator<void>; SubscriptionT = rclcpp::Subscription<vesc_msgs::msg::VescStateStamped_<std::allocator<void> > >; MessageMemoryStrategyT = rclcpp::message_memory_strategy::MessageMemoryStrategy<vesc_msgs::msg::VescStateStamped_<std::allocator<void> >, std::allocator<void> >; ROSMessageType = vesc_msgs::msg::VescStateStamped_<std::allocator<void> >; typename MessageMemoryStrategyT::SharedPtr = std::shared_ptr<rclcpp::message_memory_strategy::MessageMemoryStrategy<vesc_msgs::msg::VescStateStamped_<std::allocator<void> >, std::allocator<void> > >][m[K’
[7.906s] [01m[K/opt/ros/humble/include/rclcpp/rclcpp/create_subscription.hpp:122:63:[m[K   required from ‘[01m[Kstd::shared_ptr<ROSMessageT> rclcpp::detail::create_subscription(NodeParametersT&, NodeTopicsT&, const string&, const rclcpp::QoS&, CallbackT&&, const rclcpp::SubscriptionOptionsWithAllocator<AllocatorT>&, typename MessageMemoryStrategyT::SharedPtr) [with MessageT = vesc_msgs::msg::VescStateStamped_<std::allocator<void> >; CallbackT = std::_Bind<void (vesc_ackermann::VescToOdom::*(vesc_ackermann::VescToOdom*, std::_Placeholder<1>))(std::shared_ptr<std_msgs::msg::Float64_<std::allocator<void> > >)>; AllocatorT = std::allocator<void>; SubscriptionT = rclcpp::Subscription<vesc_msgs::msg::VescStateStamped_<std::allocator<void> > >; MessageMemoryStrategyT = rclcpp::message_memory_strategy::MessageMemoryStrategy<vesc_msgs::msg::VescStateStamped_<std::allocator<void> >, std::allocator<void> >; NodeParametersT = rclcpp::Node; NodeTopicsT = rclcpp::Node; ROSMessageType = vesc_msgs::msg::VescStateStamped_<std::allocator<void> >; std::string = std::__cxx11::basic_string<char>; typename MessageMemoryStrategyT::SharedPtr = std::shared_ptr<rclcpp::message_memory_strategy::MessageMemoryStrategy<vesc_msgs::msg::VescStateStamped_<std::allocator<void> >, std::allocator<void> > >][m[K’
[7.906s] [01m[K/opt/ros/humble/include/rclcpp/rclcpp/create_subscription.hpp:191:76:[m[K   required from ‘[01m[Kstd::shared_ptr<ROSMessageT> rclcpp::create_subscription(NodeT&, const string&, const rclcpp::QoS&, CallbackT&&, const rclcpp::SubscriptionOptionsWithAllocator<AllocatorT>&, typename MessageMemoryStrategyT::SharedPtr) [with MessageT = vesc_msgs::msg::VescStateStamped_<std::allocator<void> >; CallbackT = std::_Bind<void (vesc_ackermann::VescToOdom::*(vesc_ackermann::VescToOdom*, std::_Placeholder<1>))(std::shared_ptr<std_msgs::msg::Float64_<std::allocator<void> > >)>; AllocatorT = std::allocator<void>; SubscriptionT = rclcpp::Subscription<vesc_msgs::msg::VescStateStamped_<std::allocator<void> > >; MessageMemoryStrategyT = rclcpp::message_memory_strategy::MessageMemoryStrategy<vesc_msgs::msg::VescStateStamped_<std::allocator<void> >, std::allocator<void> >; NodeT = rclcpp::Node; std::string = std::__cxx11::basic_string<char>; typename MessageMemoryStrategyT::SharedPtr = std::shared_ptr<rclcpp::message_memory_strategy::MessageMemoryStrategy<vesc_msgs::msg::VescStateStamped_<std::allocator<void> >, std::allocator<void> > >][m[K’
[7.906s] [01m[K/opt/ros/humble/include/rclcpp/rclcpp/node_impl.hpp:99:47:[m[K   required from ‘[01m[Kstd::shared_ptr<ROSMessageT> rclcpp::Node::create_subscription(const string&, const rclcpp::QoS&, CallbackT&&, const rclcpp::SubscriptionOptionsWithAllocator<AllocatorT>&, typename MessageMemoryStrategyT::SharedPtr) [with MessageT = vesc_msgs::msg::VescStateStamped_<std::allocator<void> >; CallbackT = std::_Bind<void (vesc_ackermann::VescToOdom::*(vesc_ackermann::VescToOdom*, std::_Placeholder<1>))(std::shared_ptr<std_msgs::msg::Float64_<std::allocator<void> > >)>; AllocatorT = std::allocator<void>; SubscriptionT = rclcpp::Subscription<vesc_msgs::msg::VescStateStamped_<std::allocator<void> > >; MessageMemoryStrategyT = rclcpp::message_memory_strategy::MessageMemoryStrategy<vesc_msgs::msg::VescStateStamped_<std::allocator<void> >, std::allocator<void> >; std::string = std::__cxx11::basic_string<char>; typename MessageMemoryStrategyT::SharedPtr = std::shared_ptr<rclcpp::message_memory_strategy::MessageMemoryStrategy<vesc_msgs::msg::VescStateStamped_<std::allocator<void> >, std::allocator<void> > >][m[K’
[7.906s] [01m[K/home/fabiocar/fabiocar/src/f1tenth_system/vesc/vesc_ackermann/src/vesc_to_odom.cpp:86:55:[m[K   required from here
[7.906s] [01m[K/usr/include/c++/11/variant:1375:15:[m[K [01;31m[Kerror: [m[Kno type named ‘[01m[Ktype[m[K’ in ‘[01m[Kstruct std::enable_if<false, void>[m[K’
[7.906s]  1375 |         using [01;31m[K__accepted_type[m[K = __to_type<__accepted_index<_Tp>>;
[7.906s]       |               [01;31m[K^~~~~~~~~~~~~~~[m[K
[7.906s] /opt/ros/humble/include/rclcpp/rclcpp/any_subscription_callback.hpp: In instantiation of ‘[01m[Krclcpp::AnySubscriptionCallback<MessageT, AllocatorT> rclcpp::AnySubscriptionCallback<MessageT, AllocatorT>::set(CallbackT) [with CallbackT = std::_Bind<void (vesc_ackermann::VescToOdom::*(vesc_ackermann::VescToOdom*, std::_Placeholder<1>))(std::shared_ptr<std_msgs::msg::Float64_<std::allocator<void> > >)>; MessageT = vesc_msgs::msg::VescStateStamped_<std::allocator<void> >; AllocatorT = std::allocator<void>][m[K’:
[7.907s] [01m[K/opt/ros/humble/include/rclcpp/rclcpp/subscription_factory.hpp:94:32:[m[K   required from ‘[01m[Krclcpp::SubscriptionFactory rclcpp::create_subscription_factory(CallbackT&&, const rclcpp::SubscriptionOptionsWithAllocator<AllocatorT>&, typename MessageMemoryStrategyT::SharedPtr, std::shared_ptr<rclcpp::topic_statistics::SubscriptionTopicStatistics<ROSMessageType> >) [with MessageT = vesc_msgs::msg::VescStateStamped_<std::allocator<void> >; CallbackT = std::_Bind<void (vesc_ackermann::VescToOdom::*(vesc_ackermann::VescToOdom*, std::_Placeholder<1>))(std::shared_ptr<std_msgs::msg::Float64_<std::allocator<void> > >)>; AllocatorT = std::allocator<void>; SubscriptionT = rclcpp::Subscription<vesc_msgs::msg::VescStateStamped_<std::allocator<void> > >; MessageMemoryStrategyT = rclcpp::message_memory_strategy::MessageMemoryStrategy<vesc_msgs::msg::VescStateStamped_<std::allocator<void> >, std::allocator<void> >; ROSMessageType = vesc_msgs::msg::VescStateStamped_<std::allocator<void> >; typename MessageMemoryStrategyT::SharedPtr = std::shared_ptr<rclcpp::message_memory_strategy::MessageMemoryStrategy<vesc_msgs::msg::VescStateStamped_<std::allocator<void> >, std::allocator<void> > >][m[K’
[7.907s] [01m[K/opt/ros/humble/include/rclcpp/rclcpp/create_subscription.hpp:122:63:[m[K   required from ‘[01m[Kstd::shared_ptr<ROSMessageT> rclcpp::detail::create_subscription(NodeParametersT&, NodeTopicsT&, const string&, const rclcpp::QoS&, CallbackT&&, const rclcpp::SubscriptionOptionsWithAllocator<AllocatorT>&, typename MessageMemoryStrategyT::SharedPtr) [with MessageT = vesc_msgs::msg::VescStateStamped_<std::allocator<void> >; CallbackT = std::_Bind<void (vesc_ackermann::VescToOdom::*(vesc_ackermann::VescToOdom*, std::_Placeholder<1>))(std::shared_ptr<std_msgs::msg::Float64_<std::allocator<void> > >)>; AllocatorT = std::allocator<void>; SubscriptionT = rclcpp::Subscription<vesc_msgs::msg::VescStateStamped_<std::allocator<void> > >; MessageMemoryStrategyT = rclcpp::message_memory_strategy::MessageMemoryStrategy<vesc_msgs::msg::VescStateStamped_<std::allocator<void> >, std::allocator<void> >; NodeParametersT = rclcpp::Node; NodeTopicsT = rclcpp::Node; ROSMessageType = vesc_msgs::msg::VescStateStamped_<std::allocator<void> >; std::string = std::__cxx11::basic_string<char>; typename MessageMemoryStrategyT::SharedPtr = std::shared_ptr<rclcpp::message_memory_strategy::MessageMemoryStrategy<vesc_msgs::msg::VescStateStamped_<std::allocator<void> >, std::allocator<void> > >][m[K’
[7.907s] [01m[K/opt/ros/humble/include/rclcpp/rclcpp/create_subscription.hpp:191:76:[m[K   required from ‘[01m[Kstd::shared_ptr<ROSMessageT> rclcpp::create_subscription(NodeT&, const string&, const rclcpp::QoS&, CallbackT&&, const rclcpp::SubscriptionOptionsWithAllocator<AllocatorT>&, typename MessageMemoryStrategyT::SharedPtr) [with MessageT = vesc_msgs::msg::VescStateStamped_<std::allocator<void> >; CallbackT = std::_Bind<void (vesc_ackermann::VescToOdom::*(vesc_ackermann::VescToOdom*, std::_Placeholder<1>))(std::shared_ptr<std_msgs::msg::Float64_<std::allocator<void> > >)>; AllocatorT = std::allocator<void>; SubscriptionT = rclcpp::Subscription<vesc_msgs::msg::VescStateStamped_<std::allocator<void> > >; MessageMemoryStrategyT = rclcpp::message_memory_strategy::MessageMemoryStrategy<vesc_msgs::msg::VescStateStamped_<std::allocator<void> >, std::allocator<void> >; NodeT = rclcpp::Node; std::string = std::__cxx11::basic_string<char>; typename MessageMemoryStrategyT::SharedPtr = std::shared_ptr<rclcpp::message_memory_strategy::MessageMemoryStrategy<vesc_msgs::msg::VescStateStamped_<std::allocator<void> >, std::allocator<void> > >][m[K’
[7.907s] [01m[K/opt/ros/humble/include/rclcpp/rclcpp/node_impl.hpp:99:47:[m[K   required from ‘[01m[Kstd::shared_ptr<ROSMessageT> rclcpp::Node::create_subscription(const string&, const rclcpp::QoS&, CallbackT&&, const rclcpp::SubscriptionOptionsWithAllocator<AllocatorT>&, typename MessageMemoryStrategyT::SharedPtr) [with MessageT = vesc_msgs::msg::VescStateStamped_<std::allocator<void> >; CallbackT = std::_Bind<void (vesc_ackermann::VescToOdom::*(vesc_ackermann::VescToOdom*, std::_Placeholder<1>))(std::shared_ptr<std_msgs::msg::Float64_<std::allocator<void> > >)>; AllocatorT = std::allocator<void>; SubscriptionT = rclcpp::Subscription<vesc_msgs::msg::VescStateStamped_<std::allocator<void> > >; MessageMemoryStrategyT = rclcpp::message_memory_strategy::MessageMemoryStrategy<vesc_msgs::msg::VescStateStamped_<std::allocator<void> >, std::allocator<void> >; std::string = std::__cxx11::basic_string<char>; typename MessageMemoryStrategyT::SharedPtr = std::shared_ptr<rclcpp::message_memory_strategy::MessageMemoryStrategy<vesc_msgs::msg::VescStateStamped_<std::allocator<void> >, std::allocator<void> > >][m[K’
[7.907s] [01m[K/home/fabiocar/fabiocar/src/f1tenth_system/vesc/vesc_ackermann/src/vesc_to_odom.cpp:86:55:[m[K   required from here
[7.907s] [01m[K/usr/include/c++/11/variant:1398:16:[m[K [01;36m[Knote: [m[Kcandidate: ‘[01m[Kstd::variant<_Types>& std::variant<_Types>::operator=(const std::variant<_Types>&) [with _Types = {std::function<void(const vesc_msgs::msg::VescStateStamped_<std::allocator<void> >&)>, std::function<void(const vesc_msgs::msg::VescStateStamped_<std::allocator<void> >&, const rclcpp::MessageInfo&)>, std::function<void(const rclcpp::SerializedMessage&)>, std::function<void(const rclcpp::SerializedMessage&, const rclcpp::MessageInfo&)>, std::function<void(std::unique_ptr<vesc_msgs::msg::VescStateStamped_<std::allocator<void> >, std::default_delete<vesc_msgs::msg::VescStateStamped_<std::allocator<void> > > >)>, std::function<void(std::unique_ptr<vesc_msgs::msg::VescStateStamped_<std::allocator<void> >, std::default_delete<vesc_msgs::msg::VescStateStamped_<std::allocator<void> > > >, const rclcpp::MessageInfo&)>, std::function<void(std::unique_ptr<rclcpp::SerializedMessage, std::default_delete<rclcpp::SerializedMessage> >)>, std::function<void(std::unique_ptr<rclcpp::SerializedMessage, std::default_delete<rclcpp::SerializedMessage> >, const rclcpp::MessageInfo&)>, std::function<void(std::shared_ptr<const vesc_msgs::msg::VescStateStamped_<std::allocator<void> > >)>, std::function<void(std::shared_ptr<const vesc_msgs::msg::VescStateStamped_<std::allocator<void> > >, const rclcpp::MessageInfo&)>, std::function<void(std::shared_ptr<const rclcpp::SerializedMessage>)>, std::function<void(std::shared_ptr<const rclcpp::SerializedMessage>, const rclcpp::MessageInfo&)>, std::function<void(const std::shared_ptr<const vesc_msgs::msg::VescStateStamped_<std::allocator<void> > >&)>, std::function<void(const std::shared_ptr<const vesc_msgs::msg::VescStateStamped_<std::allocator<void> > >&, const rclcpp::MessageInfo&)>, std::function<void(const std::shared_ptr<const rclcpp::SerializedMessage>&)>, std::function<void(const std::shared_ptr<const rclcpp::SerializedMessage>&, const rclcpp::MessageInfo&)>, std::function<void(std::shared_ptr<vesc_msgs::msg::VescStateStamped_<std::allocator<void> > >)>, std::function<void(std::shared_ptr<vesc_msgs::msg::VescStateStamped_<std::allocator<void> > >, const rclcpp::MessageInfo&)>, std::function<void(std::shared_ptr<rclcpp::SerializedMessage>)>, std::function<void(std::shared_ptr<rclcpp::SerializedMessage>, const rclcpp::MessageInfo&)>}][m[K’
[7.907s]  1398 |       variant& [01;36m[Koperator[m[K=(const variant&) = default;
[7.907s]       |                [01;36m[K^~~~~~~~[m[K
[7.907s] [01m[K/usr/include/c++/11/variant:1398:26:[m[K [01;36m[Knote: [m[K  no known conversion for argument 1 from ‘[01m[Krclcpp::detail::SubscriptionCallbackTypeHelper<vesc_msgs::msg::VescStateStamped_<std::allocator<void> >, std::_Bind<void (vesc_ackermann::VescToOdom::*(vesc_ackermann::VescToOdom*, std::_Placeholder<1>))(std::shared_ptr<std_msgs::msg::Float64_<std::allocator<void> > >)>, void>::callback_type[m[K’ {aka ‘[01m[Kstd::function<void(std::shared_ptr<std_msgs::msg::Float64_<std::allocator<void> > >)>[m[K’} to ‘[01m[Kconst std::variant<std::function<void(const vesc_msgs::msg::VescStateStamped_<std::allocator<void> >&)>, std::function<void(const vesc_msgs::msg::VescStateStamped_<std::allocator<void> >&, const rclcpp::MessageInfo&)>, std::function<void(const rclcpp::SerializedMessage&)>, std::function<void(const rclcpp::SerializedMessage&, const rclcpp::MessageInfo&)>, std::function<void(std::unique_ptr<vesc_msgs::msg::VescStateStamped_<std::allocator<void> >, std::default_delete<vesc_msgs::msg::VescStateStamped_<std::allocator<void> > > >)>, std::function<void(std::unique_ptr<vesc_msgs::msg::VescStateStamped_<std::allocator<void> >, std::default_delete<vesc_msgs::msg::VescStateStamped_<std::allocator<void> > > >, const rclcpp::MessageInfo&)>, std::function<void(std::unique_ptr<rclcpp::SerializedMessage, std::default_delete<rclcpp::SerializedMessage> >)>, std::function<void(std::unique_ptr<rclcpp::SerializedMessage, std::default_delete<rclcpp::SerializedMessage> >, const rclcpp::MessageInfo&)>, std::function<void(std::shared_ptr<const vesc_msgs::msg::VescStateStamped_<std::allocator<void> > >)>, std::function<void(std::shared_ptr<const vesc_msgs::msg::VescStateStamped_<std::allocator<void> > >, const rclcpp::MessageInfo&)>, std::function<void(std::shared_ptr<const rclcpp::SerializedMessage>)>, std::function<void(std::shared_ptr<const rclcpp::SerializedMessage>, const rclcpp::MessageInfo&)>, std::function<void(const std::shared_ptr<const vesc_msgs::msg::VescStateStamped_<std::allocator<void> > >&)>, std::function<void(const std::shared_ptr<const vesc_msgs::msg::VescStateStamped_<std::allocator<void> > >&, const rclcpp::MessageInfo&)>, std::function<void(const std::shared_ptr<const rclcpp::SerializedMessage>&)>, std::function<void(const std::shared_ptr<const rclcpp::SerializedMessage>&, const rclcpp::MessageInfo&)>, std::function<void(std::shared_ptr<vesc_msgs::msg::VescStateStamped_<std::allocator<void> > >)>, std::function<void(std::shared_ptr<vesc_msgs::msg::VescStateStamped_<std::allocator<void> > >, const rclcpp::MessageInfo&)>, std::function<void(std::shared_ptr<rclcpp::SerializedMessage>)>, std::function<void(std::shared_ptr<rclcpp::SerializedMessage>, const rclcpp::MessageInfo&)> >&[m[K’
[7.908s]  1398 |       variant& operator=([01;36m[Kconst variant&[m[K) = default;
[7.908s]       |                          [01;36m[K^~~~~~~~~~~~~~[m[K
[7.908s] [01m[K/usr/include/c++/11/variant:1399:16:[m[K [01;36m[Knote: [m[Kcandidate: ‘[01m[Kstd::variant<_Types>& std::variant<_Types>::operator=(std::variant<_Types>&&) [with _Types = {std::function<void(const vesc_msgs::msg::VescStateStamped_<std::allocator<void> >&)>, std::function<void(const vesc_msgs::msg::VescStateStamped_<std::allocator<void> >&, const rclcpp::MessageInfo&)>, std::function<void(const rclcpp::SerializedMessage&)>, std::function<void(const rclcpp::SerializedMessage&, const rclcpp::MessageInfo&)>, std::function<void(std::unique_ptr<vesc_msgs::msg::VescStateStamped_<std::allocator<void> >, std::default_delete<vesc_msgs::msg::VescStateStamped_<std::allocator<void> > > >)>, std::function<void(std::unique_ptr<vesc_msgs::msg::VescStateStamped_<std::allocator<void> >, std::default_delete<vesc_msgs::msg::VescStateStamped_<std::allocator<void> > > >, const rclcpp::MessageInfo&)>, std::function<void(std::unique_ptr<rclcpp::SerializedMessage, std::default_delete<rclcpp::SerializedMessage> >)>, std::function<void(std::unique_ptr<rclcpp::SerializedMessage, std::default_delete<rclcpp::SerializedMessage> >, const rclcpp::MessageInfo&)>, std::function<void(std::shared_ptr<const vesc_msgs::msg::VescStateStamped_<std::allocator<void> > >)>, std::function<void(std::shared_ptr<const vesc_msgs::msg::VescStateStamped_<std::allocator<void> > >, const rclcpp::MessageInfo&)>, std::function<void(std::shared_ptr<const rclcpp::SerializedMessage>)>, std::function<void(std::shared_ptr<const rclcpp::SerializedMessage>, const rclcpp::MessageInfo&)>, std::function<void(const std::shared_ptr<const vesc_msgs::msg::VescStateStamped_<std::allocator<void> > >&)>, std::function<void(const std::shared_ptr<const vesc_msgs::msg::VescStateStamped_<std::allocator<void> > >&, const rclcpp::MessageInfo&)>, std::function<void(const std::shared_ptr<const rclcpp::SerializedMessage>&)>, std::function<void(const std::shared_ptr<const rclcpp::SerializedMessage>&, const rclcpp::MessageInfo&)>, std::function<void(std::shared_ptr<vesc_msgs::msg::VescStateStamped_<std::allocator<void> > >)>, std::function<void(std::shared_ptr<vesc_msgs::msg::VescStateStamped_<std::allocator<void> > >, const rclcpp::MessageInfo&)>, std::function<void(std::shared_ptr<rclcpp::SerializedMessage>)>, std::function<void(std::shared_ptr<rclcpp::SerializedMessage>, const rclcpp::MessageInfo&)>}][m[K’
[7.908s]  1399 |       variant& [01;36m[Koperator[m[K=(variant&&) = default;
[7.908s]       |                [01;36m[K^~~~~~~~[m[K
[7.908s] [01m[K/usr/include/c++/11/variant:1399:26:[m[K [01;36m[Knote: [m[K  no known conversion for argument 1 from ‘[01m[Krclcpp::detail::SubscriptionCallbackTypeHelper<vesc_msgs::msg::VescStateStamped_<std::allocator<void> >, std::_Bind<void (vesc_ackermann::VescToOdom::*(vesc_ackermann::VescToOdom*, std::_Placeholder<1>))(std::shared_ptr<std_msgs::msg::Float64_<std::allocator<void> > >)>, void>::callback_type[m[K’ {aka ‘[01m[Kstd::function<void(std::shared_ptr<std_msgs::msg::Float64_<std::allocator<void> > >)>[m[K’} to ‘[01m[Kstd::variant<std::function<void(const vesc_msgs::msg::VescStateStamped_<std::allocator<void> >&)>, std::function<void(const vesc_msgs::msg::VescStateStamped_<std::allocator<void> >&, const rclcpp::MessageInfo&)>, std::function<void(const rclcpp::SerializedMessage&)>, std::function<void(const rclcpp::SerializedMessage&, const rclcpp::MessageInfo&)>, std::function<void(std::unique_ptr<vesc_msgs::msg::VescStateStamped_<std::allocator<void> >, std::default_delete<vesc_msgs::msg::VescStateStamped_<std::allocator<void> > > >)>, std::function<void(std::unique_ptr<vesc_msgs::msg::VescStateStamped_<std::allocator<void> >, std::default_delete<vesc_msgs::msg::VescStateStamped_<std::allocator<void> > > >, const rclcpp::MessageInfo&)>, std::function<void(std::unique_ptr<rclcpp::SerializedMessage, std::default_delete<rclcpp::SerializedMessage> >)>, std::function<void(std::unique_ptr<rclcpp::SerializedMessage, std::default_delete<rclcpp::SerializedMessage> >, const rclcpp::MessageInfo&)>, std::function<void(std::shared_ptr<const vesc_msgs::msg::VescStateStamped_<std::allocator<void> > >)>, std::function<void(std::shared_ptr<const vesc_msgs::msg::VescStateStamped_<std::allocator<void> > >, const rclcpp::MessageInfo&)>, std::function<void(std::shared_ptr<const rclcpp::SerializedMessage>)>, std::function<void(std::shared_ptr<const rclcpp::SerializedMessage>, const rclcpp::MessageInfo&)>, std::function<void(const std::shared_ptr<const vesc_msgs::msg::VescStateStamped_<std::allocator<void> > >&)>, std::function<void(const std::shared_ptr<const vesc_msgs::msg::VescStateStamped_<std::allocator<void> > >&, const rclcpp::MessageInfo&)>, std::function<void(const std::shared_ptr<const rclcpp::SerializedMessage>&)>, std::function<void(const std::shared_ptr<const rclcpp::SerializedMessage>&, const rclcpp::MessageInfo&)>, std::function<void(std::shared_ptr<vesc_msgs::msg::VescStateStamped_<std::allocator<void> > >)>, std::function<void(std::shared_ptr<vesc_msgs::msg::VescStateStamped_<std::allocator<void> > >, const rclcpp::MessageInfo&)>, std::function<void(std::shared_ptr<rclcpp::SerializedMessage>)>, std::function<void(std::shared_ptr<rclcpp::SerializedMessage>, const rclcpp::MessageInfo&)> >&&[m[K’
[7.908s]  1399 |       variant& operator=([01;36m[Kvariant&&[m[K) = default;
[7.908s]       |                          [01;36m[K^~~~~~~~~[m[K
[7.951s] [ 85%] [32m[1mLinking CXX executable ackermann_to_vesc_node[0m
[8.072s] [ 85%] Built target vesc_to_odom_node
[8.143s] [ 85%] Built target ackermann_to_vesc_node
[11.287s] gmake[2]: *** [CMakeFiles/vesc_ackermann.dir/build.make:76: CMakeFiles/vesc_ackermann.dir/src/ackermann_to_vesc.cpp.o] Error 1
[11.287s] gmake[2]: *** Waiting for unfinished jobs....
[11.671s] gmake[2]: *** [CMakeFiles/vesc_ackermann.dir/build.make:90: CMakeFiles/vesc_ackermann.dir/src/vesc_to_odom.cpp.o] Error 1
[11.671s] gmake[1]: *** [CMakeFiles/Makefile2:141: CMakeFiles/vesc_ackermann.dir/all] Error 2
[11.672s] gmake: *** [Makefile:146: all] Error 2
[11.677s] Invoked command in '/home/fabiocar/fabiocar/build/vesc_ackermann' returned '2': AMENT_PREFIX_PATH=/home/fabiocar/fabiocar/install/vesc_msgs:${AMENT_PREFIX_PATH} CMAKE_PREFIX_PATH=/home/fabiocar/fabiocar/install/vesc_msgs:/home/fabiocar/roboracer_ws/install/vesc:/home/fabiocar/roboracer_ws/install/vesc_driver:/home/fabiocar/roboracer_ws/install/vesc_ackermann:/home/fabiocar/roboracer_ws/install/vesc_msgs:/home/fabiocar/roboracer_ws/install/ackermann_mux:/home/fabiocar/roboracer_ws/install/f1tenth_stack:/home/fabiocar/roboracer_ws/install/mpc_controller:/home/fabiocar/roboracer_ws/install/llm_mpc_tuner:/opt/ros/humble LD_LIBRARY_PATH=/home/fabiocar/fabiocar/install/vesc_msgs/lib:${LD_LIBRARY_PATH} PYTHONPATH=/home/fabiocar/fabiocar/install/vesc_msgs/local/lib/python3.10/dist-packages:${PYTHONPATH} /usr/bin/cmake --build /home/fabiocar/fabiocar/build/vesc_ackermann -- -j12 -l12
