[0.479s] DEBUG:colcon:Command line arguments: ['/usr/bin/colcon', 'build']
[0.479s] DEBUG:colcon:Parsed command line arguments: Namespace(log_base=None, log_level=None, verb_name='build', build_base='build', install_base='install', merge_install=False, symlink_install=False, test_result_base=None, continue_on_error=False, executor='parallel', parallel_workers=12, event_handlers=None, ignore_user_meta=False, metas=['./colcon.meta'], base_paths=['.'], packages_ignore=None, packages_ignore_regex=None, paths=None, packages_up_to=None, packages_up_to_regex=None, packages_above=None, packages_above_and_dependencies=None, packages_above_depth=None, packages_select_by_dep=None, packages_skip_by_dep=None, packages_skip_up_to=None, packages_select_build_failed=False, packages_skip_build_finished=False, packages_select_test_failures=False, packages_skip_test_passed=False, packages_select=None, packages_skip=None, packages_select_regex=None, packages_skip_regex=None, packages_start=None, packages_end=None, allow_overriding=[], cmake_args=None, cmake_target=None, cmake_target_skip_unavailable=False, cmake_clean_cache=False, cmake_clean_first=False, cmake_force_configure=False, ament_cmake_args=None, catkin_cmake_args=None, catkin_skip_building_tests=False, verb_parser=<colcon_defaults.argument_parser.defaults.DefaultArgumentsDecorator object at 0xffffa5821780>, verb_extension=<colcon_core.verb.build.BuildVerb object at 0xffffa5821270>, main=<bound method BuildVerb.main of <colcon_core.verb.build.BuildVerb object at 0xffffa5821270>>)
[0.602s] Level 1:colcon.colcon_core.package_discovery:discover_packages(colcon_meta) check parameters
[0.602s] Level 1:colcon.colcon_core.package_discovery:discover_packages(recursive) check parameters
[0.602s] Level 1:colcon.colcon_core.package_discovery:discover_packages(ignore) check parameters
[0.602s] Level 1:colcon.colcon_core.package_discovery:discover_packages(path) check parameters
[0.602s] Level 1:colcon.colcon_core.package_discovery:discover_packages(colcon_meta) discover
[0.603s] Level 1:colcon.colcon_core.package_discovery:discover_packages(recursive) discover
[0.603s] INFO:colcon.colcon_core.package_discovery:Crawling recursively for packages in '/home/fabiocar/roboracer_ws'
[0.603s] Level 1:colcon.colcon_core.package_identification:_identify(.) by extensions ['ignore', 'ignore_ament_install']
[0.603s] Level 1:colcon.colcon_core.package_identification:_identify(.) by extension 'ignore'
[0.603s] Level 1:colcon.colcon_core.package_identification:_identify(.) by extension 'ignore_ament_install'
[0.603s] Level 1:colcon.colcon_core.package_identification:_identify(.) by extensions ['colcon_pkg']
[0.603s] Level 1:colcon.colcon_core.package_identification:_identify(.) by extension 'colcon_pkg'
[0.603s] Level 1:colcon.colcon_core.package_identification:_identify(.) by extensions ['colcon_meta']
[0.604s] Level 1:colcon.colcon_core.package_identification:_identify(.) by extension 'colcon_meta'
[0.604s] Level 1:colcon.colcon_core.package_identification:_identify(.) by extensions ['ros']
[0.604s] Level 1:colcon.colcon_core.package_identification:_identify(.) by extension 'ros'
[0.634s] Level 1:colcon.colcon_core.package_identification:_identify(.) by extensions ['cmake', 'python']
[0.634s] Level 1:colcon.colcon_core.package_identification:_identify(.) by extension 'cmake'
[0.634s] Level 1:colcon.colcon_core.package_identification:_identify(.) by extension 'python'
[0.634s] Level 1:colcon.colcon_core.package_identification:_identify(.) by extensions ['python_setup_py']
[0.634s] Level 1:colcon.colcon_core.package_identification:_identify(.) by extension 'python_setup_py'
[0.634s] Level 1:colcon.colcon_core.package_identification:_identify(build) by extensions ['ignore', 'ignore_ament_install']
[0.635s] Level 1:colcon.colcon_core.package_identification:_identify(build) by extension 'ignore'
[0.635s] Level 1:colcon.colcon_core.package_identification:_identify(build) ignored
[0.635s] Level 1:colcon.colcon_core.package_identification:_identify(install) by extensions ['ignore', 'ignore_ament_install']
[0.635s] Level 1:colcon.colcon_core.package_identification:_identify(install) by extension 'ignore'
[0.635s] Level 1:colcon.colcon_core.package_identification:_identify(install) ignored
[0.635s] Level 1:colcon.colcon_core.package_identification:_identify(log) by extensions ['ignore', 'ignore_ament_install']
[0.635s] Level 1:colcon.colcon_core.package_identification:_identify(log) by extension 'ignore'
[0.635s] Level 1:colcon.colcon_core.package_identification:_identify(log) ignored
[0.636s] Level 1:colcon.colcon_core.package_identification:_identify(src) by extensions ['ignore', 'ignore_ament_install']
[0.636s] Level 1:colcon.colcon_core.package_identification:_identify(src) by extension 'ignore'
[0.636s] Level 1:colcon.colcon_core.package_identification:_identify(src) by extension 'ignore_ament_install'
[0.636s] Level 1:colcon.colcon_core.package_identification:_identify(src) by extensions ['colcon_pkg']
[0.636s] Level 1:colcon.colcon_core.package_identification:_identify(src) by extension 'colcon_pkg'
[0.636s] Level 1:colcon.colcon_core.package_identification:_identify(src) by extensions ['colcon_meta']
[0.636s] Level 1:colcon.colcon_core.package_identification:_identify(src) by extension 'colcon_meta'
[0.636s] Level 1:colcon.colcon_core.package_identification:_identify(src) by extensions ['ros']
[0.636s] Level 1:colcon.colcon_core.package_identification:_identify(src) by extension 'ros'
[0.636s] Level 1:colcon.colcon_core.package_identification:_identify(src) by extensions ['cmake', 'python']
[0.636s] Level 1:colcon.colcon_core.package_identification:_identify(src) by extension 'cmake'
[0.637s] Level 1:colcon.colcon_core.package_identification:_identify(src) by extension 'python'
[0.637s] Level 1:colcon.colcon_core.package_identification:_identify(src) by extensions ['python_setup_py']
[0.637s] Level 1:colcon.colcon_core.package_identification:_identify(src) by extension 'python_setup_py'
[0.637s] Level 1:colcon.colcon_core.package_identification:_identify(src/ackermann_mux) by extensions ['ignore', 'ignore_ament_install']
[0.637s] Level 1:colcon.colcon_core.package_identification:_identify(src/ackermann_mux) by extension 'ignore'
[0.638s] Level 1:colcon.colcon_core.package_identification:_identify(src/ackermann_mux) by extension 'ignore_ament_install'
[0.638s] Level 1:colcon.colcon_core.package_identification:_identify(src/ackermann_mux) by extensions ['colcon_pkg']
[0.638s] Level 1:colcon.colcon_core.package_identification:_identify(src/ackermann_mux) by extension 'colcon_pkg'
[0.638s] Level 1:colcon.colcon_core.package_identification:_identify(src/ackermann_mux) by extensions ['colcon_meta']
[0.638s] Level 1:colcon.colcon_core.package_identification:_identify(src/ackermann_mux) by extension 'colcon_meta'
[0.638s] Level 1:colcon.colcon_core.package_identification:_identify(src/ackermann_mux) by extensions ['ros']
[0.638s] Level 1:colcon.colcon_core.package_identification:_identify(src/ackermann_mux) by extension 'ros'
[0.644s] DEBUG:colcon.colcon_core.package_identification:Package 'src/ackermann_mux' with type 'ros.ament_cmake' and name 'ackermann_mux'
[0.644s] Level 1:colcon.colcon_core.package_identification:_identify(src/f1tenth_system) by extensions ['ignore', 'ignore_ament_install']
[0.644s] Level 1:colcon.colcon_core.package_identification:_identify(src/f1tenth_system) by extension 'ignore'
[0.645s] Level 1:colcon.colcon_core.package_identification:_identify(src/f1tenth_system) by extension 'ignore_ament_install'
[0.645s] Level 1:colcon.colcon_core.package_identification:_identify(src/f1tenth_system) by extensions ['colcon_pkg']
[0.645s] Level 1:colcon.colcon_core.package_identification:_identify(src/f1tenth_system) by extension 'colcon_pkg'
[0.645s] Level 1:colcon.colcon_core.package_identification:_identify(src/f1tenth_system) by extensions ['colcon_meta']
[0.645s] Level 1:colcon.colcon_core.package_identification:_identify(src/f1tenth_system) by extension 'colcon_meta'
[0.645s] Level 1:colcon.colcon_core.package_identification:_identify(src/f1tenth_system) by extensions ['ros']
[0.645s] Level 1:colcon.colcon_core.package_identification:_identify(src/f1tenth_system) by extension 'ros'
[0.645s] Level 1:colcon.colcon_core.package_identification:_identify(src/f1tenth_system) by extensions ['cmake', 'python']
[0.645s] Level 1:colcon.colcon_core.package_identification:_identify(src/f1tenth_system) by extension 'cmake'
[0.645s] Level 1:colcon.colcon_core.package_identification:_identify(src/f1tenth_system) by extension 'python'
[0.645s] Level 1:colcon.colcon_core.package_identification:_identify(src/f1tenth_system) by extensions ['python_setup_py']
[0.645s] Level 1:colcon.colcon_core.package_identification:_identify(src/f1tenth_system) by extension 'python_setup_py'
[0.646s] Level 1:colcon.colcon_core.package_identification:_identify(src/f1tenth_system/ackermann_mux) by extensions ['ignore', 'ignore_ament_install']
[0.646s] Level 1:colcon.colcon_core.package_identification:_identify(src/f1tenth_system/ackermann_mux) by extension 'ignore'
[0.646s] Level 1:colcon.colcon_core.package_identification:_identify(src/f1tenth_system/ackermann_mux) by extension 'ignore_ament_install'
[0.646s] Level 1:colcon.colcon_core.package_identification:_identify(src/f1tenth_system/ackermann_mux) by extensions ['colcon_pkg']
[0.646s] Level 1:colcon.colcon_core.package_identification:_identify(src/f1tenth_system/ackermann_mux) by extension 'colcon_pkg'
[0.646s] Level 1:colcon.colcon_core.package_identification:_identify(src/f1tenth_system/ackermann_mux) by extensions ['colcon_meta']
[0.647s] Level 1:colcon.colcon_core.package_identification:_identify(src/f1tenth_system/ackermann_mux) by extension 'colcon_meta'
[0.647s] Level 1:colcon.colcon_core.package_identification:_identify(src/f1tenth_system/ackermann_mux) by extensions ['ros']
[0.647s] Level 1:colcon.colcon_core.package_identification:_identify(src/f1tenth_system/ackermann_mux) by extension 'ros'
[0.647s] Level 1:colcon.colcon_core.package_identification:_identify(src/f1tenth_system/ackermann_mux) by extensions ['cmake', 'python']
[0.647s] Level 1:colcon.colcon_core.package_identification:_identify(src/f1tenth_system/ackermann_mux) by extension 'cmake'
[0.647s] Level 1:colcon.colcon_core.package_identification:_identify(src/f1tenth_system/ackermann_mux) by extension 'python'
[0.647s] Level 1:colcon.colcon_core.package_identification:_identify(src/f1tenth_system/ackermann_mux) by extensions ['python_setup_py']
[0.647s] Level 1:colcon.colcon_core.package_identification:_identify(src/f1tenth_system/ackermann_mux) by extension 'python_setup_py'
[0.647s] Level 1:colcon.colcon_core.package_identification:_identify(src/f1tenth_system/f1tenth_stack) by extensions ['ignore', 'ignore_ament_install']
[0.647s] Level 1:colcon.colcon_core.package_identification:_identify(src/f1tenth_system/f1tenth_stack) by extension 'ignore'
[0.647s] Level 1:colcon.colcon_core.package_identification:_identify(src/f1tenth_system/f1tenth_stack) by extension 'ignore_ament_install'
[0.648s] Level 1:colcon.colcon_core.package_identification:_identify(src/f1tenth_system/f1tenth_stack) by extensions ['colcon_pkg']
[0.648s] Level 1:colcon.colcon_core.package_identification:_identify(src/f1tenth_system/f1tenth_stack) by extension 'colcon_pkg'
[0.648s] Level 1:colcon.colcon_core.package_identification:_identify(src/f1tenth_system/f1tenth_stack) by extensions ['colcon_meta']
[0.648s] Level 1:colcon.colcon_core.package_identification:_identify(src/f1tenth_system/f1tenth_stack) by extension 'colcon_meta'
[0.648s] Level 1:colcon.colcon_core.package_identification:_identify(src/f1tenth_system/f1tenth_stack) by extensions ['ros']
[0.648s] Level 1:colcon.colcon_core.package_identification:_identify(src/f1tenth_system/f1tenth_stack) by extension 'ros'
[0.650s] DEBUG:colcon.colcon_core.package_identification:Package 'src/f1tenth_system/f1tenth_stack' with type 'ros.ament_python' and name 'f1tenth_stack'
[0.651s] Level 1:colcon.colcon_core.package_identification:_identify(src/f1tenth_system/scripts) by extensions ['ignore', 'ignore_ament_install']
[0.651s] Level 1:colcon.colcon_core.package_identification:_identify(src/f1tenth_system/scripts) by extension 'ignore'
[0.651s] Level 1:colcon.colcon_core.package_identification:_identify(src/f1tenth_system/scripts) by extension 'ignore_ament_install'
[0.651s] Level 1:colcon.colcon_core.package_identification:_identify(src/f1tenth_system/scripts) by extensions ['colcon_pkg']
[0.651s] Level 1:colcon.colcon_core.package_identification:_identify(src/f1tenth_system/scripts) by extension 'colcon_pkg'
[0.651s] Level 1:colcon.colcon_core.package_identification:_identify(src/f1tenth_system/scripts) by extensions ['colcon_meta']
[0.651s] Level 1:colcon.colcon_core.package_identification:_identify(src/f1tenth_system/scripts) by extension 'colcon_meta'
[0.651s] Level 1:colcon.colcon_core.package_identification:_identify(src/f1tenth_system/scripts) by extensions ['ros']
[0.651s] Level 1:colcon.colcon_core.package_identification:_identify(src/f1tenth_system/scripts) by extension 'ros'
[0.651s] Level 1:colcon.colcon_core.package_identification:_identify(src/f1tenth_system/scripts) by extensions ['cmake', 'python']
[0.651s] Level 1:colcon.colcon_core.package_identification:_identify(src/f1tenth_system/scripts) by extension 'cmake'
[0.652s] Level 1:colcon.colcon_core.package_identification:_identify(src/f1tenth_system/scripts) by extension 'python'
[0.652s] Level 1:colcon.colcon_core.package_identification:_identify(src/f1tenth_system/scripts) by extensions ['python_setup_py']
[0.652s] Level 1:colcon.colcon_core.package_identification:_identify(src/f1tenth_system/scripts) by extension 'python_setup_py'
[0.652s] Level 1:colcon.colcon_core.package_identification:_identify(src/f1tenth_system/teleop_tools) by extensions ['ignore', 'ignore_ament_install']
[0.652s] Level 1:colcon.colcon_core.package_identification:_identify(src/f1tenth_system/teleop_tools) by extension 'ignore'
[0.653s] Level 1:colcon.colcon_core.package_identification:_identify(src/f1tenth_system/teleop_tools) by extension 'ignore_ament_install'
[0.653s] Level 1:colcon.colcon_core.package_identification:_identify(src/f1tenth_system/teleop_tools) by extensions ['colcon_pkg']
[0.653s] Level 1:colcon.colcon_core.package_identification:_identify(src/f1tenth_system/teleop_tools) by extension 'colcon_pkg'
[0.653s] Level 1:colcon.colcon_core.package_identification:_identify(src/f1tenth_system/teleop_tools) by extensions ['colcon_meta']
[0.653s] Level 1:colcon.colcon_core.package_identification:_identify(src/f1tenth_system/teleop_tools) by extension 'colcon_meta'
[0.653s] Level 1:colcon.colcon_core.package_identification:_identify(src/f1tenth_system/teleop_tools) by extensions ['ros']
[0.653s] Level 1:colcon.colcon_core.package_identification:_identify(src/f1tenth_system/teleop_tools) by extension 'ros'
[0.653s] Level 1:colcon.colcon_core.package_identification:_identify(src/f1tenth_system/teleop_tools) by extensions ['cmake', 'python']
[0.653s] Level 1:colcon.colcon_core.package_identification:_identify(src/f1tenth_system/teleop_tools) by extension 'cmake'
[0.653s] Level 1:colcon.colcon_core.package_identification:_identify(src/f1tenth_system/teleop_tools) by extension 'python'
[0.653s] Level 1:colcon.colcon_core.package_identification:_identify(src/f1tenth_system/teleop_tools) by extensions ['python_setup_py']
[0.653s] Level 1:colcon.colcon_core.package_identification:_identify(src/f1tenth_system/teleop_tools) by extension 'python_setup_py'
[0.654s] Level 1:colcon.colcon_core.package_identification:_identify(src/f1tenth_system/vesc) by extensions ['ignore', 'ignore_ament_install']
[0.654s] Level 1:colcon.colcon_core.package_identification:_identify(src/f1tenth_system/vesc) by extension 'ignore'
[0.654s] Level 1:colcon.colcon_core.package_identification:_identify(src/f1tenth_system/vesc) by extension 'ignore_ament_install'
[0.654s] Level 1:colcon.colcon_core.package_identification:_identify(src/f1tenth_system/vesc) by extensions ['colcon_pkg']
[0.654s] Level 1:colcon.colcon_core.package_identification:_identify(src/f1tenth_system/vesc) by extension 'colcon_pkg'
[0.654s] Level 1:colcon.colcon_core.package_identification:_identify(src/f1tenth_system/vesc) by extensions ['colcon_meta']
[0.654s] Level 1:colcon.colcon_core.package_identification:_identify(src/f1tenth_system/vesc) by extension 'colcon_meta'
[0.655s] Level 1:colcon.colcon_core.package_identification:_identify(src/f1tenth_system/vesc) by extensions ['ros']
[0.655s] Level 1:colcon.colcon_core.package_identification:_identify(src/f1tenth_system/vesc) by extension 'ros'
[0.655s] Level 1:colcon.colcon_core.package_identification:_identify(src/f1tenth_system/vesc) by extensions ['cmake', 'python']
[0.655s] Level 1:colcon.colcon_core.package_identification:_identify(src/f1tenth_system/vesc) by extension 'cmake'
[0.655s] Level 1:colcon.colcon_core.package_identification:_identify(src/f1tenth_system/vesc) by extension 'python'
[0.655s] Level 1:colcon.colcon_core.package_identification:_identify(src/f1tenth_system/vesc) by extensions ['python_setup_py']
[0.655s] Level 1:colcon.colcon_core.package_identification:_identify(src/f1tenth_system/vesc) by extension 'python_setup_py'
[0.655s] Level 1:colcon.colcon_core.package_identification:_identify(src/llm_mpc_tuner) by extensions ['ignore', 'ignore_ament_install']
[0.656s] Level 1:colcon.colcon_core.package_identification:_identify(src/llm_mpc_tuner) by extension 'ignore'
[0.656s] Level 1:colcon.colcon_core.package_identification:_identify(src/llm_mpc_tuner) by extension 'ignore_ament_install'
[0.656s] Level 1:colcon.colcon_core.package_identification:_identify(src/llm_mpc_tuner) by extensions ['colcon_pkg']
[0.656s] Level 1:colcon.colcon_core.package_identification:_identify(src/llm_mpc_tuner) by extension 'colcon_pkg'
[0.656s] Level 1:colcon.colcon_core.package_identification:_identify(src/llm_mpc_tuner) by extensions ['colcon_meta']
[0.656s] Level 1:colcon.colcon_core.package_identification:_identify(src/llm_mpc_tuner) by extension 'colcon_meta'
[0.656s] Level 1:colcon.colcon_core.package_identification:_identify(src/llm_mpc_tuner) by extensions ['ros']
[0.656s] Level 1:colcon.colcon_core.package_identification:_identify(src/llm_mpc_tuner) by extension 'ros'
[0.658s] DEBUG:colcon.colcon_core.package_identification:Package 'src/llm_mpc_tuner' with type 'ros.ament_python' and name 'llm_mpc_tuner'
[0.658s] Level 1:colcon.colcon_core.package_identification:_identify(src/mpc_controller) by extensions ['ignore', 'ignore_ament_install']
[0.658s] Level 1:colcon.colcon_core.package_identification:_identify(src/mpc_controller) by extension 'ignore'
[0.658s] Level 1:colcon.colcon_core.package_identification:_identify(src/mpc_controller) by extension 'ignore_ament_install'
[0.658s] Level 1:colcon.colcon_core.package_identification:_identify(src/mpc_controller) by extensions ['colcon_pkg']
[0.659s] Level 1:colcon.colcon_core.package_identification:_identify(src/mpc_controller) by extension 'colcon_pkg'
[0.659s] Level 1:colcon.colcon_core.package_identification:_identify(src/mpc_controller) by extensions ['colcon_meta']
[0.659s] Level 1:colcon.colcon_core.package_identification:_identify(src/mpc_controller) by extension 'colcon_meta'
[0.659s] Level 1:colcon.colcon_core.package_identification:_identify(src/mpc_controller) by extensions ['ros']
[0.659s] Level 1:colcon.colcon_core.package_identification:_identify(src/mpc_controller) by extension 'ros'
[0.660s] DEBUG:colcon.colcon_core.package_identification:Package 'src/mpc_controller' with type 'ros.ament_python' and name 'mpc_controller'
[0.661s] Level 1:colcon.colcon_core.package_identification:_identify(src/vesc) by extensions ['ignore', 'ignore_ament_install']
[0.661s] Level 1:colcon.colcon_core.package_identification:_identify(src/vesc) by extension 'ignore'
[0.661s] Level 1:colcon.colcon_core.package_identification:_identify(src/vesc) by extension 'ignore_ament_install'
[0.661s] Level 1:colcon.colcon_core.package_identification:_identify(src/vesc) by extensions ['colcon_pkg']
[0.661s] Level 1:colcon.colcon_core.package_identification:_identify(src/vesc) by extension 'colcon_pkg'
[0.661s] Level 1:colcon.colcon_core.package_identification:_identify(src/vesc) by extensions ['colcon_meta']
[0.661s] Level 1:colcon.colcon_core.package_identification:_identify(src/vesc) by extension 'colcon_meta'
[0.662s] Level 1:colcon.colcon_core.package_identification:_identify(src/vesc) by extensions ['ros']
[0.662s] Level 1:colcon.colcon_core.package_identification:_identify(src/vesc) by extension 'ros'
[0.662s] Level 1:colcon.colcon_core.package_identification:_identify(src/vesc) by extensions ['cmake', 'python']
[0.662s] Level 1:colcon.colcon_core.package_identification:_identify(src/vesc) by extension 'cmake'
[0.662s] Level 1:colcon.colcon_core.package_identification:_identify(src/vesc) by extension 'python'
[0.662s] Level 1:colcon.colcon_core.package_identification:_identify(src/vesc) by extensions ['python_setup_py']
[0.662s] Level 1:colcon.colcon_core.package_identification:_identify(src/vesc) by extension 'python_setup_py'
[0.663s] Level 1:colcon.colcon_core.package_identification:_identify(src/vesc/vesc) by extensions ['ignore', 'ignore_ament_install']
[0.663s] Level 1:colcon.colcon_core.package_identification:_identify(src/vesc/vesc) by extension 'ignore'
[0.663s] Level 1:colcon.colcon_core.package_identification:_identify(src/vesc/vesc) by extension 'ignore_ament_install'
[0.663s] Level 1:colcon.colcon_core.package_identification:_identify(src/vesc/vesc) by extensions ['colcon_pkg']
[0.663s] Level 1:colcon.colcon_core.package_identification:_identify(src/vesc/vesc) by extension 'colcon_pkg'
[0.663s] Level 1:colcon.colcon_core.package_identification:_identify(src/vesc/vesc) by extensions ['colcon_meta']
[0.663s] Level 1:colcon.colcon_core.package_identification:_identify(src/vesc/vesc) by extension 'colcon_meta'
[0.663s] Level 1:colcon.colcon_core.package_identification:_identify(src/vesc/vesc) by extensions ['ros']
[0.663s] Level 1:colcon.colcon_core.package_identification:_identify(src/vesc/vesc) by extension 'ros'
[0.664s] DEBUG:colcon.colcon_core.package_identification:Package 'src/vesc/vesc' with type 'ros.ament_cmake' and name 'vesc'
[0.665s] Level 1:colcon.colcon_core.package_identification:_identify(src/vesc/vesc_ackermann) by extensions ['ignore', 'ignore_ament_install']
[0.665s] Level 1:colcon.colcon_core.package_identification:_identify(src/vesc/vesc_ackermann) by extension 'ignore'
[0.665s] Level 1:colcon.colcon_core.package_identification:_identify(src/vesc/vesc_ackermann) by extension 'ignore_ament_install'
[0.665s] Level 1:colcon.colcon_core.package_identification:_identify(src/vesc/vesc_ackermann) by extensions ['colcon_pkg']
[0.666s] Level 1:colcon.colcon_core.package_identification:_identify(src/vesc/vesc_ackermann) by extension 'colcon_pkg'
[0.666s] Level 1:colcon.colcon_core.package_identification:_identify(src/vesc/vesc_ackermann) by extensions ['colcon_meta']
[0.666s] Level 1:colcon.colcon_core.package_identification:_identify(src/vesc/vesc_ackermann) by extension 'colcon_meta'
[0.666s] Level 1:colcon.colcon_core.package_identification:_identify(src/vesc/vesc_ackermann) by extensions ['ros']
[0.666s] Level 1:colcon.colcon_core.package_identification:_identify(src/vesc/vesc_ackermann) by extension 'ros'
[0.668s] DEBUG:colcon.colcon_core.package_identification:Package 'src/vesc/vesc_ackermann' with type 'ros.ament_cmake' and name 'vesc_ackermann'
[0.668s] Level 1:colcon.colcon_core.package_identification:_identify(src/vesc/vesc_driver) by extensions ['ignore', 'ignore_ament_install']
[0.668s] Level 1:colcon.colcon_core.package_identification:_identify(src/vesc/vesc_driver) by extension 'ignore'
[0.669s] Level 1:colcon.colcon_core.package_identification:_identify(src/vesc/vesc_driver) by extension 'ignore_ament_install'
[0.669s] Level 1:colcon.colcon_core.package_identification:_identify(src/vesc/vesc_driver) by extensions ['colcon_pkg']
[0.669s] Level 1:colcon.colcon_core.package_identification:_identify(src/vesc/vesc_driver) by extension 'colcon_pkg'
[0.669s] Level 1:colcon.colcon_core.package_identification:_identify(src/vesc/vesc_driver) by extensions ['colcon_meta']
[0.669s] Level 1:colcon.colcon_core.package_identification:_identify(src/vesc/vesc_driver) by extension 'colcon_meta'
[0.669s] Level 1:colcon.colcon_core.package_identification:_identify(src/vesc/vesc_driver) by extensions ['ros']
[0.669s] Level 1:colcon.colcon_core.package_identification:_identify(src/vesc/vesc_driver) by extension 'ros'
[0.671s] DEBUG:colcon.colcon_core.package_identification:Package 'src/vesc/vesc_driver' with type 'ros.ament_cmake' and name 'vesc_driver'
[0.671s] Level 1:colcon.colcon_core.package_identification:_identify(src/vesc/vesc_msgs) by extensions ['ignore', 'ignore_ament_install']
[0.672s] Level 1:colcon.colcon_core.package_identification:_identify(src/vesc/vesc_msgs) by extension 'ignore'
[0.672s] Level 1:colcon.colcon_core.package_identification:_identify(src/vesc/vesc_msgs) by extension 'ignore_ament_install'
[0.672s] Level 1:colcon.colcon_core.package_identification:_identify(src/vesc/vesc_msgs) by extensions ['colcon_pkg']
[0.672s] Level 1:colcon.colcon_core.package_identification:_identify(src/vesc/vesc_msgs) by extension 'colcon_pkg'
[0.672s] Level 1:colcon.colcon_core.package_identification:_identify(src/vesc/vesc_msgs) by extensions ['colcon_meta']
[0.672s] Level 1:colcon.colcon_core.package_identification:_identify(src/vesc/vesc_msgs) by extension 'colcon_meta'
[0.672s] Level 1:colcon.colcon_core.package_identification:_identify(src/vesc/vesc_msgs) by extensions ['ros']
[0.672s] Level 1:colcon.colcon_core.package_identification:_identify(src/vesc/vesc_msgs) by extension 'ros'
[0.674s] DEBUG:colcon.colcon_core.package_identification:Package 'src/vesc/vesc_msgs' with type 'ros.ament_cmake' and name 'vesc_msgs'
[0.674s] Level 1:colcon.colcon_core.package_discovery:discover_packages(recursive) using defaults
[0.674s] Level 1:colcon.colcon_core.package_discovery:discover_packages(ignore) discover
[0.674s] Level 1:colcon.colcon_core.package_discovery:discover_packages(ignore) using defaults
[0.674s] Level 1:colcon.colcon_core.package_discovery:discover_packages(path) discover
[0.674s] Level 1:colcon.colcon_core.package_discovery:discover_packages(path) using defaults
[0.728s] Level 1:colcon.colcon_core.package_discovery:discover_packages(prefix_path) check parameters
[0.728s] Level 1:colcon.colcon_core.package_discovery:discover_packages(prefix_path) discover
[0.734s] DEBUG:colcon.colcon_installed_package_information.package_discovery:Found 8 installed packages in /home/fabiocar/roboracer_ws/install
[0.736s] DEBUG:colcon.colcon_installed_package_information.package_discovery:Found 302 installed packages in /opt/ros/humble
[0.738s] Level 1:colcon.colcon_core.package_discovery:discover_packages(prefix_path) using defaults
[0.809s] Level 5:colcon.colcon_core.verb:set package 'ackermann_mux' build argument 'cmake_args' from command line to 'None'
[0.809s] Level 5:colcon.colcon_core.verb:set package 'ackermann_mux' build argument 'cmake_target' from command line to 'None'
[0.809s] Level 5:colcon.colcon_core.verb:set package 'ackermann_mux' build argument 'cmake_target_skip_unavailable' from command line to 'False'
[0.809s] Level 5:colcon.colcon_core.verb:set package 'ackermann_mux' build argument 'cmake_clean_cache' from command line to 'False'
[0.809s] Level 5:colcon.colcon_core.verb:set package 'ackermann_mux' build argument 'cmake_clean_first' from command line to 'False'
[0.809s] Level 5:colcon.colcon_core.verb:set package 'ackermann_mux' build argument 'cmake_force_configure' from command line to 'False'
[0.809s] Level 5:colcon.colcon_core.verb:set package 'ackermann_mux' build argument 'ament_cmake_args' from command line to 'None'
[0.809s] Level 5:colcon.colcon_core.verb:set package 'ackermann_mux' build argument 'catkin_cmake_args' from command line to 'None'
[0.809s] Level 5:colcon.colcon_core.verb:set package 'ackermann_mux' build argument 'catkin_skip_building_tests' from command line to 'False'
[0.809s] DEBUG:colcon.colcon_core.verb:Building package 'ackermann_mux' with the following arguments: {'ament_cmake_args': None, 'build_base': '/home/fabiocar/roboracer_ws/build/ackermann_mux', 'catkin_cmake_args': None, 'catkin_skip_building_tests': False, 'cmake_args': None, 'cmake_clean_cache': False, 'cmake_clean_first': False, 'cmake_force_configure': False, 'cmake_target': None, 'cmake_target_skip_unavailable': False, 'install_base': '/home/fabiocar/roboracer_ws/install/ackermann_mux', 'merge_install': False, 'path': '/home/fabiocar/roboracer_ws/src/ackermann_mux', 'symlink_install': False, 'test_result_base': None}
[0.810s] Level 5:colcon.colcon_core.verb:set package 'llm_mpc_tuner' build argument 'cmake_args' from command line to 'None'
[0.810s] Level 5:colcon.colcon_core.verb:set package 'llm_mpc_tuner' build argument 'cmake_target' from command line to 'None'
[0.810s] Level 5:colcon.colcon_core.verb:set package 'llm_mpc_tuner' build argument 'cmake_target_skip_unavailable' from command line to 'False'
[0.810s] Level 5:colcon.colcon_core.verb:set package 'llm_mpc_tuner' build argument 'cmake_clean_cache' from command line to 'False'
[0.810s] Level 5:colcon.colcon_core.verb:set package 'llm_mpc_tuner' build argument 'cmake_clean_first' from command line to 'False'
[0.810s] Level 5:colcon.colcon_core.verb:set package 'llm_mpc_tuner' build argument 'cmake_force_configure' from command line to 'False'
[0.810s] Level 5:colcon.colcon_core.verb:set package 'llm_mpc_tuner' build argument 'ament_cmake_args' from command line to 'None'
[0.810s] Level 5:colcon.colcon_core.verb:set package 'llm_mpc_tuner' build argument 'catkin_cmake_args' from command line to 'None'
[0.810s] Level 5:colcon.colcon_core.verb:set package 'llm_mpc_tuner' build argument 'catkin_skip_building_tests' from command line to 'False'
[0.810s] DEBUG:colcon.colcon_core.verb:Building package 'llm_mpc_tuner' with the following arguments: {'ament_cmake_args': None, 'build_base': '/home/fabiocar/roboracer_ws/build/llm_mpc_tuner', 'catkin_cmake_args': None, 'catkin_skip_building_tests': False, 'cmake_args': None, 'cmake_clean_cache': False, 'cmake_clean_first': False, 'cmake_force_configure': False, 'cmake_target': None, 'cmake_target_skip_unavailable': False, 'install_base': '/home/fabiocar/roboracer_ws/install/llm_mpc_tuner', 'merge_install': False, 'path': '/home/fabiocar/roboracer_ws/src/llm_mpc_tuner', 'symlink_install': False, 'test_result_base': None}
[0.810s] Level 5:colcon.colcon_core.verb:set package 'mpc_controller' build argument 'cmake_args' from command line to 'None'
[0.810s] Level 5:colcon.colcon_core.verb:set package 'mpc_controller' build argument 'cmake_target' from command line to 'None'
[0.810s] Level 5:colcon.colcon_core.verb:set package 'mpc_controller' build argument 'cmake_target_skip_unavailable' from command line to 'False'
[0.810s] Level 5:colcon.colcon_core.verb:set package 'mpc_controller' build argument 'cmake_clean_cache' from command line to 'False'
[0.810s] Level 5:colcon.colcon_core.verb:set package 'mpc_controller' build argument 'cmake_clean_first' from command line to 'False'
[0.811s] Level 5:colcon.colcon_core.verb:set package 'mpc_controller' build argument 'cmake_force_configure' from command line to 'False'
[0.811s] Level 5:colcon.colcon_core.verb:set package 'mpc_controller' build argument 'ament_cmake_args' from command line to 'None'
[0.811s] Level 5:colcon.colcon_core.verb:set package 'mpc_controller' build argument 'catkin_cmake_args' from command line to 'None'
[0.811s] Level 5:colcon.colcon_core.verb:set package 'mpc_controller' build argument 'catkin_skip_building_tests' from command line to 'False'
[0.811s] DEBUG:colcon.colcon_core.verb:Building package 'mpc_controller' with the following arguments: {'ament_cmake_args': None, 'build_base': '/home/fabiocar/roboracer_ws/build/mpc_controller', 'catkin_cmake_args': None, 'catkin_skip_building_tests': False, 'cmake_args': None, 'cmake_clean_cache': False, 'cmake_clean_first': False, 'cmake_force_configure': False, 'cmake_target': None, 'cmake_target_skip_unavailable': False, 'install_base': '/home/fabiocar/roboracer_ws/install/mpc_controller', 'merge_install': False, 'path': '/home/fabiocar/roboracer_ws/src/mpc_controller', 'symlink_install': False, 'test_result_base': None}
[0.811s] Level 5:colcon.colcon_core.verb:set package 'vesc_msgs' build argument 'cmake_args' from command line to 'None'
[0.811s] Level 5:colcon.colcon_core.verb:set package 'vesc_msgs' build argument 'cmake_target' from command line to 'None'
[0.811s] Level 5:colcon.colcon_core.verb:set package 'vesc_msgs' build argument 'cmake_target_skip_unavailable' from command line to 'False'
[0.811s] Level 5:colcon.colcon_core.verb:set package 'vesc_msgs' build argument 'cmake_clean_cache' from command line to 'False'
[0.811s] Level 5:colcon.colcon_core.verb:set package 'vesc_msgs' build argument 'cmake_clean_first' from command line to 'False'
[0.811s] Level 5:colcon.colcon_core.verb:set package 'vesc_msgs' build argument 'cmake_force_configure' from command line to 'False'
[0.811s] Level 5:colcon.colcon_core.verb:set package 'vesc_msgs' build argument 'ament_cmake_args' from command line to 'None'
[0.811s] Level 5:colcon.colcon_core.verb:set package 'vesc_msgs' build argument 'catkin_cmake_args' from command line to 'None'
[0.811s] Level 5:colcon.colcon_core.verb:set package 'vesc_msgs' build argument 'catkin_skip_building_tests' from command line to 'False'
[0.811s] DEBUG:colcon.colcon_core.verb:Building package 'vesc_msgs' with the following arguments: {'ament_cmake_args': None, 'build_base': '/home/fabiocar/roboracer_ws/build/vesc_msgs', 'catkin_cmake_args': None, 'catkin_skip_building_tests': False, 'cmake_args': None, 'cmake_clean_cache': False, 'cmake_clean_first': False, 'cmake_force_configure': False, 'cmake_target': None, 'cmake_target_skip_unavailable': False, 'install_base': '/home/fabiocar/roboracer_ws/install/vesc_msgs', 'merge_install': False, 'path': '/home/fabiocar/roboracer_ws/src/vesc/vesc_msgs', 'symlink_install': False, 'test_result_base': None}
[0.812s] Level 5:colcon.colcon_core.verb:set package 'vesc_ackermann' build argument 'cmake_args' from command line to 'None'
[0.812s] Level 5:colcon.colcon_core.verb:set package 'vesc_ackermann' build argument 'cmake_target' from command line to 'None'
[0.812s] Level 5:colcon.colcon_core.verb:set package 'vesc_ackermann' build argument 'cmake_target_skip_unavailable' from command line to 'False'
[0.812s] Level 5:colcon.colcon_core.verb:set package 'vesc_ackermann' build argument 'cmake_clean_cache' from command line to 'False'
[0.812s] Level 5:colcon.colcon_core.verb:set package 'vesc_ackermann' build argument 'cmake_clean_first' from command line to 'False'
[0.812s] Level 5:colcon.colcon_core.verb:set package 'vesc_ackermann' build argument 'cmake_force_configure' from command line to 'False'
[0.812s] Level 5:colcon.colcon_core.verb:set package 'vesc_ackermann' build argument 'ament_cmake_args' from command line to 'None'
[0.812s] Level 5:colcon.colcon_core.verb:set package 'vesc_ackermann' build argument 'catkin_cmake_args' from command line to 'None'
[0.812s] Level 5:colcon.colcon_core.verb:set package 'vesc_ackermann' build argument 'catkin_skip_building_tests' from command line to 'False'
[0.812s] DEBUG:colcon.colcon_core.verb:Building package 'vesc_ackermann' with the following arguments: {'ament_cmake_args': None, 'build_base': '/home/fabiocar/roboracer_ws/build/vesc_ackermann', 'catkin_cmake_args': None, 'catkin_skip_building_tests': False, 'cmake_args': None, 'cmake_clean_cache': False, 'cmake_clean_first': False, 'cmake_force_configure': False, 'cmake_target': None, 'cmake_target_skip_unavailable': False, 'install_base': '/home/fabiocar/roboracer_ws/install/vesc_ackermann', 'merge_install': False, 'path': '/home/fabiocar/roboracer_ws/src/vesc/vesc_ackermann', 'symlink_install': False, 'test_result_base': None}
[0.813s] Level 5:colcon.colcon_core.verb:set package 'vesc_driver' build argument 'cmake_args' from command line to 'None'
[0.813s] Level 5:colcon.colcon_core.verb:set package 'vesc_driver' build argument 'cmake_target' from command line to 'None'
[0.813s] Level 5:colcon.colcon_core.verb:set package 'vesc_driver' build argument 'cmake_target_skip_unavailable' from command line to 'False'
[0.813s] Level 5:colcon.colcon_core.verb:set package 'vesc_driver' build argument 'cmake_clean_cache' from command line to 'False'
[0.813s] Level 5:colcon.colcon_core.verb:set package 'vesc_driver' build argument 'cmake_clean_first' from command line to 'False'
[0.813s] Level 5:colcon.colcon_core.verb:set package 'vesc_driver' build argument 'cmake_force_configure' from command line to 'False'
[0.813s] Level 5:colcon.colcon_core.verb:set package 'vesc_driver' build argument 'ament_cmake_args' from command line to 'None'
[0.813s] Level 5:colcon.colcon_core.verb:set package 'vesc_driver' build argument 'catkin_cmake_args' from command line to 'None'
[0.813s] Level 5:colcon.colcon_core.verb:set package 'vesc_driver' build argument 'catkin_skip_building_tests' from command line to 'False'
[0.813s] DEBUG:colcon.colcon_core.verb:Building package 'vesc_driver' with the following arguments: {'ament_cmake_args': None, 'build_base': '/home/fabiocar/roboracer_ws/build/vesc_driver', 'catkin_cmake_args': None, 'catkin_skip_building_tests': False, 'cmake_args': None, 'cmake_clean_cache': False, 'cmake_clean_first': False, 'cmake_force_configure': False, 'cmake_target': None, 'cmake_target_skip_unavailable': False, 'install_base': '/home/fabiocar/roboracer_ws/install/vesc_driver', 'merge_install': False, 'path': '/home/fabiocar/roboracer_ws/src/vesc/vesc_driver', 'symlink_install': False, 'test_result_base': None}
[0.813s] Level 5:colcon.colcon_core.verb:set package 'vesc' build argument 'cmake_args' from command line to 'None'
[0.814s] Level 5:colcon.colcon_core.verb:set package 'vesc' build argument 'cmake_target' from command line to 'None'
[0.814s] Level 5:colcon.colcon_core.verb:set package 'vesc' build argument 'cmake_target_skip_unavailable' from command line to 'False'
[0.814s] Level 5:colcon.colcon_core.verb:set package 'vesc' build argument 'cmake_clean_cache' from command line to 'False'
[0.814s] Level 5:colcon.colcon_core.verb:set package 'vesc' build argument 'cmake_clean_first' from command line to 'False'
[0.814s] Level 5:colcon.colcon_core.verb:set package 'vesc' build argument 'cmake_force_configure' from command line to 'False'
[0.814s] Level 5:colcon.colcon_core.verb:set package 'vesc' build argument 'ament_cmake_args' from command line to 'None'
[0.814s] Level 5:colcon.colcon_core.verb:set package 'vesc' build argument 'catkin_cmake_args' from command line to 'None'
[0.814s] Level 5:colcon.colcon_core.verb:set package 'vesc' build argument 'catkin_skip_building_tests' from command line to 'False'
[0.814s] DEBUG:colcon.colcon_core.verb:Building package 'vesc' with the following arguments: {'ament_cmake_args': None, 'build_base': '/home/fabiocar/roboracer_ws/build/vesc', 'catkin_cmake_args': None, 'catkin_skip_building_tests': False, 'cmake_args': None, 'cmake_clean_cache': False, 'cmake_clean_first': False, 'cmake_force_configure': False, 'cmake_target': None, 'cmake_target_skip_unavailable': False, 'install_base': '/home/fabiocar/roboracer_ws/install/vesc', 'merge_install': False, 'path': '/home/fabiocar/roboracer_ws/src/vesc/vesc', 'symlink_install': False, 'test_result_base': None}
[0.814s] Level 5:colcon.colcon_core.verb:set package 'f1tenth_stack' build argument 'cmake_args' from command line to 'None'
[0.814s] Level 5:colcon.colcon_core.verb:set package 'f1tenth_stack' build argument 'cmake_target' from command line to 'None'
[0.814s] Level 5:colcon.colcon_core.verb:set package 'f1tenth_stack' build argument 'cmake_target_skip_unavailable' from command line to 'False'
[0.814s] Level 5:colcon.colcon_core.verb:set package 'f1tenth_stack' build argument 'cmake_clean_cache' from command line to 'False'
[0.814s] Level 5:colcon.colcon_core.verb:set package 'f1tenth_stack' build argument 'cmake_clean_first' from command line to 'False'
[0.814s] Level 5:colcon.colcon_core.verb:set package 'f1tenth_stack' build argument 'cmake_force_configure' from command line to 'False'
[0.814s] Level 5:colcon.colcon_core.verb:set package 'f1tenth_stack' build argument 'ament_cmake_args' from command line to 'None'
[0.814s] Level 5:colcon.colcon_core.verb:set package 'f1tenth_stack' build argument 'catkin_cmake_args' from command line to 'None'
[0.814s] Level 5:colcon.colcon_core.verb:set package 'f1tenth_stack' build argument 'catkin_skip_building_tests' from command line to 'False'
[0.815s] DEBUG:colcon.colcon_core.verb:Building package 'f1tenth_stack' with the following arguments: {'ament_cmake_args': None, 'build_base': '/home/fabiocar/roboracer_ws/build/f1tenth_stack', 'catkin_cmake_args': None, 'catkin_skip_building_tests': False, 'cmake_args': None, 'cmake_clean_cache': False, 'cmake_clean_first': False, 'cmake_force_configure': False, 'cmake_target': None, 'cmake_target_skip_unavailable': False, 'install_base': '/home/fabiocar/roboracer_ws/install/f1tenth_stack', 'merge_install': False, 'path': '/home/fabiocar/roboracer_ws/src/f1tenth_system/f1tenth_stack', 'symlink_install': False, 'test_result_base': None}
[0.815s] INFO:colcon.colcon_core.executor:Executing jobs using 'parallel' executor
[0.816s] DEBUG:colcon.colcon_parallel_executor.executor.parallel:run_until_complete
[0.817s] INFO:colcon.colcon_ros.task.ament_cmake.build:Building ROS package in '/home/fabiocar/roboracer_ws/src/vesc/vesc_msgs' with build type 'ament_cmake'
[0.817s] INFO:colcon.colcon_cmake.task.cmake.build:Building CMake package in '/home/fabiocar/roboracer_ws/src/vesc/vesc_msgs'
[0.826s] INFO:colcon.colcon_core.plugin_system:Skipping extension 'colcon_core.shell.bat': Not used on non-Windows systems
[0.826s] INFO:colcon.colcon_core.shell:Skip shell extension 'powershell' for command environment: Not usable outside of PowerShell
[0.827s] DEBUG:colcon.colcon_core.shell:Skip shell extension 'dsv' for command environment
[0.834s] INFO:colcon.colcon_ros.task.ament_cmake.build:Building ROS package in '/home/fabiocar/roboracer_ws/src/ackermann_mux' with build type 'ament_cmake'
[0.834s] INFO:colcon.colcon_cmake.task.cmake.build:Building CMake package in '/home/fabiocar/roboracer_ws/src/ackermann_mux'
[0.835s] INFO:colcon.colcon_core.shell:Skip shell extension 'powershell' for command environment: Not usable outside of PowerShell
[0.835s] DEBUG:colcon.colcon_core.shell:Skip shell extension 'dsv' for command environment
[0.840s] INFO:colcon.colcon_ros.task.ament_python.build:Building ROS package in '/home/fabiocar/roboracer_ws/src/llm_mpc_tuner' with build type 'ament_python'
[0.840s] Level 1:colcon.colcon_core.shell:create_environment_hook('llm_mpc_tuner', 'ament_prefix_path')
[0.841s] INFO:colcon.colcon_core.shell:Creating environment hook '/home/fabiocar/roboracer_ws/install/llm_mpc_tuner/share/llm_mpc_tuner/hook/ament_prefix_path.ps1'
[0.842s] INFO:colcon.colcon_core.shell:Creating environment descriptor '/home/fabiocar/roboracer_ws/install/llm_mpc_tuner/share/llm_mpc_tuner/hook/ament_prefix_path.dsv'
[0.843s] INFO:colcon.colcon_core.shell:Creating environment hook '/home/fabiocar/roboracer_ws/install/llm_mpc_tuner/share/llm_mpc_tuner/hook/ament_prefix_path.sh'
[0.845s] INFO:colcon.colcon_core.shell:Skip shell extension 'powershell' for command environment: Not usable outside of PowerShell
[0.845s] DEBUG:colcon.colcon_core.shell:Skip shell extension 'dsv' for command environment
[0.852s] INFO:colcon.colcon_ros.task.ament_python.build:Building ROS package in '/home/fabiocar/roboracer_ws/src/mpc_controller' with build type 'ament_python'
[0.852s] Level 1:colcon.colcon_core.shell:create_environment_hook('mpc_controller', 'ament_prefix_path')
[0.853s] INFO:colcon.colcon_core.shell:Creating environment hook '/home/fabiocar/roboracer_ws/install/mpc_controller/share/mpc_controller/hook/ament_prefix_path.ps1'
[0.854s] INFO:colcon.colcon_core.shell:Creating environment descriptor '/home/fabiocar/roboracer_ws/install/mpc_controller/share/mpc_controller/hook/ament_prefix_path.dsv'
[0.855s] INFO:colcon.colcon_core.shell:Creating environment hook '/home/fabiocar/roboracer_ws/install/mpc_controller/share/mpc_controller/hook/ament_prefix_path.sh'
[0.856s] INFO:colcon.colcon_core.shell:Skip shell extension 'powershell' for command environment: Not usable outside of PowerShell
[0.856s] DEBUG:colcon.colcon_core.shell:Skip shell extension 'dsv' for command environment
[0.870s] DEBUG:colcon.colcon_core.event_handler.log_command:Invoking command in '/home/fabiocar/roboracer_ws/build/vesc_msgs': CMAKE_PREFIX_PATH=${CMAKE_PREFIX_PATH}:/home/fabiocar/roboracer_ws/install/f1tenth_stack:/home/fabiocar/roboracer_ws/install/mpc_controller:/home/fabiocar/roboracer_ws/install/llm_mpc_tuner:/opt/ros/humble /usr/bin/cmake --build /home/fabiocar/roboracer_ws/build/vesc_msgs -- -j12 -l12
[0.884s] DEBUG:colcon.colcon_core.event_handler.log_command:Invoking command in '/home/fabiocar/roboracer_ws/build/ackermann_mux': CMAKE_PREFIX_PATH=${CMAKE_PREFIX_PATH}:/home/fabiocar/roboracer_ws/install/f1tenth_stack:/home/fabiocar/roboracer_ws/install/mpc_controller:/home/fabiocar/roboracer_ws/install/llm_mpc_tuner:/opt/ros/humble /usr/bin/cmake --build /home/fabiocar/roboracer_ws/build/ackermann_mux -- -j12 -l12
[1.200s] INFO:colcon.colcon_core.task.python.build:Building Python package in '/home/fabiocar/roboracer_ws/src/llm_mpc_tuner'
[1.200s] INFO:colcon.colcon_core.shell:Skip shell extension 'powershell' for command environment: Not usable outside of PowerShell
[1.200s] DEBUG:colcon.colcon_core.shell:Skip shell extension 'dsv' for command environment
[1.523s] INFO:colcon.colcon_core.task.python.build:Building Python package in '/home/fabiocar/roboracer_ws/src/mpc_controller'
[1.523s] INFO:colcon.colcon_core.shell:Skip shell extension 'powershell' for command environment: Not usable outside of PowerShell
[1.523s] DEBUG:colcon.colcon_core.shell:Skip shell extension 'dsv' for command environment
[2.179s] DEBUG:colcon.colcon_core.event_handler.log_command:Invoking command in '/home/fabiocar/roboracer_ws/src/llm_mpc_tuner': PYTHONPATH=/home/fabiocar/roboracer_ws/build/llm_mpc_tuner/prefix_override:/usr/lib/python3/dist-packages/colcon_core/task/python/colcon_distutils_commands:/home/fabiocar/roboracer_ws/install/llm_mpc_tuner/lib/python3.10/site-packages:${PYTHONPATH} /usr/bin/python3 -W ignore:setup.py install is deprecated -W ignore:easy_install command is deprecated setup.py egg_info --egg-base ../../build/llm_mpc_tuner build --build-base /home/fabiocar/roboracer_ws/build/llm_mpc_tuner/build install --record /home/fabiocar/roboracer_ws/build/llm_mpc_tuner/install.log --single-version-externally-managed install_data
[2.184s] DEBUG:colcon.colcon_core.event_handler.log_command:Invoking command in '/home/fabiocar/roboracer_ws/src/mpc_controller': PYTHONPATH=/home/fabiocar/roboracer_ws/build/mpc_controller/prefix_override:/usr/lib/python3/dist-packages/colcon_core/task/python/colcon_distutils_commands:/home/fabiocar/roboracer_ws/install/mpc_controller/lib/python3.10/site-packages:${PYTHONPATH} /usr/bin/python3 -W ignore:setup.py install is deprecated -W ignore:easy_install command is deprecated setup.py egg_info --egg-base ../../build/mpc_controller build --build-base /home/fabiocar/roboracer_ws/build/mpc_controller/build install --record /home/fabiocar/roboracer_ws/build/mpc_controller/install.log --single-version-externally-managed install_data
[2.813s] DEBUG:colcon.colcon_core.event_handler.log_command:Invoked command in '/home/fabiocar/roboracer_ws/src/mpc_controller' returned '0': PYTHONPATH=/home/fabiocar/roboracer_ws/build/mpc_controller/prefix_override:/usr/lib/python3/dist-packages/colcon_core/task/python/colcon_distutils_commands:/home/fabiocar/roboracer_ws/install/mpc_controller/lib/python3.10/site-packages:${PYTHONPATH} /usr/bin/python3 -W ignore:setup.py install is deprecated -W ignore:easy_install command is deprecated setup.py egg_info --egg-base ../../build/mpc_controller build --build-base /home/fabiocar/roboracer_ws/build/mpc_controller/build install --record /home/fabiocar/roboracer_ws/build/mpc_controller/install.log --single-version-externally-managed install_data
[2.825s] Level 1:colcon.colcon_core.environment:checking '/home/fabiocar/roboracer_ws/install/mpc_controller' for CMake module files
[2.826s] Level 1:colcon.colcon_core.environment:checking '/home/fabiocar/roboracer_ws/install/mpc_controller' for CMake config files
[2.827s] Level 1:colcon.colcon_core.environment:checking '/home/fabiocar/roboracer_ws/install/mpc_controller/lib'
[2.828s] Level 1:colcon.colcon_core.environment:checking '/home/fabiocar/roboracer_ws/install/mpc_controller/bin'
[2.828s] Level 1:colcon.colcon_core.environment:checking '/home/fabiocar/roboracer_ws/install/mpc_controller/lib/pkgconfig/mpc_controller.pc'
[2.828s] Level 1:colcon.colcon_core.environment:checking '/home/fabiocar/roboracer_ws/install/mpc_controller/lib/python3.10/site-packages'
[2.828s] Level 1:colcon.colcon_core.shell:create_environment_hook('mpc_controller', 'pythonpath')
[2.829s] INFO:colcon.colcon_core.shell:Creating environment hook '/home/fabiocar/roboracer_ws/install/mpc_controller/share/mpc_controller/hook/pythonpath.ps1'
[2.830s] INFO:colcon.colcon_core.shell:Creating environment descriptor '/home/fabiocar/roboracer_ws/install/mpc_controller/share/mpc_controller/hook/pythonpath.dsv'
[2.831s] INFO:colcon.colcon_core.shell:Creating environment hook '/home/fabiocar/roboracer_ws/install/mpc_controller/share/mpc_controller/hook/pythonpath.sh'
[2.832s] Level 1:colcon.colcon_core.environment:checking '/home/fabiocar/roboracer_ws/install/mpc_controller/bin'
[2.832s] Level 1:colcon.colcon_core.environment:create_environment_scripts_only(mpc_controller)
[2.833s] INFO:colcon.colcon_core.shell:Creating package script '/home/fabiocar/roboracer_ws/install/mpc_controller/share/mpc_controller/package.ps1'
[2.835s] INFO:colcon.colcon_core.shell:Creating package descriptor '/home/fabiocar/roboracer_ws/install/mpc_controller/share/mpc_controller/package.dsv'
[2.836s] INFO:colcon.colcon_core.shell:Creating package script '/home/fabiocar/roboracer_ws/install/mpc_controller/share/mpc_controller/package.sh'
[2.838s] INFO:colcon.colcon_core.shell:Creating package script '/home/fabiocar/roboracer_ws/install/mpc_controller/share/mpc_controller/package.bash'
[2.841s] INFO:colcon.colcon_core.shell:Creating package script '/home/fabiocar/roboracer_ws/install/mpc_controller/share/mpc_controller/package.zsh'
[2.842s] Level 1:colcon.colcon_core.environment:create_file_with_runtime_dependencies(/home/fabiocar/roboracer_ws/install/mpc_controller/share/colcon-core/packages/mpc_controller)
[2.849s] Level 1:colcon.colcon_core.environment:checking '/home/fabiocar/roboracer_ws/install/llm_mpc_tuner' for CMake module files
[2.850s] DEBUG:colcon.colcon_core.event_handler.log_command:Invoked command in '/home/fabiocar/roboracer_ws/src/llm_mpc_tuner' returned '0': PYTHONPATH=/home/fabiocar/roboracer_ws/build/llm_mpc_tuner/prefix_override:/usr/lib/python3/dist-packages/colcon_core/task/python/colcon_distutils_commands:/home/fabiocar/roboracer_ws/install/llm_mpc_tuner/lib/python3.10/site-packages:${PYTHONPATH} /usr/bin/python3 -W ignore:setup.py install is deprecated -W ignore:easy_install command is deprecated setup.py egg_info --egg-base ../../build/llm_mpc_tuner build --build-base /home/fabiocar/roboracer_ws/build/llm_mpc_tuner/build install --record /home/fabiocar/roboracer_ws/build/llm_mpc_tuner/install.log --single-version-externally-managed install_data
[2.851s] Level 1:colcon.colcon_core.environment:checking '/home/fabiocar/roboracer_ws/install/llm_mpc_tuner' for CMake config files
[2.852s] Level 1:colcon.colcon_core.environment:checking '/home/fabiocar/roboracer_ws/install/llm_mpc_tuner/lib'
[2.852s] Level 1:colcon.colcon_core.environment:checking '/home/fabiocar/roboracer_ws/install/llm_mpc_tuner/bin'
[2.852s] Level 1:colcon.colcon_core.environment:checking '/home/fabiocar/roboracer_ws/install/llm_mpc_tuner/lib/pkgconfig/llm_mpc_tuner.pc'
[2.853s] Level 1:colcon.colcon_core.environment:checking '/home/fabiocar/roboracer_ws/install/llm_mpc_tuner/lib/python3.10/site-packages'
[2.853s] Level 1:colcon.colcon_core.shell:create_environment_hook('llm_mpc_tuner', 'pythonpath')
[2.854s] INFO:colcon.colcon_core.shell:Creating environment hook '/home/fabiocar/roboracer_ws/install/llm_mpc_tuner/share/llm_mpc_tuner/hook/pythonpath.ps1'
[2.855s] INFO:colcon.colcon_core.shell:Creating environment descriptor '/home/fabiocar/roboracer_ws/install/llm_mpc_tuner/share/llm_mpc_tuner/hook/pythonpath.dsv'
[2.856s] INFO:colcon.colcon_core.shell:Creating environment hook '/home/fabiocar/roboracer_ws/install/llm_mpc_tuner/share/llm_mpc_tuner/hook/pythonpath.sh'
[2.857s] Level 1:colcon.colcon_core.environment:checking '/home/fabiocar/roboracer_ws/install/llm_mpc_tuner/bin'
[2.857s] Level 1:colcon.colcon_core.environment:create_environment_scripts_only(llm_mpc_tuner)
[2.858s] INFO:colcon.colcon_core.shell:Creating package script '/home/fabiocar/roboracer_ws/install/llm_mpc_tuner/share/llm_mpc_tuner/package.ps1'
[2.859s] INFO:colcon.colcon_core.shell:Creating package descriptor '/home/fabiocar/roboracer_ws/install/llm_mpc_tuner/share/llm_mpc_tuner/package.dsv'
[2.860s] INFO:colcon.colcon_core.shell:Creating package script '/home/fabiocar/roboracer_ws/install/llm_mpc_tuner/share/llm_mpc_tuner/package.sh'
[2.862s] INFO:colcon.colcon_core.shell:Creating package script '/home/fabiocar/roboracer_ws/install/llm_mpc_tuner/share/llm_mpc_tuner/package.bash'
[2.862s] INFO:colcon.colcon_core.shell:Creating package script '/home/fabiocar/roboracer_ws/install/llm_mpc_tuner/share/llm_mpc_tuner/package.zsh'
[2.863s] Level 1:colcon.colcon_core.environment:create_file_with_runtime_dependencies(/home/fabiocar/roboracer_ws/install/llm_mpc_tuner/share/colcon-core/packages/llm_mpc_tuner)
[4.913s] DEBUG:colcon.colcon_core.event_handler.log_command:Invoked command in '/home/fabiocar/roboracer_ws/build/vesc_msgs' returned '0': CMAKE_PREFIX_PATH=${CMAKE_PREFIX_PATH}:/home/fabiocar/roboracer_ws/install/f1tenth_stack:/home/fabiocar/roboracer_ws/install/mpc_controller:/home/fabiocar/roboracer_ws/install/llm_mpc_tuner:/opt/ros/humble /usr/bin/cmake --build /home/fabiocar/roboracer_ws/build/vesc_msgs -- -j12 -l12
[4.929s] DEBUG:colcon.colcon_core.event_handler.log_command:Invoking command in '/home/fabiocar/roboracer_ws/build/vesc_msgs': CMAKE_PREFIX_PATH=${CMAKE_PREFIX_PATH}:/home/fabiocar/roboracer_ws/install/f1tenth_stack:/home/fabiocar/roboracer_ws/install/mpc_controller:/home/fabiocar/roboracer_ws/install/llm_mpc_tuner:/opt/ros/humble /usr/bin/cmake --install /home/fabiocar/roboracer_ws/build/vesc_msgs
[5.068s] Level 1:colcon.colcon_core.environment:create_environment_scripts_only(vesc_msgs)
[5.069s] Level 1:colcon.colcon_core.environment:checking '/home/fabiocar/roboracer_ws/install/vesc_msgs' for CMake module files
[5.070s] DEBUG:colcon.colcon_core.event_handler.log_command:Invoked command in '/home/fabiocar/roboracer_ws/build/vesc_msgs' returned '0': CMAKE_PREFIX_PATH=${CMAKE_PREFIX_PATH}:/home/fabiocar/roboracer_ws/install/f1tenth_stack:/home/fabiocar/roboracer_ws/install/mpc_controller:/home/fabiocar/roboracer_ws/install/llm_mpc_tuner:/opt/ros/humble /usr/bin/cmake --install /home/fabiocar/roboracer_ws/build/vesc_msgs
[5.072s] Level 1:colcon.colcon_core.environment:checking '/home/fabiocar/roboracer_ws/install/vesc_msgs' for CMake config files
[5.075s] Level 1:colcon.colcon_core.shell:create_environment_hook('vesc_msgs', 'cmake_prefix_path')
[5.076s] INFO:colcon.colcon_core.shell:Creating environment hook '/home/fabiocar/roboracer_ws/install/vesc_msgs/share/vesc_msgs/hook/cmake_prefix_path.ps1'
[5.077s] INFO:colcon.colcon_core.shell:Creating environment descriptor '/home/fabiocar/roboracer_ws/install/vesc_msgs/share/vesc_msgs/hook/cmake_prefix_path.dsv'
[5.079s] INFO:colcon.colcon_core.shell:Creating environment hook '/home/fabiocar/roboracer_ws/install/vesc_msgs/share/vesc_msgs/hook/cmake_prefix_path.sh'
[5.081s] Level 1:colcon.colcon_core.environment:checking '/home/fabiocar/roboracer_ws/install/vesc_msgs/lib'
[5.081s] Level 1:colcon.colcon_core.shell:create_environment_hook('vesc_msgs', 'ld_library_path_lib')
[5.082s] INFO:colcon.colcon_core.shell:Creating environment hook '/home/fabiocar/roboracer_ws/install/vesc_msgs/share/vesc_msgs/hook/ld_library_path_lib.ps1'
[5.083s] INFO:colcon.colcon_core.shell:Creating environment descriptor '/home/fabiocar/roboracer_ws/install/vesc_msgs/share/vesc_msgs/hook/ld_library_path_lib.dsv'
[5.084s] INFO:colcon.colcon_core.shell:Creating environment hook '/home/fabiocar/roboracer_ws/install/vesc_msgs/share/vesc_msgs/hook/ld_library_path_lib.sh'
[5.086s] Level 1:colcon.colcon_core.environment:checking '/home/fabiocar/roboracer_ws/install/vesc_msgs/bin'
[5.086s] Level 1:colcon.colcon_core.environment:checking '/home/fabiocar/roboracer_ws/install/vesc_msgs/lib/pkgconfig/vesc_msgs.pc'
[5.087s] Level 1:colcon.colcon_core.environment:checking '/home/fabiocar/roboracer_ws/install/vesc_msgs/lib/python3.10/site-packages'
[5.088s] Level 1:colcon.colcon_core.environment:checking '/home/fabiocar/roboracer_ws/install/vesc_msgs/bin'
[5.089s] INFO:colcon.colcon_core.shell:Creating package script '/home/fabiocar/roboracer_ws/install/vesc_msgs/share/vesc_msgs/package.ps1'
[5.092s] INFO:colcon.colcon_core.shell:Creating package descriptor '/home/fabiocar/roboracer_ws/install/vesc_msgs/share/vesc_msgs/package.dsv'
[5.093s] INFO:colcon.colcon_core.shell:Creating package script '/home/fabiocar/roboracer_ws/install/vesc_msgs/share/vesc_msgs/package.sh'
[5.095s] INFO:colcon.colcon_core.shell:Creating package script '/home/fabiocar/roboracer_ws/install/vesc_msgs/share/vesc_msgs/package.bash'
[5.096s] INFO:colcon.colcon_core.shell:Creating package script '/home/fabiocar/roboracer_ws/install/vesc_msgs/share/vesc_msgs/package.zsh'
[5.097s] Level 1:colcon.colcon_core.environment:create_file_with_runtime_dependencies(/home/fabiocar/roboracer_ws/install/vesc_msgs/share/colcon-core/packages/vesc_msgs)
[5.100s] Level 1:colcon.colcon_core.environment:create_environment_scripts_only(vesc_msgs)
[5.100s] Level 1:colcon.colcon_core.environment:checking '/home/fabiocar/roboracer_ws/install/vesc_msgs' for CMake module files
[5.103s] Level 1:colcon.colcon_core.environment:checking '/home/fabiocar/roboracer_ws/install/vesc_msgs' for CMake config files
[5.105s] Level 1:colcon.colcon_core.shell:create_environment_hook('vesc_msgs', 'cmake_prefix_path')
[5.105s] INFO:colcon.colcon_core.shell:Creating environment hook '/home/fabiocar/roboracer_ws/install/vesc_msgs/share/vesc_msgs/hook/cmake_prefix_path.ps1'
[5.107s] INFO:colcon.colcon_core.shell:Creating environment descriptor '/home/fabiocar/roboracer_ws/install/vesc_msgs/share/vesc_msgs/hook/cmake_prefix_path.dsv'
[5.108s] INFO:colcon.colcon_core.shell:Creating environment hook '/home/fabiocar/roboracer_ws/install/vesc_msgs/share/vesc_msgs/hook/cmake_prefix_path.sh'
[5.110s] Level 1:colcon.colcon_core.environment:checking '/home/fabiocar/roboracer_ws/install/vesc_msgs/lib'
[5.111s] Level 1:colcon.colcon_core.shell:create_environment_hook('vesc_msgs', 'ld_library_path_lib')
[5.111s] INFO:colcon.colcon_core.shell:Creating environment hook '/home/fabiocar/roboracer_ws/install/vesc_msgs/share/vesc_msgs/hook/ld_library_path_lib.ps1'
[5.113s] INFO:colcon.colcon_core.shell:Creating environment descriptor '/home/fabiocar/roboracer_ws/install/vesc_msgs/share/vesc_msgs/hook/ld_library_path_lib.dsv'
[5.114s] INFO:colcon.colcon_core.shell:Creating environment hook '/home/fabiocar/roboracer_ws/install/vesc_msgs/share/vesc_msgs/hook/ld_library_path_lib.sh'
[5.115s] Level 1:colcon.colcon_core.environment:checking '/home/fabiocar/roboracer_ws/install/vesc_msgs/bin'
[5.115s] Level 1:colcon.colcon_core.environment:checking '/home/fabiocar/roboracer_ws/install/vesc_msgs/lib/pkgconfig/vesc_msgs.pc'
[5.116s] Level 1:colcon.colcon_core.environment:checking '/home/fabiocar/roboracer_ws/install/vesc_msgs/lib/python3.10/site-packages'
[5.117s] Level 1:colcon.colcon_core.environment:checking '/home/fabiocar/roboracer_ws/install/vesc_msgs/bin'
[5.118s] INFO:colcon.colcon_core.shell:Creating package script '/home/fabiocar/roboracer_ws/install/vesc_msgs/share/vesc_msgs/package.ps1'
[5.121s] INFO:colcon.colcon_core.shell:Creating package descriptor '/home/fabiocar/roboracer_ws/install/vesc_msgs/share/vesc_msgs/package.dsv'
[5.122s] INFO:colcon.colcon_core.shell:Creating package script '/home/fabiocar/roboracer_ws/install/vesc_msgs/share/vesc_msgs/package.sh'
[5.124s] INFO:colcon.colcon_core.shell:Creating package script '/home/fabiocar/roboracer_ws/install/vesc_msgs/share/vesc_msgs/package.bash'
[5.125s] INFO:colcon.colcon_core.shell:Creating package script '/home/fabiocar/roboracer_ws/install/vesc_msgs/share/vesc_msgs/package.zsh'
[5.126s] Level 1:colcon.colcon_core.environment:create_file_with_runtime_dependencies(/home/fabiocar/roboracer_ws/install/vesc_msgs/share/colcon-core/packages/vesc_msgs)
[5.127s] INFO:colcon.colcon_ros.task.ament_cmake.build:Building ROS package in '/home/fabiocar/roboracer_ws/src/vesc/vesc_ackermann' with build type 'ament_cmake'
[5.127s] INFO:colcon.colcon_cmake.task.cmake.build:Building CMake package in '/home/fabiocar/roboracer_ws/src/vesc/vesc_ackermann'
[5.128s] INFO:colcon.colcon_core.shell:Skip shell extension 'powershell' for command environment: Not usable outside of PowerShell
[5.129s] DEBUG:colcon.colcon_core.shell:Skip shell extension 'dsv' for command environment
[5.142s] INFO:colcon.colcon_ros.task.ament_cmake.build:Building ROS package in '/home/fabiocar/roboracer_ws/src/vesc/vesc_driver' with build type 'ament_cmake'
[5.143s] INFO:colcon.colcon_cmake.task.cmake.build:Building CMake package in '/home/fabiocar/roboracer_ws/src/vesc/vesc_driver'
[5.143s] INFO:colcon.colcon_core.shell:Skip shell extension 'powershell' for command environment: Not usable outside of PowerShell
[5.143s] DEBUG:colcon.colcon_core.shell:Skip shell extension 'dsv' for command environment
[5.160s] DEBUG:colcon.colcon_core.event_handler.log_command:Invoking command in '/home/fabiocar/roboracer_ws/build/vesc_ackermann': CMAKE_PREFIX_PATH=/home/fabiocar/roboracer_ws/install/vesc_msgs:/home/fabiocar/roboracer_ws/install/vesc:/home/fabiocar/roboracer_ws/install/vesc_driver:/home/fabiocar/roboracer_ws/install/vesc_ackermann:/home/fabiocar/roboracer_ws/install/ackermann_mux:/home/fabiocar/roboracer_ws/install/f1tenth_stack:/home/fabiocar/roboracer_ws/install/mpc_controller:/home/fabiocar/roboracer_ws/install/llm_mpc_tuner:/opt/ros/humble LD_LIBRARY_PATH=/home/fabiocar/roboracer_ws/install/vesc_msgs/lib:/home/fabiocar/roboracer_ws/install/vesc_driver/lib:/home/fabiocar/roboracer_ws/install/vesc_ackermann/lib:/opt/ros/humble/opt/rviz_ogre_vendor/lib:/opt/ros/humble/lib/aarch64-linux-gnu:/opt/ros/humble/lib /usr/bin/cmake --build /home/fabiocar/roboracer_ws/build/vesc_ackermann -- -j12 -l12
[5.166s] DEBUG:colcon.colcon_core.event_handler.log_command:Invoking command in '/home/fabiocar/roboracer_ws/build/vesc_driver': CMAKE_PREFIX_PATH=/home/fabiocar/roboracer_ws/install/vesc_msgs:/home/fabiocar/roboracer_ws/install/vesc:/home/fabiocar/roboracer_ws/install/vesc_driver:/home/fabiocar/roboracer_ws/install/vesc_ackermann:/home/fabiocar/roboracer_ws/install/ackermann_mux:/home/fabiocar/roboracer_ws/install/f1tenth_stack:/home/fabiocar/roboracer_ws/install/mpc_controller:/home/fabiocar/roboracer_ws/install/llm_mpc_tuner:/opt/ros/humble LD_LIBRARY_PATH=/home/fabiocar/roboracer_ws/install/vesc_msgs/lib:/home/fabiocar/roboracer_ws/install/vesc_driver/lib:/home/fabiocar/roboracer_ws/install/vesc_ackermann/lib:/opt/ros/humble/opt/rviz_ogre_vendor/lib:/opt/ros/humble/lib/aarch64-linux-gnu:/opt/ros/humble/lib /usr/bin/cmake --build /home/fabiocar/roboracer_ws/build/vesc_driver -- -j12 -l12
[23.959s] DEBUG:colcon.colcon_core.event_handler.log_command:Invoked command in '/home/fabiocar/roboracer_ws/build/ackermann_mux' returned '0': CMAKE_PREFIX_PATH=${CMAKE_PREFIX_PATH}:/home/fabiocar/roboracer_ws/install/f1tenth_stack:/home/fabiocar/roboracer_ws/install/mpc_controller:/home/fabiocar/roboracer_ws/install/llm_mpc_tuner:/opt/ros/humble /usr/bin/cmake --build /home/fabiocar/roboracer_ws/build/ackermann_mux -- -j12 -l12
[23.963s] DEBUG:colcon.colcon_core.event_handler.log_command:Invoking command in '/home/fabiocar/roboracer_ws/build/ackermann_mux': CMAKE_PREFIX_PATH=${CMAKE_PREFIX_PATH}:/home/fabiocar/roboracer_ws/install/f1tenth_stack:/home/fabiocar/roboracer_ws/install/mpc_controller:/home/fabiocar/roboracer_ws/install/llm_mpc_tuner:/opt/ros/humble /usr/bin/cmake --install /home/fabiocar/roboracer_ws/build/ackermann_mux
[23.999s] Level 1:colcon.colcon_core.environment:create_environment_scripts_only(ackermann_mux)
[23.999s] Level 1:colcon.colcon_core.environment:checking '/home/fabiocar/roboracer_ws/install/ackermann_mux' for CMake module files
[24.000s] DEBUG:colcon.colcon_core.event_handler.log_command:Invoked command in '/home/fabiocar/roboracer_ws/build/ackermann_mux' returned '0': CMAKE_PREFIX_PATH=${CMAKE_PREFIX_PATH}:/home/fabiocar/roboracer_ws/install/f1tenth_stack:/home/fabiocar/roboracer_ws/install/mpc_controller:/home/fabiocar/roboracer_ws/install/llm_mpc_tuner:/opt/ros/humble /usr/bin/cmake --install /home/fabiocar/roboracer_ws/build/ackermann_mux
[24.000s] Level 1:colcon.colcon_core.environment:checking '/home/fabiocar/roboracer_ws/install/ackermann_mux' for CMake config files
[24.001s] Level 1:colcon.colcon_core.shell:create_environment_hook('ackermann_mux', 'cmake_prefix_path')
[24.001s] INFO:colcon.colcon_core.shell:Creating environment hook '/home/fabiocar/roboracer_ws/install/ackermann_mux/share/ackermann_mux/hook/cmake_prefix_path.ps1'
[24.002s] INFO:colcon.colcon_core.shell:Creating environment descriptor '/home/fabiocar/roboracer_ws/install/ackermann_mux/share/ackermann_mux/hook/cmake_prefix_path.dsv'
[24.003s] INFO:colcon.colcon_core.shell:Creating environment hook '/home/fabiocar/roboracer_ws/install/ackermann_mux/share/ackermann_mux/hook/cmake_prefix_path.sh'
[24.004s] Level 1:colcon.colcon_core.environment:checking '/home/fabiocar/roboracer_ws/install/ackermann_mux/lib'
[24.004s] Level 1:colcon.colcon_core.environment:checking '/home/fabiocar/roboracer_ws/install/ackermann_mux/bin'
[24.004s] Level 1:colcon.colcon_core.environment:checking '/home/fabiocar/roboracer_ws/install/ackermann_mux/lib/pkgconfig/ackermann_mux.pc'
[24.005s] Level 1:colcon.colcon_core.environment:checking '/home/fabiocar/roboracer_ws/install/ackermann_mux/lib/python3.10/site-packages'
[24.005s] Level 1:colcon.colcon_core.environment:checking '/home/fabiocar/roboracer_ws/install/ackermann_mux/bin'
[24.006s] INFO:colcon.colcon_core.shell:Creating package script '/home/fabiocar/roboracer_ws/install/ackermann_mux/share/ackermann_mux/package.ps1'
[24.007s] INFO:colcon.colcon_core.shell:Creating package descriptor '/home/fabiocar/roboracer_ws/install/ackermann_mux/share/ackermann_mux/package.dsv'
[24.007s] INFO:colcon.colcon_core.shell:Creating package script '/home/fabiocar/roboracer_ws/install/ackermann_mux/share/ackermann_mux/package.sh'
[24.008s] INFO:colcon.colcon_core.shell:Creating package script '/home/fabiocar/roboracer_ws/install/ackermann_mux/share/ackermann_mux/package.bash'
[24.009s] INFO:colcon.colcon_core.shell:Creating package script '/home/fabiocar/roboracer_ws/install/ackermann_mux/share/ackermann_mux/package.zsh'
[24.009s] Level 1:colcon.colcon_core.environment:create_file_with_runtime_dependencies(/home/fabiocar/roboracer_ws/install/ackermann_mux/share/colcon-core/packages/ackermann_mux)
[24.010s] Level 1:colcon.colcon_core.environment:create_environment_scripts_only(ackermann_mux)
[24.011s] Level 1:colcon.colcon_core.environment:checking '/home/fabiocar/roboracer_ws/install/ackermann_mux' for CMake module files
[24.011s] Level 1:colcon.colcon_core.environment:checking '/home/fabiocar/roboracer_ws/install/ackermann_mux' for CMake config files
[24.012s] Level 1:colcon.colcon_core.shell:create_environment_hook('ackermann_mux', 'cmake_prefix_path')
[24.012s] INFO:colcon.colcon_core.shell:Creating environment hook '/home/fabiocar/roboracer_ws/install/ackermann_mux/share/ackermann_mux/hook/cmake_prefix_path.ps1'
[24.013s] INFO:colcon.colcon_core.shell:Creating environment descriptor '/home/fabiocar/roboracer_ws/install/ackermann_mux/share/ackermann_mux/hook/cmake_prefix_path.dsv'
[24.013s] INFO:colcon.colcon_core.shell:Creating environment hook '/home/fabiocar/roboracer_ws/install/ackermann_mux/share/ackermann_mux/hook/cmake_prefix_path.sh'
[24.014s] Level 1:colcon.colcon_core.environment:checking '/home/fabiocar/roboracer_ws/install/ackermann_mux/lib'
[24.014s] Level 1:colcon.colcon_core.environment:checking '/home/fabiocar/roboracer_ws/install/ackermann_mux/bin'
[24.015s] Level 1:colcon.colcon_core.environment:checking '/home/fabiocar/roboracer_ws/install/ackermann_mux/lib/pkgconfig/ackermann_mux.pc'
[24.015s] Level 1:colcon.colcon_core.environment:checking '/home/fabiocar/roboracer_ws/install/ackermann_mux/lib/python3.10/site-packages'
[24.015s] Level 1:colcon.colcon_core.environment:checking '/home/fabiocar/roboracer_ws/install/ackermann_mux/bin'
[24.016s] INFO:colcon.colcon_core.shell:Creating package script '/home/fabiocar/roboracer_ws/install/ackermann_mux/share/ackermann_mux/package.ps1'
[24.017s] INFO:colcon.colcon_core.shell:Creating package descriptor '/home/fabiocar/roboracer_ws/install/ackermann_mux/share/ackermann_mux/package.dsv'
[24.018s] INFO:colcon.colcon_core.shell:Creating package script '/home/fabiocar/roboracer_ws/install/ackermann_mux/share/ackermann_mux/package.sh'
[24.018s] INFO:colcon.colcon_core.shell:Creating package script '/home/fabiocar/roboracer_ws/install/ackermann_mux/share/ackermann_mux/package.bash'
[24.019s] INFO:colcon.colcon_core.shell:Creating package script '/home/fabiocar/roboracer_ws/install/ackermann_mux/share/ackermann_mux/package.zsh'
[24.020s] Level 1:colcon.colcon_core.environment:create_file_with_runtime_dependencies(/home/fabiocar/roboracer_ws/install/ackermann_mux/share/colcon-core/packages/ackermann_mux)
[26.985s] DEBUG:colcon.colcon_core.event_handler.log_command:Invoked command in '/home/fabiocar/roboracer_ws/build/vesc_driver' returned '0': CMAKE_PREFIX_PATH=/home/fabiocar/roboracer_ws/install/vesc_msgs:/home/fabiocar/roboracer_ws/install/vesc:/home/fabiocar/roboracer_ws/install/vesc_driver:/home/fabiocar/roboracer_ws/install/vesc_ackermann:/home/fabiocar/roboracer_ws/install/ackermann_mux:/home/fabiocar/roboracer_ws/install/f1tenth_stack:/home/fabiocar/roboracer_ws/install/mpc_controller:/home/fabiocar/roboracer_ws/install/llm_mpc_tuner:/opt/ros/humble LD_LIBRARY_PATH=/home/fabiocar/roboracer_ws/install/vesc_msgs/lib:/home/fabiocar/roboracer_ws/install/vesc_driver/lib:/home/fabiocar/roboracer_ws/install/vesc_ackermann/lib:/opt/ros/humble/opt/rviz_ogre_vendor/lib:/opt/ros/humble/lib/aarch64-linux-gnu:/opt/ros/humble/lib /usr/bin/cmake --build /home/fabiocar/roboracer_ws/build/vesc_driver -- -j12 -l12
[26.990s] DEBUG:colcon.colcon_core.event_handler.log_command:Invoking command in '/home/fabiocar/roboracer_ws/build/vesc_driver': CMAKE_PREFIX_PATH=/home/fabiocar/roboracer_ws/install/vesc_msgs:/home/fabiocar/roboracer_ws/install/vesc:/home/fabiocar/roboracer_ws/install/vesc_driver:/home/fabiocar/roboracer_ws/install/vesc_ackermann:/home/fabiocar/roboracer_ws/install/ackermann_mux:/home/fabiocar/roboracer_ws/install/f1tenth_stack:/home/fabiocar/roboracer_ws/install/mpc_controller:/home/fabiocar/roboracer_ws/install/llm_mpc_tuner:/opt/ros/humble LD_LIBRARY_PATH=/home/fabiocar/roboracer_ws/install/vesc_msgs/lib:/home/fabiocar/roboracer_ws/install/vesc_driver/lib:/home/fabiocar/roboracer_ws/install/vesc_ackermann/lib:/opt/ros/humble/opt/rviz_ogre_vendor/lib:/opt/ros/humble/lib/aarch64-linux-gnu:/opt/ros/humble/lib /usr/bin/cmake --install /home/fabiocar/roboracer_ws/build/vesc_driver
[27.033s] Level 1:colcon.colcon_core.environment:create_environment_scripts_only(vesc_driver)
[27.034s] Level 1:colcon.colcon_core.environment:checking '/home/fabiocar/roboracer_ws/install/vesc_driver' for CMake module files
[27.035s] DEBUG:colcon.colcon_core.event_handler.log_command:Invoked command in '/home/fabiocar/roboracer_ws/build/vesc_driver' returned '0': CMAKE_PREFIX_PATH=/home/fabiocar/roboracer_ws/install/vesc_msgs:/home/fabiocar/roboracer_ws/install/vesc:/home/fabiocar/roboracer_ws/install/vesc_driver:/home/fabiocar/roboracer_ws/install/vesc_ackermann:/home/fabiocar/roboracer_ws/install/ackermann_mux:/home/fabiocar/roboracer_ws/install/f1tenth_stack:/home/fabiocar/roboracer_ws/install/mpc_controller:/home/fabiocar/roboracer_ws/install/llm_mpc_tuner:/opt/ros/humble LD_LIBRARY_PATH=/home/fabiocar/roboracer_ws/install/vesc_msgs/lib:/home/fabiocar/roboracer_ws/install/vesc_driver/lib:/home/fabiocar/roboracer_ws/install/vesc_ackermann/lib:/opt/ros/humble/opt/rviz_ogre_vendor/lib:/opt/ros/humble/lib/aarch64-linux-gnu:/opt/ros/humble/lib /usr/bin/cmake --install /home/fabiocar/roboracer_ws/build/vesc_driver
[27.037s] Level 1:colcon.colcon_core.environment:checking '/home/fabiocar/roboracer_ws/install/vesc_driver' for CMake config files
[27.038s] Level 1:colcon.colcon_core.shell:create_environment_hook('vesc_driver', 'cmake_prefix_path')
[27.039s] INFO:colcon.colcon_core.shell:Creating environment hook '/home/fabiocar/roboracer_ws/install/vesc_driver/share/vesc_driver/hook/cmake_prefix_path.ps1'
[27.041s] INFO:colcon.colcon_core.shell:Creating environment descriptor '/home/fabiocar/roboracer_ws/install/vesc_driver/share/vesc_driver/hook/cmake_prefix_path.dsv'
[27.042s] INFO:colcon.colcon_core.shell:Creating environment hook '/home/fabiocar/roboracer_ws/install/vesc_driver/share/vesc_driver/hook/cmake_prefix_path.sh'
[27.044s] Level 1:colcon.colcon_core.environment:checking '/home/fabiocar/roboracer_ws/install/vesc_driver/lib'
[27.044s] Level 1:colcon.colcon_core.shell:create_environment_hook('vesc_driver', 'ld_library_path_lib')
[27.045s] INFO:colcon.colcon_core.shell:Creating environment hook '/home/fabiocar/roboracer_ws/install/vesc_driver/share/vesc_driver/hook/ld_library_path_lib.ps1'
[27.046s] INFO:colcon.colcon_core.shell:Creating environment descriptor '/home/fabiocar/roboracer_ws/install/vesc_driver/share/vesc_driver/hook/ld_library_path_lib.dsv'
[27.048s] INFO:colcon.colcon_core.shell:Creating environment hook '/home/fabiocar/roboracer_ws/install/vesc_driver/share/vesc_driver/hook/ld_library_path_lib.sh'
[27.049s] Level 1:colcon.colcon_core.environment:checking '/home/fabiocar/roboracer_ws/install/vesc_driver/bin'
[27.049s] Level 1:colcon.colcon_core.environment:checking '/home/fabiocar/roboracer_ws/install/vesc_driver/lib/pkgconfig/vesc_driver.pc'
[27.050s] Level 1:colcon.colcon_core.environment:checking '/home/fabiocar/roboracer_ws/install/vesc_driver/lib/python3.10/site-packages'
[27.052s] Level 1:colcon.colcon_core.environment:checking '/home/fabiocar/roboracer_ws/install/vesc_driver/bin'
[27.053s] INFO:colcon.colcon_core.shell:Creating package script '/home/fabiocar/roboracer_ws/install/vesc_driver/share/vesc_driver/package.ps1'
[27.055s] INFO:colcon.colcon_core.shell:Creating package descriptor '/home/fabiocar/roboracer_ws/install/vesc_driver/share/vesc_driver/package.dsv'
[27.057s] INFO:colcon.colcon_core.shell:Creating package script '/home/fabiocar/roboracer_ws/install/vesc_driver/share/vesc_driver/package.sh'
[27.058s] INFO:colcon.colcon_core.shell:Creating package script '/home/fabiocar/roboracer_ws/install/vesc_driver/share/vesc_driver/package.bash'
[27.059s] INFO:colcon.colcon_core.shell:Creating package script '/home/fabiocar/roboracer_ws/install/vesc_driver/share/vesc_driver/package.zsh'
[27.061s] Level 1:colcon.colcon_core.environment:create_file_with_runtime_dependencies(/home/fabiocar/roboracer_ws/install/vesc_driver/share/colcon-core/packages/vesc_driver)
[27.063s] Level 1:colcon.colcon_core.environment:create_environment_scripts_only(vesc_driver)
[27.063s] Level 1:colcon.colcon_core.environment:checking '/home/fabiocar/roboracer_ws/install/vesc_driver' for CMake module files
[27.066s] Level 1:colcon.colcon_core.environment:checking '/home/fabiocar/roboracer_ws/install/vesc_driver' for CMake config files
[27.067s] Level 1:colcon.colcon_core.shell:create_environment_hook('vesc_driver', 'cmake_prefix_path')
[27.068s] INFO:colcon.colcon_core.shell:Creating environment hook '/home/fabiocar/roboracer_ws/install/vesc_driver/share/vesc_driver/hook/cmake_prefix_path.ps1'
[27.069s] INFO:colcon.colcon_core.shell:Creating environment descriptor '/home/fabiocar/roboracer_ws/install/vesc_driver/share/vesc_driver/hook/cmake_prefix_path.dsv'
[27.070s] INFO:colcon.colcon_core.shell:Creating environment hook '/home/fabiocar/roboracer_ws/install/vesc_driver/share/vesc_driver/hook/cmake_prefix_path.sh'
[27.072s] Level 1:colcon.colcon_core.environment:checking '/home/fabiocar/roboracer_ws/install/vesc_driver/lib'
[27.073s] Level 1:colcon.colcon_core.shell:create_environment_hook('vesc_driver', 'ld_library_path_lib')
[27.073s] INFO:colcon.colcon_core.shell:Creating environment hook '/home/fabiocar/roboracer_ws/install/vesc_driver/share/vesc_driver/hook/ld_library_path_lib.ps1'
[27.075s] INFO:colcon.colcon_core.shell:Creating environment descriptor '/home/fabiocar/roboracer_ws/install/vesc_driver/share/vesc_driver/hook/ld_library_path_lib.dsv'
[27.076s] INFO:colcon.colcon_core.shell:Creating environment hook '/home/fabiocar/roboracer_ws/install/vesc_driver/share/vesc_driver/hook/ld_library_path_lib.sh'
[27.078s] Level 1:colcon.colcon_core.environment:checking '/home/fabiocar/roboracer_ws/install/vesc_driver/bin'
[27.078s] Level 1:colcon.colcon_core.environment:checking '/home/fabiocar/roboracer_ws/install/vesc_driver/lib/pkgconfig/vesc_driver.pc'
[27.079s] Level 1:colcon.colcon_core.environment:checking '/home/fabiocar/roboracer_ws/install/vesc_driver/lib/python3.10/site-packages'
[27.080s] Level 1:colcon.colcon_core.environment:checking '/home/fabiocar/roboracer_ws/install/vesc_driver/bin'
[27.081s] INFO:colcon.colcon_core.shell:Creating package script '/home/fabiocar/roboracer_ws/install/vesc_driver/share/vesc_driver/package.ps1'
[27.084s] INFO:colcon.colcon_core.shell:Creating package descriptor '/home/fabiocar/roboracer_ws/install/vesc_driver/share/vesc_driver/package.dsv'
[27.085s] INFO:colcon.colcon_core.shell:Creating package script '/home/fabiocar/roboracer_ws/install/vesc_driver/share/vesc_driver/package.sh'
[27.087s] INFO:colcon.colcon_core.shell:Creating package script '/home/fabiocar/roboracer_ws/install/vesc_driver/share/vesc_driver/package.bash'
[27.089s] INFO:colcon.colcon_core.shell:Creating package script '/home/fabiocar/roboracer_ws/install/vesc_driver/share/vesc_driver/package.zsh'
[27.090s] Level 1:colcon.colcon_core.environment:create_file_with_runtime_dependencies(/home/fabiocar/roboracer_ws/install/vesc_driver/share/colcon-core/packages/vesc_driver)
[27.732s] DEBUG:colcon.colcon_core.event_handler.log_command:Invoked command in '/home/fabiocar/roboracer_ws/build/vesc_ackermann' returned '0': CMAKE_PREFIX_PATH=/home/fabiocar/roboracer_ws/install/vesc_msgs:/home/fabiocar/roboracer_ws/install/vesc:/home/fabiocar/roboracer_ws/install/vesc_driver:/home/fabiocar/roboracer_ws/install/vesc_ackermann:/home/fabiocar/roboracer_ws/install/ackermann_mux:/home/fabiocar/roboracer_ws/install/f1tenth_stack:/home/fabiocar/roboracer_ws/install/mpc_controller:/home/fabiocar/roboracer_ws/install/llm_mpc_tuner:/opt/ros/humble LD_LIBRARY_PATH=/home/fabiocar/roboracer_ws/install/vesc_msgs/lib:/home/fabiocar/roboracer_ws/install/vesc_driver/lib:/home/fabiocar/roboracer_ws/install/vesc_ackermann/lib:/opt/ros/humble/opt/rviz_ogre_vendor/lib:/opt/ros/humble/lib/aarch64-linux-gnu:/opt/ros/humble/lib /usr/bin/cmake --build /home/fabiocar/roboracer_ws/build/vesc_ackermann -- -j12 -l12
[27.737s] DEBUG:colcon.colcon_core.event_handler.log_command:Invoking command in '/home/fabiocar/roboracer_ws/build/vesc_ackermann': CMAKE_PREFIX_PATH=/home/fabiocar/roboracer_ws/install/vesc_msgs:/home/fabiocar/roboracer_ws/install/vesc:/home/fabiocar/roboracer_ws/install/vesc_driver:/home/fabiocar/roboracer_ws/install/vesc_ackermann:/home/fabiocar/roboracer_ws/install/ackermann_mux:/home/fabiocar/roboracer_ws/install/f1tenth_stack:/home/fabiocar/roboracer_ws/install/mpc_controller:/home/fabiocar/roboracer_ws/install/llm_mpc_tuner:/opt/ros/humble LD_LIBRARY_PATH=/home/fabiocar/roboracer_ws/install/vesc_msgs/lib:/home/fabiocar/roboracer_ws/install/vesc_driver/lib:/home/fabiocar/roboracer_ws/install/vesc_ackermann/lib:/opt/ros/humble/opt/rviz_ogre_vendor/lib:/opt/ros/humble/lib/aarch64-linux-gnu:/opt/ros/humble/lib /usr/bin/cmake --install /home/fabiocar/roboracer_ws/build/vesc_ackermann
[27.796s] Level 1:colcon.colcon_core.environment:create_environment_scripts_only(vesc_ackermann)
[27.797s] Level 1:colcon.colcon_core.environment:checking '/home/fabiocar/roboracer_ws/install/vesc_ackermann' for CMake module files
[27.798s] DEBUG:colcon.colcon_core.event_handler.log_command:Invoked command in '/home/fabiocar/roboracer_ws/build/vesc_ackermann' returned '0': CMAKE_PREFIX_PATH=/home/fabiocar/roboracer_ws/install/vesc_msgs:/home/fabiocar/roboracer_ws/install/vesc:/home/fabiocar/roboracer_ws/install/vesc_driver:/home/fabiocar/roboracer_ws/install/vesc_ackermann:/home/fabiocar/roboracer_ws/install/ackermann_mux:/home/fabiocar/roboracer_ws/install/f1tenth_stack:/home/fabiocar/roboracer_ws/install/mpc_controller:/home/fabiocar/roboracer_ws/install/llm_mpc_tuner:/opt/ros/humble LD_LIBRARY_PATH=/home/fabiocar/roboracer_ws/install/vesc_msgs/lib:/home/fabiocar/roboracer_ws/install/vesc_driver/lib:/home/fabiocar/roboracer_ws/install/vesc_ackermann/lib:/opt/ros/humble/opt/rviz_ogre_vendor/lib:/opt/ros/humble/lib/aarch64-linux-gnu:/opt/ros/humble/lib /usr/bin/cmake --install /home/fabiocar/roboracer_ws/build/vesc_ackermann
[27.800s] Level 1:colcon.colcon_core.environment:checking '/home/fabiocar/roboracer_ws/install/vesc_ackermann' for CMake config files
[27.801s] Level 1:colcon.colcon_core.shell:create_environment_hook('vesc_ackermann', 'cmake_prefix_path')
[27.802s] INFO:colcon.colcon_core.shell:Creating environment hook '/home/fabiocar/roboracer_ws/install/vesc_ackermann/share/vesc_ackermann/hook/cmake_prefix_path.ps1'
[27.803s] INFO:colcon.colcon_core.shell:Creating environment descriptor '/home/fabiocar/roboracer_ws/install/vesc_ackermann/share/vesc_ackermann/hook/cmake_prefix_path.dsv'
[27.805s] INFO:colcon.colcon_core.shell:Creating environment hook '/home/fabiocar/roboracer_ws/install/vesc_ackermann/share/vesc_ackermann/hook/cmake_prefix_path.sh'
[27.807s] Level 1:colcon.colcon_core.environment:checking '/home/fabiocar/roboracer_ws/install/vesc_ackermann/lib'
[27.807s] Level 1:colcon.colcon_core.shell:create_environment_hook('vesc_ackermann', 'ld_library_path_lib')
[27.808s] INFO:colcon.colcon_core.shell:Creating environment hook '/home/fabiocar/roboracer_ws/install/vesc_ackermann/share/vesc_ackermann/hook/ld_library_path_lib.ps1'
[27.809s] INFO:colcon.colcon_core.shell:Creating environment descriptor '/home/fabiocar/roboracer_ws/install/vesc_ackermann/share/vesc_ackermann/hook/ld_library_path_lib.dsv'
[27.810s] INFO:colcon.colcon_core.shell:Creating environment hook '/home/fabiocar/roboracer_ws/install/vesc_ackermann/share/vesc_ackermann/hook/ld_library_path_lib.sh'
[27.812s] Level 1:colcon.colcon_core.environment:checking '/home/fabiocar/roboracer_ws/install/vesc_ackermann/bin'
[27.812s] Level 1:colcon.colcon_core.environment:checking '/home/fabiocar/roboracer_ws/install/vesc_ackermann/lib/pkgconfig/vesc_ackermann.pc'
[27.813s] Level 1:colcon.colcon_core.environment:checking '/home/fabiocar/roboracer_ws/install/vesc_ackermann/lib/python3.10/site-packages'
[27.814s] Level 1:colcon.colcon_core.environment:checking '/home/fabiocar/roboracer_ws/install/vesc_ackermann/bin'
[27.815s] INFO:colcon.colcon_core.shell:Creating package script '/home/fabiocar/roboracer_ws/install/vesc_ackermann/share/vesc_ackermann/package.ps1'
[27.818s] INFO:colcon.colcon_core.shell:Creating package descriptor '/home/fabiocar/roboracer_ws/install/vesc_ackermann/share/vesc_ackermann/package.dsv'
[27.819s] INFO:colcon.colcon_core.shell:Creating package script '/home/fabiocar/roboracer_ws/install/vesc_ackermann/share/vesc_ackermann/package.sh'
[27.821s] INFO:colcon.colcon_core.shell:Creating package script '/home/fabiocar/roboracer_ws/install/vesc_ackermann/share/vesc_ackermann/package.bash'
[27.823s] INFO:colcon.colcon_core.shell:Creating package script '/home/fabiocar/roboracer_ws/install/vesc_ackermann/share/vesc_ackermann/package.zsh'
[27.824s] Level 1:colcon.colcon_core.environment:create_file_with_runtime_dependencies(/home/fabiocar/roboracer_ws/install/vesc_ackermann/share/colcon-core/packages/vesc_ackermann)
[27.826s] Level 1:colcon.colcon_core.environment:create_environment_scripts_only(vesc_ackermann)
[27.827s] Level 1:colcon.colcon_core.environment:checking '/home/fabiocar/roboracer_ws/install/vesc_ackermann' for CMake module files
[27.829s] Level 1:colcon.colcon_core.environment:checking '/home/fabiocar/roboracer_ws/install/vesc_ackermann' for CMake config files
[27.830s] Level 1:colcon.colcon_core.shell:create_environment_hook('vesc_ackermann', 'cmake_prefix_path')
[27.830s] INFO:colcon.colcon_core.shell:Creating environment hook '/home/fabiocar/roboracer_ws/install/vesc_ackermann/share/vesc_ackermann/hook/cmake_prefix_path.ps1'
[27.832s] INFO:colcon.colcon_core.shell:Creating environment descriptor '/home/fabiocar/roboracer_ws/install/vesc_ackermann/share/vesc_ackermann/hook/cmake_prefix_path.dsv'
[27.833s] INFO:colcon.colcon_core.shell:Creating environment hook '/home/fabiocar/roboracer_ws/install/vesc_ackermann/share/vesc_ackermann/hook/cmake_prefix_path.sh'
[27.835s] Level 1:colcon.colcon_core.environment:checking '/home/fabiocar/roboracer_ws/install/vesc_ackermann/lib'
[27.836s] Level 1:colcon.colcon_core.shell:create_environment_hook('vesc_ackermann', 'ld_library_path_lib')
[27.836s] INFO:colcon.colcon_core.shell:Creating environment hook '/home/fabiocar/roboracer_ws/install/vesc_ackermann/share/vesc_ackermann/hook/ld_library_path_lib.ps1'
[27.838s] INFO:colcon.colcon_core.shell:Creating environment descriptor '/home/fabiocar/roboracer_ws/install/vesc_ackermann/share/vesc_ackermann/hook/ld_library_path_lib.dsv'
[27.839s] INFO:colcon.colcon_core.shell:Creating environment hook '/home/fabiocar/roboracer_ws/install/vesc_ackermann/share/vesc_ackermann/hook/ld_library_path_lib.sh'
[27.841s] Level 1:colcon.colcon_core.environment:checking '/home/fabiocar/roboracer_ws/install/vesc_ackermann/bin'
[27.841s] Level 1:colcon.colcon_core.environment:checking '/home/fabiocar/roboracer_ws/install/vesc_ackermann/lib/pkgconfig/vesc_ackermann.pc'
[27.842s] Level 1:colcon.colcon_core.environment:checking '/home/fabiocar/roboracer_ws/install/vesc_ackermann/lib/python3.10/site-packages'
[27.843s] Level 1:colcon.colcon_core.environment:checking '/home/fabiocar/roboracer_ws/install/vesc_ackermann/bin'
[27.844s] INFO:colcon.colcon_core.shell:Creating package script '/home/fabiocar/roboracer_ws/install/vesc_ackermann/share/vesc_ackermann/package.ps1'
[27.846s] INFO:colcon.colcon_core.shell:Creating package descriptor '/home/fabiocar/roboracer_ws/install/vesc_ackermann/share/vesc_ackermann/package.dsv'
[27.848s] INFO:colcon.colcon_core.shell:Creating package script '/home/fabiocar/roboracer_ws/install/vesc_ackermann/share/vesc_ackermann/package.sh'
[27.850s] INFO:colcon.colcon_core.shell:Creating package script '/home/fabiocar/roboracer_ws/install/vesc_ackermann/share/vesc_ackermann/package.bash'
[27.851s] INFO:colcon.colcon_core.shell:Creating package script '/home/fabiocar/roboracer_ws/install/vesc_ackermann/share/vesc_ackermann/package.zsh'
[27.852s] Level 1:colcon.colcon_core.environment:create_file_with_runtime_dependencies(/home/fabiocar/roboracer_ws/install/vesc_ackermann/share/colcon-core/packages/vesc_ackermann)
[27.853s] INFO:colcon.colcon_ros.task.ament_cmake.build:Building ROS package in '/home/fabiocar/roboracer_ws/src/vesc/vesc' with build type 'ament_cmake'
[27.857s] INFO:colcon.colcon_cmake.task.cmake.build:Building CMake package in '/home/fabiocar/roboracer_ws/src/vesc/vesc'
[27.858s] INFO:colcon.colcon_core.shell:Skip shell extension 'powershell' for command environment: Not usable outside of PowerShell
[27.858s] DEBUG:colcon.colcon_core.shell:Skip shell extension 'dsv' for command environment
[27.898s] DEBUG:colcon.colcon_core.event_handler.log_command:Invoking command in '/home/fabiocar/roboracer_ws/build/vesc': CMAKE_PREFIX_PATH=/home/fabiocar/roboracer_ws/install/vesc_driver:/home/fabiocar/roboracer_ws/install/vesc_ackermann:/home/fabiocar/roboracer_ws/install/vesc_msgs:/home/fabiocar/roboracer_ws/install/vesc:/home/fabiocar/roboracer_ws/install/ackermann_mux:/home/fabiocar/roboracer_ws/install/f1tenth_stack:/home/fabiocar/roboracer_ws/install/mpc_controller:/home/fabiocar/roboracer_ws/install/llm_mpc_tuner:/opt/ros/humble /usr/bin/cmake --build /home/fabiocar/roboracer_ws/build/vesc -- -j12 -l12
[27.967s] DEBUG:colcon.colcon_core.event_handler.log_command:Invoked command in '/home/fabiocar/roboracer_ws/build/vesc' returned '0': CMAKE_PREFIX_PATH=/home/fabiocar/roboracer_ws/install/vesc_driver:/home/fabiocar/roboracer_ws/install/vesc_ackermann:/home/fabiocar/roboracer_ws/install/vesc_msgs:/home/fabiocar/roboracer_ws/install/vesc:/home/fabiocar/roboracer_ws/install/ackermann_mux:/home/fabiocar/roboracer_ws/install/f1tenth_stack:/home/fabiocar/roboracer_ws/install/mpc_controller:/home/fabiocar/roboracer_ws/install/llm_mpc_tuner:/opt/ros/humble /usr/bin/cmake --build /home/fabiocar/roboracer_ws/build/vesc -- -j12 -l12
[27.973s] DEBUG:colcon.colcon_core.event_handler.log_command:Invoking command in '/home/fabiocar/roboracer_ws/build/vesc': CMAKE_PREFIX_PATH=/home/fabiocar/roboracer_ws/install/vesc_driver:/home/fabiocar/roboracer_ws/install/vesc_ackermann:/home/fabiocar/roboracer_ws/install/vesc_msgs:/home/fabiocar/roboracer_ws/install/vesc:/home/fabiocar/roboracer_ws/install/ackermann_mux:/home/fabiocar/roboracer_ws/install/f1tenth_stack:/home/fabiocar/roboracer_ws/install/mpc_controller:/home/fabiocar/roboracer_ws/install/llm_mpc_tuner:/opt/ros/humble /usr/bin/cmake --install /home/fabiocar/roboracer_ws/build/vesc
[27.993s] Level 1:colcon.colcon_core.environment:create_environment_scripts_only(vesc)
[27.994s] Level 1:colcon.colcon_core.environment:checking '/home/fabiocar/roboracer_ws/install/vesc' for CMake module files
[27.995s] DEBUG:colcon.colcon_core.event_handler.log_command:Invoked command in '/home/fabiocar/roboracer_ws/build/vesc' returned '0': CMAKE_PREFIX_PATH=/home/fabiocar/roboracer_ws/install/vesc_driver:/home/fabiocar/roboracer_ws/install/vesc_ackermann:/home/fabiocar/roboracer_ws/install/vesc_msgs:/home/fabiocar/roboracer_ws/install/vesc:/home/fabiocar/roboracer_ws/install/ackermann_mux:/home/fabiocar/roboracer_ws/install/f1tenth_stack:/home/fabiocar/roboracer_ws/install/mpc_controller:/home/fabiocar/roboracer_ws/install/llm_mpc_tuner:/opt/ros/humble /usr/bin/cmake --install /home/fabiocar/roboracer_ws/build/vesc
[27.997s] Level 1:colcon.colcon_core.environment:checking '/home/fabiocar/roboracer_ws/install/vesc' for CMake config files
[27.997s] Level 1:colcon.colcon_core.shell:create_environment_hook('vesc', 'cmake_prefix_path')
[27.998s] INFO:colcon.colcon_core.shell:Creating environment hook '/home/fabiocar/roboracer_ws/install/vesc/share/vesc/hook/cmake_prefix_path.ps1'
[28.000s] INFO:colcon.colcon_core.shell:Creating environment descriptor '/home/fabiocar/roboracer_ws/install/vesc/share/vesc/hook/cmake_prefix_path.dsv'
[28.001s] INFO:colcon.colcon_core.shell:Creating environment hook '/home/fabiocar/roboracer_ws/install/vesc/share/vesc/hook/cmake_prefix_path.sh'
[28.003s] Level 1:colcon.colcon_core.environment:checking '/home/fabiocar/roboracer_ws/install/vesc/bin'
[28.003s] Level 1:colcon.colcon_core.environment:checking '/home/fabiocar/roboracer_ws/install/vesc/lib/pkgconfig/vesc.pc'
[28.004s] Level 1:colcon.colcon_core.environment:checking '/home/fabiocar/roboracer_ws/install/vesc/lib/python3.10/site-packages'
[28.006s] Level 1:colcon.colcon_core.environment:checking '/home/fabiocar/roboracer_ws/install/vesc/bin'
[28.007s] INFO:colcon.colcon_core.shell:Creating package script '/home/fabiocar/roboracer_ws/install/vesc/share/vesc/package.ps1'
[28.009s] INFO:colcon.colcon_core.shell:Creating package descriptor '/home/fabiocar/roboracer_ws/install/vesc/share/vesc/package.dsv'
[28.010s] INFO:colcon.colcon_core.shell:Creating package script '/home/fabiocar/roboracer_ws/install/vesc/share/vesc/package.sh'
[28.012s] INFO:colcon.colcon_core.shell:Creating package script '/home/fabiocar/roboracer_ws/install/vesc/share/vesc/package.bash'
[28.013s] INFO:colcon.colcon_core.shell:Creating package script '/home/fabiocar/roboracer_ws/install/vesc/share/vesc/package.zsh'
[28.014s] Level 1:colcon.colcon_core.environment:create_file_with_runtime_dependencies(/home/fabiocar/roboracer_ws/install/vesc/share/colcon-core/packages/vesc)
[28.016s] Level 1:colcon.colcon_core.environment:create_environment_scripts_only(vesc)
[28.017s] Level 1:colcon.colcon_core.environment:checking '/home/fabiocar/roboracer_ws/install/vesc' for CMake module files
[28.019s] Level 1:colcon.colcon_core.environment:checking '/home/fabiocar/roboracer_ws/install/vesc' for CMake config files
[28.019s] Level 1:colcon.colcon_core.shell:create_environment_hook('vesc', 'cmake_prefix_path')
[28.020s] INFO:colcon.colcon_core.shell:Creating environment hook '/home/fabiocar/roboracer_ws/install/vesc/share/vesc/hook/cmake_prefix_path.ps1'
[28.022s] INFO:colcon.colcon_core.shell:Creating environment descriptor '/home/fabiocar/roboracer_ws/install/vesc/share/vesc/hook/cmake_prefix_path.dsv'
[28.023s] INFO:colcon.colcon_core.shell:Creating environment hook '/home/fabiocar/roboracer_ws/install/vesc/share/vesc/hook/cmake_prefix_path.sh'
[28.025s] Level 1:colcon.colcon_core.environment:checking '/home/fabiocar/roboracer_ws/install/vesc/bin'
[28.025s] Level 1:colcon.colcon_core.environment:checking '/home/fabiocar/roboracer_ws/install/vesc/lib/pkgconfig/vesc.pc'
[28.026s] Level 1:colcon.colcon_core.environment:checking '/home/fabiocar/roboracer_ws/install/vesc/lib/python3.10/site-packages'
[28.028s] Level 1:colcon.colcon_core.environment:checking '/home/fabiocar/roboracer_ws/install/vesc/bin'
[28.029s] INFO:colcon.colcon_core.shell:Creating package script '/home/fabiocar/roboracer_ws/install/vesc/share/vesc/package.ps1'
[28.031s] INFO:colcon.colcon_core.shell:Creating package descriptor '/home/fabiocar/roboracer_ws/install/vesc/share/vesc/package.dsv'
[28.033s] INFO:colcon.colcon_core.shell:Creating package script '/home/fabiocar/roboracer_ws/install/vesc/share/vesc/package.sh'
[28.034s] INFO:colcon.colcon_core.shell:Creating package script '/home/fabiocar/roboracer_ws/install/vesc/share/vesc/package.bash'
[28.036s] INFO:colcon.colcon_core.shell:Creating package script '/home/fabiocar/roboracer_ws/install/vesc/share/vesc/package.zsh'
[28.037s] Level 1:colcon.colcon_core.environment:create_file_with_runtime_dependencies(/home/fabiocar/roboracer_ws/install/vesc/share/colcon-core/packages/vesc)
[28.038s] INFO:colcon.colcon_ros.task.ament_python.build:Building ROS package in '/home/fabiocar/roboracer_ws/src/f1tenth_system/f1tenth_stack' with build type 'ament_python'
[28.039s] Level 1:colcon.colcon_core.shell:create_environment_hook('f1tenth_stack', 'ament_prefix_path')
[28.040s] INFO:colcon.colcon_core.shell:Creating environment hook '/home/fabiocar/roboracer_ws/install/f1tenth_stack/share/f1tenth_stack/hook/ament_prefix_path.ps1'
[28.042s] INFO:colcon.colcon_core.shell:Creating environment descriptor '/home/fabiocar/roboracer_ws/install/f1tenth_stack/share/f1tenth_stack/hook/ament_prefix_path.dsv'
[28.043s] INFO:colcon.colcon_core.shell:Creating environment hook '/home/fabiocar/roboracer_ws/install/f1tenth_stack/share/f1tenth_stack/hook/ament_prefix_path.sh'
[28.046s] INFO:colcon.colcon_core.shell:Skip shell extension 'powershell' for command environment: Not usable outside of PowerShell
[28.046s] DEBUG:colcon.colcon_core.shell:Skip shell extension 'dsv' for command environment
[28.396s] INFO:colcon.colcon_core.task.python.build:Building Python package in '/home/fabiocar/roboracer_ws/src/f1tenth_system/f1tenth_stack'
[28.396s] INFO:colcon.colcon_core.shell:Skip shell extension 'powershell' for command environment: Not usable outside of PowerShell
[28.397s] DEBUG:colcon.colcon_core.shell:Skip shell extension 'dsv' for command environment
[28.993s] DEBUG:colcon.colcon_core.event_handler.log_command:Invoking command in '/home/fabiocar/roboracer_ws/src/f1tenth_system/f1tenth_stack': PYTHONPATH=/home/fabiocar/roboracer_ws/build/f1tenth_stack/prefix_override:/usr/lib/python3/dist-packages/colcon_core/task/python/colcon_distutils_commands:/home/fabiocar/roboracer_ws/install/f1tenth_stack/lib/python3.10/site-packages:${PYTHONPATH} /usr/bin/python3 -W ignore:setup.py install is deprecated -W ignore:easy_install command is deprecated setup.py egg_info --egg-base ../../../build/f1tenth_stack build --build-base /home/fabiocar/roboracer_ws/build/f1tenth_stack/build install --record /home/fabiocar/roboracer_ws/build/f1tenth_stack/install.log --install-scripts $base/lib/f1tenth_stack --single-version-externally-managed install_data
[29.582s] Level 1:colcon.colcon_core.environment:checking '/home/fabiocar/roboracer_ws/install/f1tenth_stack' for CMake module files
[29.583s] DEBUG:colcon.colcon_core.event_handler.log_command:Invoked command in '/home/fabiocar/roboracer_ws/src/f1tenth_system/f1tenth_stack' returned '0': PYTHONPATH=/home/fabiocar/roboracer_ws/build/f1tenth_stack/prefix_override:/usr/lib/python3/dist-packages/colcon_core/task/python/colcon_distutils_commands:/home/fabiocar/roboracer_ws/install/f1tenth_stack/lib/python3.10/site-packages:${PYTHONPATH} /usr/bin/python3 -W ignore:setup.py install is deprecated -W ignore:easy_install command is deprecated setup.py egg_info --egg-base ../../../build/f1tenth_stack build --build-base /home/fabiocar/roboracer_ws/build/f1tenth_stack/build install --record /home/fabiocar/roboracer_ws/build/f1tenth_stack/install.log --install-scripts $base/lib/f1tenth_stack --single-version-externally-managed install_data
[29.585s] Level 1:colcon.colcon_core.environment:checking '/home/fabiocar/roboracer_ws/install/f1tenth_stack' for CMake config files
[29.587s] Level 1:colcon.colcon_core.environment:checking '/home/fabiocar/roboracer_ws/install/f1tenth_stack/lib'
[29.588s] Level 1:colcon.colcon_core.environment:checking '/home/fabiocar/roboracer_ws/install/f1tenth_stack/bin'
[29.588s] Level 1:colcon.colcon_core.environment:checking '/home/fabiocar/roboracer_ws/install/f1tenth_stack/lib/pkgconfig/f1tenth_stack.pc'
[29.589s] Level 1:colcon.colcon_core.environment:checking '/home/fabiocar/roboracer_ws/install/f1tenth_stack/lib/python3.10/site-packages'
[29.589s] Level 1:colcon.colcon_core.shell:create_environment_hook('f1tenth_stack', 'pythonpath')
[29.590s] INFO:colcon.colcon_core.shell:Creating environment hook '/home/fabiocar/roboracer_ws/install/f1tenth_stack/share/f1tenth_stack/hook/pythonpath.ps1'
[29.592s] INFO:colcon.colcon_core.shell:Creating environment descriptor '/home/fabiocar/roboracer_ws/install/f1tenth_stack/share/f1tenth_stack/hook/pythonpath.dsv'
[29.593s] INFO:colcon.colcon_core.shell:Creating environment hook '/home/fabiocar/roboracer_ws/install/f1tenth_stack/share/f1tenth_stack/hook/pythonpath.sh'
[29.596s] Level 1:colcon.colcon_core.environment:checking '/home/fabiocar/roboracer_ws/install/f1tenth_stack/bin'
[29.596s] Level 1:colcon.colcon_core.environment:create_environment_scripts_only(f1tenth_stack)
[29.597s] INFO:colcon.colcon_core.shell:Creating package script '/home/fabiocar/roboracer_ws/install/f1tenth_stack/share/f1tenth_stack/package.ps1'
[29.599s] INFO:colcon.colcon_core.shell:Creating package descriptor '/home/fabiocar/roboracer_ws/install/f1tenth_stack/share/f1tenth_stack/package.dsv'
[29.601s] INFO:colcon.colcon_core.shell:Creating package script '/home/fabiocar/roboracer_ws/install/f1tenth_stack/share/f1tenth_stack/package.sh'
[29.603s] INFO:colcon.colcon_core.shell:Creating package script '/home/fabiocar/roboracer_ws/install/f1tenth_stack/share/f1tenth_stack/package.bash'
[29.604s] INFO:colcon.colcon_core.shell:Creating package script '/home/fabiocar/roboracer_ws/install/f1tenth_stack/share/f1tenth_stack/package.zsh'
[29.607s] Level 1:colcon.colcon_core.environment:create_file_with_runtime_dependencies(/home/fabiocar/roboracer_ws/install/f1tenth_stack/share/colcon-core/packages/f1tenth_stack)
[29.608s] DEBUG:colcon.colcon_parallel_executor.executor.parallel:closing loop
[29.609s] DEBUG:colcon.colcon_parallel_executor.executor.parallel:loop closed
[29.609s] DEBUG:colcon.colcon_parallel_executor.executor.parallel:run_until_complete finished with '0'
[29.610s] DEBUG:colcon.colcon_core.event_reactor:joining thread
[29.658s] INFO:colcon.colcon_core.plugin_system:Skipping extension 'colcon_notification.desktop_notification.terminal_notifier': Not used on non-Darwin systems
[29.659s] INFO:colcon.colcon_core.plugin_system:Skipping extension 'colcon_notification.desktop_notification.win32': Not used on non-Windows systems
[29.659s] INFO:colcon.colcon_notification.desktop_notification:Sending desktop notification using 'notify2'
[29.706s] DEBUG:colcon.colcon_core.event_reactor:joined thread
[29.707s] INFO:colcon.colcon_core.shell:Creating prefix script '/home/fabiocar/roboracer_ws/install/local_setup.ps1'
[29.712s] INFO:colcon.colcon_core.shell:Creating prefix util module '/home/fabiocar/roboracer_ws/install/_local_setup_util_ps1.py'
[29.718s] INFO:colcon.colcon_core.shell:Creating prefix chain script '/home/fabiocar/roboracer_ws/install/setup.ps1'
[29.724s] INFO:colcon.colcon_core.shell:Creating prefix script '/home/fabiocar/roboracer_ws/install/local_setup.sh'
[29.726s] INFO:colcon.colcon_core.shell:Creating prefix util module '/home/fabiocar/roboracer_ws/install/_local_setup_util_sh.py'
[29.728s] INFO:colcon.colcon_core.shell:Creating prefix chain script '/home/fabiocar/roboracer_ws/install/setup.sh'
[29.733s] INFO:colcon.colcon_core.shell:Creating prefix script '/home/fabiocar/roboracer_ws/install/local_setup.bash'
[29.736s] INFO:colcon.colcon_core.shell:Creating prefix chain script '/home/fabiocar/roboracer_ws/install/setup.bash'
[29.741s] INFO:colcon.colcon_core.shell:Creating prefix script '/home/fabiocar/roboracer_ws/install/local_setup.zsh'
[29.743s] INFO:colcon.colcon_core.shell:Creating prefix chain script '/home/fabiocar/roboracer_ws/install/setup.zsh'
