[0.488s] DEBUG:colcon:Command line arguments: ['/usr/bin/colcon', 'build', '--symlink-install']
[0.488s] DEBUG:colcon:Parsed command line arguments: Namespace(log_base=None, log_level=None, verb_name='build', build_base='build', install_base='install', merge_install=False, symlink_install=True, test_result_base=None, continue_on_error=False, executor='parallel', parallel_workers=12, event_handlers=None, ignore_user_meta=False, metas=['./colcon.meta'], base_paths=['.'], packages_ignore=None, packages_ignore_regex=None, paths=None, packages_up_to=None, packages_up_to_regex=None, packages_above=None, packages_above_and_dependencies=None, packages_above_depth=None, packages_select_by_dep=None, packages_skip_by_dep=None, packages_skip_up_to=None, packages_select_build_failed=False, packages_skip_build_finished=False, packages_select_test_failures=False, packages_skip_test_passed=False, packages_select=None, packages_skip=None, packages_select_regex=None, packages_skip_regex=None, packages_start=None, packages_end=None, allow_overriding=[], cmake_args=None, cmake_target=None, cmake_target_skip_unavailable=False, cmake_clean_cache=False, cmake_clean_first=False, cmake_force_configure=False, ament_cmake_args=None, catkin_cmake_args=None, catkin_skip_building_tests=False, verb_parser=<colcon_defaults.argument_parser.defaults.DefaultArgumentsDecorator object at 0xffff8f841cc0>, verb_extension=<colcon_core.verb.build.BuildVerb object at 0xffff8f8417b0>, main=<bound method BuildVerb.main of <colcon_core.verb.build.BuildVerb object at 0xffff8f8417b0>>)
[0.586s] Level 1:colcon.colcon_core.package_discovery:discover_packages(colcon_meta) check parameters
[0.587s] Level 1:colcon.colcon_core.package_discovery:discover_packages(recursive) check parameters
[0.587s] Level 1:colcon.colcon_core.package_discovery:discover_packages(ignore) check parameters
[0.587s] Level 1:colcon.colcon_core.package_discovery:discover_packages(path) check parameters
[0.587s] Level 1:colcon.colcon_core.package_discovery:discover_packages(colcon_meta) discover
[0.587s] Level 1:colcon.colcon_core.package_discovery:discover_packages(recursive) discover
[0.587s] INFO:colcon.colcon_core.package_discovery:Crawling recursively for packages in '/home/fabiocar/fabiocar'
[0.587s] Level 1:colcon.colcon_core.package_identification:_identify(.) by extensions ['ignore', 'ignore_ament_install']
[0.587s] Level 1:colcon.colcon_core.package_identification:_identify(.) by extension 'ignore'
[0.588s] Level 1:colcon.colcon_core.package_identification:_identify(.) by extension 'ignore_ament_install'
[0.588s] Level 1:colcon.colcon_core.package_identification:_identify(.) by extensions ['colcon_pkg']
[0.588s] Level 1:colcon.colcon_core.package_identification:_identify(.) by extension 'colcon_pkg'
[0.588s] Level 1:colcon.colcon_core.package_identification:_identify(.) by extensions ['colcon_meta']
[0.588s] Level 1:colcon.colcon_core.package_identification:_identify(.) by extension 'colcon_meta'
[0.588s] Level 1:colcon.colcon_core.package_identification:_identify(.) by extensions ['ros']
[0.588s] Level 1:colcon.colcon_core.package_identification:_identify(.) by extension 'ros'
[0.617s] Level 1:colcon.colcon_core.package_identification:_identify(.) by extensions ['cmake', 'python']
[0.617s] Level 1:colcon.colcon_core.package_identification:_identify(.) by extension 'cmake'
[0.617s] Level 1:colcon.colcon_core.package_identification:_identify(.) by extension 'python'
[0.617s] Level 1:colcon.colcon_core.package_identification:_identify(.) by extensions ['python_setup_py']
[0.618s] Level 1:colcon.colcon_core.package_identification:_identify(.) by extension 'python_setup_py'
[0.618s] Level 1:colcon.colcon_core.package_identification:_identify(build) by extensions ['ignore', 'ignore_ament_install']
[0.618s] Level 1:colcon.colcon_core.package_identification:_identify(build) by extension 'ignore'
[0.618s] Level 1:colcon.colcon_core.package_identification:_identify(build) ignored
[0.618s] Level 1:colcon.colcon_core.package_identification:_identify(install) by extensions ['ignore', 'ignore_ament_install']
[0.618s] Level 1:colcon.colcon_core.package_identification:_identify(install) by extension 'ignore'
[0.619s] Level 1:colcon.colcon_core.package_identification:_identify(install) ignored
[0.619s] Level 1:colcon.colcon_core.package_identification:_identify(log) by extensions ['ignore', 'ignore_ament_install']
[0.619s] Level 1:colcon.colcon_core.package_identification:_identify(log) by extension 'ignore'
[0.619s] Level 1:colcon.colcon_core.package_identification:_identify(log) ignored
[0.619s] Level 1:colcon.colcon_core.package_identification:_identify(src) by extensions ['ignore', 'ignore_ament_install']
[0.619s] Level 1:colcon.colcon_core.package_identification:_identify(src) by extension 'ignore'
[0.619s] Level 1:colcon.colcon_core.package_identification:_identify(src) by extension 'ignore_ament_install'
[0.619s] Level 1:colcon.colcon_core.package_identification:_identify(src) by extensions ['colcon_pkg']
[0.619s] Level 1:colcon.colcon_core.package_identification:_identify(src) by extension 'colcon_pkg'
[0.619s] Level 1:colcon.colcon_core.package_identification:_identify(src) by extensions ['colcon_meta']
[0.619s] Level 1:colcon.colcon_core.package_identification:_identify(src) by extension 'colcon_meta'
[0.620s] Level 1:colcon.colcon_core.package_identification:_identify(src) by extensions ['ros']
[0.620s] Level 1:colcon.colcon_core.package_identification:_identify(src) by extension 'ros'
[0.620s] Level 1:colcon.colcon_core.package_identification:_identify(src) by extensions ['cmake', 'python']
[0.620s] Level 1:colcon.colcon_core.package_identification:_identify(src) by extension 'cmake'
[0.620s] Level 1:colcon.colcon_core.package_identification:_identify(src) by extension 'python'
[0.620s] Level 1:colcon.colcon_core.package_identification:_identify(src) by extensions ['python_setup_py']
[0.620s] Level 1:colcon.colcon_core.package_identification:_identify(src) by extension 'python_setup_py'
[0.620s] Level 1:colcon.colcon_core.package_identification:_identify(src/f1tenth_system) by extensions ['ignore', 'ignore_ament_install']
[0.620s] Level 1:colcon.colcon_core.package_identification:_identify(src/f1tenth_system) by extension 'ignore'
[0.620s] Level 1:colcon.colcon_core.package_identification:_identify(src/f1tenth_system) by extension 'ignore_ament_install'
[0.620s] Level 1:colcon.colcon_core.package_identification:_identify(src/f1tenth_system) by extensions ['colcon_pkg']
[0.621s] Level 1:colcon.colcon_core.package_identification:_identify(src/f1tenth_system) by extension 'colcon_pkg'
[0.621s] Level 1:colcon.colcon_core.package_identification:_identify(src/f1tenth_system) by extensions ['colcon_meta']
[0.621s] Level 1:colcon.colcon_core.package_identification:_identify(src/f1tenth_system) by extension 'colcon_meta'
[0.621s] Level 1:colcon.colcon_core.package_identification:_identify(src/f1tenth_system) by extensions ['ros']
[0.621s] Level 1:colcon.colcon_core.package_identification:_identify(src/f1tenth_system) by extension 'ros'
[0.621s] Level 1:colcon.colcon_core.package_identification:_identify(src/f1tenth_system) by extensions ['cmake', 'python']
[0.621s] Level 1:colcon.colcon_core.package_identification:_identify(src/f1tenth_system) by extension 'cmake'
[0.621s] Level 1:colcon.colcon_core.package_identification:_identify(src/f1tenth_system) by extension 'python'
[0.621s] Level 1:colcon.colcon_core.package_identification:_identify(src/f1tenth_system) by extensions ['python_setup_py']
[0.621s] Level 1:colcon.colcon_core.package_identification:_identify(src/f1tenth_system) by extension 'python_setup_py'
[0.621s] Level 1:colcon.colcon_core.package_identification:_identify(src/f1tenth_system/ackermann_mux) by extensions ['ignore', 'ignore_ament_install']
[0.621s] Level 1:colcon.colcon_core.package_identification:_identify(src/f1tenth_system/ackermann_mux) by extension 'ignore'
[0.622s] Level 1:colcon.colcon_core.package_identification:_identify(src/f1tenth_system/ackermann_mux) by extension 'ignore_ament_install'
[0.622s] Level 1:colcon.colcon_core.package_identification:_identify(src/f1tenth_system/ackermann_mux) by extensions ['colcon_pkg']
[0.622s] Level 1:colcon.colcon_core.package_identification:_identify(src/f1tenth_system/ackermann_mux) by extension 'colcon_pkg'
[0.622s] Level 1:colcon.colcon_core.package_identification:_identify(src/f1tenth_system/ackermann_mux) by extensions ['colcon_meta']
[0.622s] Level 1:colcon.colcon_core.package_identification:_identify(src/f1tenth_system/ackermann_mux) by extension 'colcon_meta'
[0.622s] Level 1:colcon.colcon_core.package_identification:_identify(src/f1tenth_system/ackermann_mux) by extensions ['ros']
[0.622s] Level 1:colcon.colcon_core.package_identification:_identify(src/f1tenth_system/ackermann_mux) by extension 'ros'
[0.627s] DEBUG:colcon.colcon_core.package_identification:Package 'src/f1tenth_system/ackermann_mux' with type 'ros.ament_cmake' and name 'ackermann_mux'
[0.627s] Level 1:colcon.colcon_core.package_identification:_identify(src/f1tenth_system/f1tenth_stack) by extensions ['ignore', 'ignore_ament_install']
[0.627s] Level 1:colcon.colcon_core.package_identification:_identify(src/f1tenth_system/f1tenth_stack) by extension 'ignore'
[0.628s] Level 1:colcon.colcon_core.package_identification:_identify(src/f1tenth_system/f1tenth_stack) by extension 'ignore_ament_install'
[0.628s] Level 1:colcon.colcon_core.package_identification:_identify(src/f1tenth_system/f1tenth_stack) by extensions ['colcon_pkg']
[0.628s] Level 1:colcon.colcon_core.package_identification:_identify(src/f1tenth_system/f1tenth_stack) by extension 'colcon_pkg'
[0.628s] Level 1:colcon.colcon_core.package_identification:_identify(src/f1tenth_system/f1tenth_stack) by extensions ['colcon_meta']
[0.628s] Level 1:colcon.colcon_core.package_identification:_identify(src/f1tenth_system/f1tenth_stack) by extension 'colcon_meta'
[0.628s] Level 1:colcon.colcon_core.package_identification:_identify(src/f1tenth_system/f1tenth_stack) by extensions ['ros']
[0.628s] Level 1:colcon.colcon_core.package_identification:_identify(src/f1tenth_system/f1tenth_stack) by extension 'ros'
[0.629s] DEBUG:colcon.colcon_core.package_identification:Package 'src/f1tenth_system/f1tenth_stack' with type 'ros.ament_python' and name 'f1tenth_stack'
[0.630s] Level 1:colcon.colcon_core.package_identification:_identify(src/f1tenth_system/llm_mpc_tuner) by extensions ['ignore', 'ignore_ament_install']
[0.630s] Level 1:colcon.colcon_core.package_identification:_identify(src/f1tenth_system/llm_mpc_tuner) by extension 'ignore'
[0.630s] Level 1:colcon.colcon_core.package_identification:_identify(src/f1tenth_system/llm_mpc_tuner) by extension 'ignore_ament_install'
[0.630s] Level 1:colcon.colcon_core.package_identification:_identify(src/f1tenth_system/llm_mpc_tuner) by extensions ['colcon_pkg']
[0.630s] Level 1:colcon.colcon_core.package_identification:_identify(src/f1tenth_system/llm_mpc_tuner) by extension 'colcon_pkg'
[0.630s] Level 1:colcon.colcon_core.package_identification:_identify(src/f1tenth_system/llm_mpc_tuner) by extensions ['colcon_meta']
[0.630s] Level 1:colcon.colcon_core.package_identification:_identify(src/f1tenth_system/llm_mpc_tuner) by extension 'colcon_meta'
[0.630s] Level 1:colcon.colcon_core.package_identification:_identify(src/f1tenth_system/llm_mpc_tuner) by extensions ['ros']
[0.630s] Level 1:colcon.colcon_core.package_identification:_identify(src/f1tenth_system/llm_mpc_tuner) by extension 'ros'
[0.631s] DEBUG:colcon.colcon_core.package_identification:Package 'src/f1tenth_system/llm_mpc_tuner' with type 'ros.ament_python' and name 'llm_mpc_tuner'
[0.632s] Level 1:colcon.colcon_core.package_identification:_identify(src/f1tenth_system/mpc_controller) by extensions ['ignore', 'ignore_ament_install']
[0.632s] Level 1:colcon.colcon_core.package_identification:_identify(src/f1tenth_system/mpc_controller) by extension 'ignore'
[0.632s] Level 1:colcon.colcon_core.package_identification:_identify(src/f1tenth_system/mpc_controller) by extension 'ignore_ament_install'
[0.632s] Level 1:colcon.colcon_core.package_identification:_identify(src/f1tenth_system/mpc_controller) by extensions ['colcon_pkg']
[0.632s] Level 1:colcon.colcon_core.package_identification:_identify(src/f1tenth_system/mpc_controller) by extension 'colcon_pkg'
[0.632s] Level 1:colcon.colcon_core.package_identification:_identify(src/f1tenth_system/mpc_controller) by extensions ['colcon_meta']
[0.632s] Level 1:colcon.colcon_core.package_identification:_identify(src/f1tenth_system/mpc_controller) by extension 'colcon_meta'
[0.632s] Level 1:colcon.colcon_core.package_identification:_identify(src/f1tenth_system/mpc_controller) by extensions ['ros']
[0.632s] Level 1:colcon.colcon_core.package_identification:_identify(src/f1tenth_system/mpc_controller) by extension 'ros'
[0.634s] DEBUG:colcon.colcon_core.package_identification:Package 'src/f1tenth_system/mpc_controller' with type 'ros.ament_python' and name 'mpc_controller'
[0.634s] Level 1:colcon.colcon_core.package_identification:_identify(src/f1tenth_system/scripts) by extensions ['ignore', 'ignore_ament_install']
[0.634s] Level 1:colcon.colcon_core.package_identification:_identify(src/f1tenth_system/scripts) by extension 'ignore'
[0.634s] Level 1:colcon.colcon_core.package_identification:_identify(src/f1tenth_system/scripts) by extension 'ignore_ament_install'
[0.634s] Level 1:colcon.colcon_core.package_identification:_identify(src/f1tenth_system/scripts) by extensions ['colcon_pkg']
[0.634s] Level 1:colcon.colcon_core.package_identification:_identify(src/f1tenth_system/scripts) by extension 'colcon_pkg'
[0.634s] Level 1:colcon.colcon_core.package_identification:_identify(src/f1tenth_system/scripts) by extensions ['colcon_meta']
[0.634s] Level 1:colcon.colcon_core.package_identification:_identify(src/f1tenth_system/scripts) by extension 'colcon_meta'
[0.634s] Level 1:colcon.colcon_core.package_identification:_identify(src/f1tenth_system/scripts) by extensions ['ros']
[0.634s] Level 1:colcon.colcon_core.package_identification:_identify(src/f1tenth_system/scripts) by extension 'ros'
[0.635s] Level 1:colcon.colcon_core.package_identification:_identify(src/f1tenth_system/scripts) by extensions ['cmake', 'python']
[0.635s] Level 1:colcon.colcon_core.package_identification:_identify(src/f1tenth_system/scripts) by extension 'cmake'
[0.635s] Level 1:colcon.colcon_core.package_identification:_identify(src/f1tenth_system/scripts) by extension 'python'
[0.635s] Level 1:colcon.colcon_core.package_identification:_identify(src/f1tenth_system/scripts) by extensions ['python_setup_py']
[0.635s] Level 1:colcon.colcon_core.package_identification:_identify(src/f1tenth_system/scripts) by extension 'python_setup_py'
[0.635s] Level 1:colcon.colcon_core.package_identification:_identify(src/f1tenth_system/vesc) by extensions ['ignore', 'ignore_ament_install']
[0.635s] Level 1:colcon.colcon_core.package_identification:_identify(src/f1tenth_system/vesc) by extension 'ignore'
[0.635s] Level 1:colcon.colcon_core.package_identification:_identify(src/f1tenth_system/vesc) by extension 'ignore_ament_install'
[0.635s] Level 1:colcon.colcon_core.package_identification:_identify(src/f1tenth_system/vesc) by extensions ['colcon_pkg']
[0.635s] Level 1:colcon.colcon_core.package_identification:_identify(src/f1tenth_system/vesc) by extension 'colcon_pkg'
[0.635s] Level 1:colcon.colcon_core.package_identification:_identify(src/f1tenth_system/vesc) by extensions ['colcon_meta']
[0.635s] Level 1:colcon.colcon_core.package_identification:_identify(src/f1tenth_system/vesc) by extension 'colcon_meta'
[0.636s] Level 1:colcon.colcon_core.package_identification:_identify(src/f1tenth_system/vesc) by extensions ['ros']
[0.636s] Level 1:colcon.colcon_core.package_identification:_identify(src/f1tenth_system/vesc) by extension 'ros'
[0.636s] Level 1:colcon.colcon_core.package_identification:_identify(src/f1tenth_system/vesc) by extensions ['cmake', 'python']
[0.636s] Level 1:colcon.colcon_core.package_identification:_identify(src/f1tenth_system/vesc) by extension 'cmake'
[0.636s] Level 1:colcon.colcon_core.package_identification:_identify(src/f1tenth_system/vesc) by extension 'python'
[0.636s] Level 1:colcon.colcon_core.package_identification:_identify(src/f1tenth_system/vesc) by extensions ['python_setup_py']
[0.636s] Level 1:colcon.colcon_core.package_identification:_identify(src/f1tenth_system/vesc) by extension 'python_setup_py'
[0.636s] Level 1:colcon.colcon_core.package_identification:_identify(src/f1tenth_system/vesc/vesc) by extensions ['ignore', 'ignore_ament_install']
[0.636s] Level 1:colcon.colcon_core.package_identification:_identify(src/f1tenth_system/vesc/vesc) by extension 'ignore'
[0.636s] Level 1:colcon.colcon_core.package_identification:_identify(src/f1tenth_system/vesc/vesc) by extension 'ignore_ament_install'
[0.636s] Level 1:colcon.colcon_core.package_identification:_identify(src/f1tenth_system/vesc/vesc) by extensions ['colcon_pkg']
[0.637s] Level 1:colcon.colcon_core.package_identification:_identify(src/f1tenth_system/vesc/vesc) by extension 'colcon_pkg'
[0.637s] Level 1:colcon.colcon_core.package_identification:_identify(src/f1tenth_system/vesc/vesc) by extensions ['colcon_meta']
[0.637s] Level 1:colcon.colcon_core.package_identification:_identify(src/f1tenth_system/vesc/vesc) by extension 'colcon_meta'
[0.637s] Level 1:colcon.colcon_core.package_identification:_identify(src/f1tenth_system/vesc/vesc) by extensions ['ros']
[0.637s] Level 1:colcon.colcon_core.package_identification:_identify(src/f1tenth_system/vesc/vesc) by extension 'ros'
[0.638s] DEBUG:colcon.colcon_core.package_identification:Package 'src/f1tenth_system/vesc/vesc' with type 'ros.ament_cmake' and name 'vesc'
[0.638s] Level 1:colcon.colcon_core.package_identification:_identify(src/f1tenth_system/vesc/vesc_ackermann) by extensions ['ignore', 'ignore_ament_install']
[0.638s] Level 1:colcon.colcon_core.package_identification:_identify(src/f1tenth_system/vesc/vesc_ackermann) by extension 'ignore'
[0.638s] Level 1:colcon.colcon_core.package_identification:_identify(src/f1tenth_system/vesc/vesc_ackermann) by extension 'ignore_ament_install'
[0.638s] Level 1:colcon.colcon_core.package_identification:_identify(src/f1tenth_system/vesc/vesc_ackermann) by extensions ['colcon_pkg']
[0.638s] Level 1:colcon.colcon_core.package_identification:_identify(src/f1tenth_system/vesc/vesc_ackermann) by extension 'colcon_pkg'
[0.638s] Level 1:colcon.colcon_core.package_identification:_identify(src/f1tenth_system/vesc/vesc_ackermann) by extensions ['colcon_meta']
[0.638s] Level 1:colcon.colcon_core.package_identification:_identify(src/f1tenth_system/vesc/vesc_ackermann) by extension 'colcon_meta'
[0.638s] Level 1:colcon.colcon_core.package_identification:_identify(src/f1tenth_system/vesc/vesc_ackermann) by extensions ['ros']
[0.638s] Level 1:colcon.colcon_core.package_identification:_identify(src/f1tenth_system/vesc/vesc_ackermann) by extension 'ros'
[0.640s] DEBUG:colcon.colcon_core.package_identification:Package 'src/f1tenth_system/vesc/vesc_ackermann' with type 'ros.ament_cmake' and name 'vesc_ackermann'
[0.640s] Level 1:colcon.colcon_core.package_identification:_identify(src/f1tenth_system/vesc/vesc_driver) by extensions ['ignore', 'ignore_ament_install']
[0.640s] Level 1:colcon.colcon_core.package_identification:_identify(src/f1tenth_system/vesc/vesc_driver) by extension 'ignore'
[0.640s] Level 1:colcon.colcon_core.package_identification:_identify(src/f1tenth_system/vesc/vesc_driver) by extension 'ignore_ament_install'
[0.640s] Level 1:colcon.colcon_core.package_identification:_identify(src/f1tenth_system/vesc/vesc_driver) by extensions ['colcon_pkg']
[0.640s] Level 1:colcon.colcon_core.package_identification:_identify(src/f1tenth_system/vesc/vesc_driver) by extension 'colcon_pkg'
[0.640s] Level 1:colcon.colcon_core.package_identification:_identify(src/f1tenth_system/vesc/vesc_driver) by extensions ['colcon_meta']
[0.640s] Level 1:colcon.colcon_core.package_identification:_identify(src/f1tenth_system/vesc/vesc_driver) by extension 'colcon_meta'
[0.641s] Level 1:colcon.colcon_core.package_identification:_identify(src/f1tenth_system/vesc/vesc_driver) by extensions ['ros']
[0.641s] Level 1:colcon.colcon_core.package_identification:_identify(src/f1tenth_system/vesc/vesc_driver) by extension 'ros'
[0.642s] DEBUG:colcon.colcon_core.package_identification:Package 'src/f1tenth_system/vesc/vesc_driver' with type 'ros.ament_cmake' and name 'vesc_driver'
[0.642s] Level 1:colcon.colcon_core.package_identification:_identify(src/f1tenth_system/vesc/vesc_msgs) by extensions ['ignore', 'ignore_ament_install']
[0.642s] Level 1:colcon.colcon_core.package_identification:_identify(src/f1tenth_system/vesc/vesc_msgs) by extension 'ignore'
[0.642s] Level 1:colcon.colcon_core.package_identification:_identify(src/f1tenth_system/vesc/vesc_msgs) by extension 'ignore_ament_install'
[0.642s] Level 1:colcon.colcon_core.package_identification:_identify(src/f1tenth_system/vesc/vesc_msgs) by extensions ['colcon_pkg']
[0.643s] Level 1:colcon.colcon_core.package_identification:_identify(src/f1tenth_system/vesc/vesc_msgs) by extension 'colcon_pkg'
[0.643s] Level 1:colcon.colcon_core.package_identification:_identify(src/f1tenth_system/vesc/vesc_msgs) by extensions ['colcon_meta']
[0.643s] Level 1:colcon.colcon_core.package_identification:_identify(src/f1tenth_system/vesc/vesc_msgs) by extension 'colcon_meta'
[0.643s] Level 1:colcon.colcon_core.package_identification:_identify(src/f1tenth_system/vesc/vesc_msgs) by extensions ['ros']
[0.643s] Level 1:colcon.colcon_core.package_identification:_identify(src/f1tenth_system/vesc/vesc_msgs) by extension 'ros'
[0.644s] DEBUG:colcon.colcon_core.package_identification:Package 'src/f1tenth_system/vesc/vesc_msgs' with type 'ros.ament_cmake' and name 'vesc_msgs'
[0.644s] Level 1:colcon.colcon_core.package_discovery:discover_packages(recursive) using defaults
[0.644s] Level 1:colcon.colcon_core.package_discovery:discover_packages(ignore) discover
[0.644s] Level 1:colcon.colcon_core.package_discovery:discover_packages(ignore) using defaults
[0.644s] Level 1:colcon.colcon_core.package_discovery:discover_packages(path) discover
[0.644s] Level 1:colcon.colcon_core.package_discovery:discover_packages(path) using defaults
[0.693s] Level 1:colcon.colcon_core.package_discovery:discover_packages(prefix_path) check parameters
[0.693s] Level 1:colcon.colcon_core.package_discovery:discover_packages(prefix_path) discover
[0.699s] DEBUG:colcon.colcon_installed_package_information.package_discovery:Found 8 installed packages in /home/fabiocar/roboracer_ws/install
[0.701s] DEBUG:colcon.colcon_installed_package_information.package_discovery:Found 302 installed packages in /opt/ros/humble
[0.703s] Level 1:colcon.colcon_core.package_discovery:discover_packages(prefix_path) using defaults
[0.766s] Level 5:colcon.colcon_core.verb:set package 'ackermann_mux' build argument 'cmake_args' from command line to 'None'
[0.766s] Level 5:colcon.colcon_core.verb:set package 'ackermann_mux' build argument 'cmake_target' from command line to 'None'
[0.766s] Level 5:colcon.colcon_core.verb:set package 'ackermann_mux' build argument 'cmake_target_skip_unavailable' from command line to 'False'
[0.766s] Level 5:colcon.colcon_core.verb:set package 'ackermann_mux' build argument 'cmake_clean_cache' from command line to 'False'
[0.766s] Level 5:colcon.colcon_core.verb:set package 'ackermann_mux' build argument 'cmake_clean_first' from command line to 'False'
[0.766s] Level 5:colcon.colcon_core.verb:set package 'ackermann_mux' build argument 'cmake_force_configure' from command line to 'False'
[0.766s] Level 5:colcon.colcon_core.verb:set package 'ackermann_mux' build argument 'ament_cmake_args' from command line to 'None'
[0.767s] Level 5:colcon.colcon_core.verb:set package 'ackermann_mux' build argument 'catkin_cmake_args' from command line to 'None'
[0.767s] Level 5:colcon.colcon_core.verb:set package 'ackermann_mux' build argument 'catkin_skip_building_tests' from command line to 'False'
[0.767s] DEBUG:colcon.colcon_core.verb:Building package 'ackermann_mux' with the following arguments: {'ament_cmake_args': None, 'build_base': '/home/fabiocar/fabiocar/build/ackermann_mux', 'catkin_cmake_args': None, 'catkin_skip_building_tests': False, 'cmake_args': None, 'cmake_clean_cache': False, 'cmake_clean_first': False, 'cmake_force_configure': False, 'cmake_target': None, 'cmake_target_skip_unavailable': False, 'install_base': '/home/fabiocar/fabiocar/install/ackermann_mux', 'merge_install': False, 'path': '/home/fabiocar/fabiocar/src/f1tenth_system/ackermann_mux', 'symlink_install': True, 'test_result_base': None}
[0.767s] Level 5:colcon.colcon_core.verb:set package 'llm_mpc_tuner' build argument 'cmake_args' from command line to 'None'
[0.767s] Level 5:colcon.colcon_core.verb:set package 'llm_mpc_tuner' build argument 'cmake_target' from command line to 'None'
[0.767s] Level 5:colcon.colcon_core.verb:set package 'llm_mpc_tuner' build argument 'cmake_target_skip_unavailable' from command line to 'False'
[0.767s] Level 5:colcon.colcon_core.verb:set package 'llm_mpc_tuner' build argument 'cmake_clean_cache' from command line to 'False'
[0.767s] Level 5:colcon.colcon_core.verb:set package 'llm_mpc_tuner' build argument 'cmake_clean_first' from command line to 'False'
[0.767s] Level 5:colcon.colcon_core.verb:set package 'llm_mpc_tuner' build argument 'cmake_force_configure' from command line to 'False'
[0.767s] Level 5:colcon.colcon_core.verb:set package 'llm_mpc_tuner' build argument 'ament_cmake_args' from command line to 'None'
[0.767s] Level 5:colcon.colcon_core.verb:set package 'llm_mpc_tuner' build argument 'catkin_cmake_args' from command line to 'None'
[0.767s] Level 5:colcon.colcon_core.verb:set package 'llm_mpc_tuner' build argument 'catkin_skip_building_tests' from command line to 'False'
[0.768s] DEBUG:colcon.colcon_core.verb:Building package 'llm_mpc_tuner' with the following arguments: {'ament_cmake_args': None, 'build_base': '/home/fabiocar/fabiocar/build/llm_mpc_tuner', 'catkin_cmake_args': None, 'catkin_skip_building_tests': False, 'cmake_args': None, 'cmake_clean_cache': False, 'cmake_clean_first': False, 'cmake_force_configure': False, 'cmake_target': None, 'cmake_target_skip_unavailable': False, 'install_base': '/home/fabiocar/fabiocar/install/llm_mpc_tuner', 'merge_install': False, 'path': '/home/fabiocar/fabiocar/src/f1tenth_system/llm_mpc_tuner', 'symlink_install': True, 'test_result_base': None}
[0.768s] Level 5:colcon.colcon_core.verb:set package 'mpc_controller' build argument 'cmake_args' from command line to 'None'
[0.768s] Level 5:colcon.colcon_core.verb:set package 'mpc_controller' build argument 'cmake_target' from command line to 'None'
[0.768s] Level 5:colcon.colcon_core.verb:set package 'mpc_controller' build argument 'cmake_target_skip_unavailable' from command line to 'False'
[0.768s] Level 5:colcon.colcon_core.verb:set package 'mpc_controller' build argument 'cmake_clean_cache' from command line to 'False'
[0.768s] Level 5:colcon.colcon_core.verb:set package 'mpc_controller' build argument 'cmake_clean_first' from command line to 'False'
[0.768s] Level 5:colcon.colcon_core.verb:set package 'mpc_controller' build argument 'cmake_force_configure' from command line to 'False'
[0.768s] Level 5:colcon.colcon_core.verb:set package 'mpc_controller' build argument 'ament_cmake_args' from command line to 'None'
[0.768s] Level 5:colcon.colcon_core.verb:set package 'mpc_controller' build argument 'catkin_cmake_args' from command line to 'None'
[0.768s] Level 5:colcon.colcon_core.verb:set package 'mpc_controller' build argument 'catkin_skip_building_tests' from command line to 'False'
[0.768s] DEBUG:colcon.colcon_core.verb:Building package 'mpc_controller' with the following arguments: {'ament_cmake_args': None, 'build_base': '/home/fabiocar/fabiocar/build/mpc_controller', 'catkin_cmake_args': None, 'catkin_skip_building_tests': False, 'cmake_args': None, 'cmake_clean_cache': False, 'cmake_clean_first': False, 'cmake_force_configure': False, 'cmake_target': None, 'cmake_target_skip_unavailable': False, 'install_base': '/home/fabiocar/fabiocar/install/mpc_controller', 'merge_install': False, 'path': '/home/fabiocar/fabiocar/src/f1tenth_system/mpc_controller', 'symlink_install': True, 'test_result_base': None}
[0.769s] Level 5:colcon.colcon_core.verb:set package 'vesc_msgs' build argument 'cmake_args' from command line to 'None'
[0.769s] Level 5:colcon.colcon_core.verb:set package 'vesc_msgs' build argument 'cmake_target' from command line to 'None'
[0.769s] Level 5:colcon.colcon_core.verb:set package 'vesc_msgs' build argument 'cmake_target_skip_unavailable' from command line to 'False'
[0.769s] Level 5:colcon.colcon_core.verb:set package 'vesc_msgs' build argument 'cmake_clean_cache' from command line to 'False'
[0.769s] Level 5:colcon.colcon_core.verb:set package 'vesc_msgs' build argument 'cmake_clean_first' from command line to 'False'
[0.769s] Level 5:colcon.colcon_core.verb:set package 'vesc_msgs' build argument 'cmake_force_configure' from command line to 'False'
[0.769s] Level 5:colcon.colcon_core.verb:set package 'vesc_msgs' build argument 'ament_cmake_args' from command line to 'None'
[0.769s] Level 5:colcon.colcon_core.verb:set package 'vesc_msgs' build argument 'catkin_cmake_args' from command line to 'None'
[0.769s] Level 5:colcon.colcon_core.verb:set package 'vesc_msgs' build argument 'catkin_skip_building_tests' from command line to 'False'
[0.769s] DEBUG:colcon.colcon_core.verb:Building package 'vesc_msgs' with the following arguments: {'ament_cmake_args': None, 'build_base': '/home/fabiocar/fabiocar/build/vesc_msgs', 'catkin_cmake_args': None, 'catkin_skip_building_tests': False, 'cmake_args': None, 'cmake_clean_cache': False, 'cmake_clean_first': False, 'cmake_force_configure': False, 'cmake_target': None, 'cmake_target_skip_unavailable': False, 'install_base': '/home/fabiocar/fabiocar/install/vesc_msgs', 'merge_install': False, 'path': '/home/fabiocar/fabiocar/src/f1tenth_system/vesc/vesc_msgs', 'symlink_install': True, 'test_result_base': None}
[0.770s] Level 5:colcon.colcon_core.verb:set package 'vesc_ackermann' build argument 'cmake_args' from command line to 'None'
[0.770s] Level 5:colcon.colcon_core.verb:set package 'vesc_ackermann' build argument 'cmake_target' from command line to 'None'
[0.770s] Level 5:colcon.colcon_core.verb:set package 'vesc_ackermann' build argument 'cmake_target_skip_unavailable' from command line to 'False'
[0.770s] Level 5:colcon.colcon_core.verb:set package 'vesc_ackermann' build argument 'cmake_clean_cache' from command line to 'False'
[0.770s] Level 5:colcon.colcon_core.verb:set package 'vesc_ackermann' build argument 'cmake_clean_first' from command line to 'False'
[0.770s] Level 5:colcon.colcon_core.verb:set package 'vesc_ackermann' build argument 'cmake_force_configure' from command line to 'False'
[0.770s] Level 5:colcon.colcon_core.verb:set package 'vesc_ackermann' build argument 'ament_cmake_args' from command line to 'None'
[0.770s] Level 5:colcon.colcon_core.verb:set package 'vesc_ackermann' build argument 'catkin_cmake_args' from command line to 'None'
[0.770s] Level 5:colcon.colcon_core.verb:set package 'vesc_ackermann' build argument 'catkin_skip_building_tests' from command line to 'False'
[0.770s] DEBUG:colcon.colcon_core.verb:Building package 'vesc_ackermann' with the following arguments: {'ament_cmake_args': None, 'build_base': '/home/fabiocar/fabiocar/build/vesc_ackermann', 'catkin_cmake_args': None, 'catkin_skip_building_tests': False, 'cmake_args': None, 'cmake_clean_cache': False, 'cmake_clean_first': False, 'cmake_force_configure': False, 'cmake_target': None, 'cmake_target_skip_unavailable': False, 'install_base': '/home/fabiocar/fabiocar/install/vesc_ackermann', 'merge_install': False, 'path': '/home/fabiocar/fabiocar/src/f1tenth_system/vesc/vesc_ackermann', 'symlink_install': True, 'test_result_base': None}
[0.770s] Level 5:colcon.colcon_core.verb:set package 'vesc_driver' build argument 'cmake_args' from command line to 'None'
[0.770s] Level 5:colcon.colcon_core.verb:set package 'vesc_driver' build argument 'cmake_target' from command line to 'None'
[0.770s] Level 5:colcon.colcon_core.verb:set package 'vesc_driver' build argument 'cmake_target_skip_unavailable' from command line to 'False'
[0.770s] Level 5:colcon.colcon_core.verb:set package 'vesc_driver' build argument 'cmake_clean_cache' from command line to 'False'
[0.771s] Level 5:colcon.colcon_core.verb:set package 'vesc_driver' build argument 'cmake_clean_first' from command line to 'False'
[0.771s] Level 5:colcon.colcon_core.verb:set package 'vesc_driver' build argument 'cmake_force_configure' from command line to 'False'
[0.771s] Level 5:colcon.colcon_core.verb:set package 'vesc_driver' build argument 'ament_cmake_args' from command line to 'None'
[0.771s] Level 5:colcon.colcon_core.verb:set package 'vesc_driver' build argument 'catkin_cmake_args' from command line to 'None'
[0.771s] Level 5:colcon.colcon_core.verb:set package 'vesc_driver' build argument 'catkin_skip_building_tests' from command line to 'False'
[0.771s] DEBUG:colcon.colcon_core.verb:Building package 'vesc_driver' with the following arguments: {'ament_cmake_args': None, 'build_base': '/home/fabiocar/fabiocar/build/vesc_driver', 'catkin_cmake_args': None, 'catkin_skip_building_tests': False, 'cmake_args': None, 'cmake_clean_cache': False, 'cmake_clean_first': False, 'cmake_force_configure': False, 'cmake_target': None, 'cmake_target_skip_unavailable': False, 'install_base': '/home/fabiocar/fabiocar/install/vesc_driver', 'merge_install': False, 'path': '/home/fabiocar/fabiocar/src/f1tenth_system/vesc/vesc_driver', 'symlink_install': True, 'test_result_base': None}
[0.771s] Level 5:colcon.colcon_core.verb:set package 'vesc' build argument 'cmake_args' from command line to 'None'
[0.771s] Level 5:colcon.colcon_core.verb:set package 'vesc' build argument 'cmake_target' from command line to 'None'
[0.771s] Level 5:colcon.colcon_core.verb:set package 'vesc' build argument 'cmake_target_skip_unavailable' from command line to 'False'
[0.771s] Level 5:colcon.colcon_core.verb:set package 'vesc' build argument 'cmake_clean_cache' from command line to 'False'
[0.771s] Level 5:colcon.colcon_core.verb:set package 'vesc' build argument 'cmake_clean_first' from command line to 'False'
[0.771s] Level 5:colcon.colcon_core.verb:set package 'vesc' build argument 'cmake_force_configure' from command line to 'False'
[0.771s] Level 5:colcon.colcon_core.verb:set package 'vesc' build argument 'ament_cmake_args' from command line to 'None'
[0.771s] Level 5:colcon.colcon_core.verb:set package 'vesc' build argument 'catkin_cmake_args' from command line to 'None'
[0.771s] Level 5:colcon.colcon_core.verb:set package 'vesc' build argument 'catkin_skip_building_tests' from command line to 'False'
[0.772s] DEBUG:colcon.colcon_core.verb:Building package 'vesc' with the following arguments: {'ament_cmake_args': None, 'build_base': '/home/fabiocar/fabiocar/build/vesc', 'catkin_cmake_args': None, 'catkin_skip_building_tests': False, 'cmake_args': None, 'cmake_clean_cache': False, 'cmake_clean_first': False, 'cmake_force_configure': False, 'cmake_target': None, 'cmake_target_skip_unavailable': False, 'install_base': '/home/fabiocar/fabiocar/install/vesc', 'merge_install': False, 'path': '/home/fabiocar/fabiocar/src/f1tenth_system/vesc/vesc', 'symlink_install': True, 'test_result_base': None}
[0.772s] Level 5:colcon.colcon_core.verb:set package 'f1tenth_stack' build argument 'cmake_args' from command line to 'None'
[0.772s] Level 5:colcon.colcon_core.verb:set package 'f1tenth_stack' build argument 'cmake_target' from command line to 'None'
[0.772s] Level 5:colcon.colcon_core.verb:set package 'f1tenth_stack' build argument 'cmake_target_skip_unavailable' from command line to 'False'
[0.772s] Level 5:colcon.colcon_core.verb:set package 'f1tenth_stack' build argument 'cmake_clean_cache' from command line to 'False'
[0.772s] Level 5:colcon.colcon_core.verb:set package 'f1tenth_stack' build argument 'cmake_clean_first' from command line to 'False'
[0.772s] Level 5:colcon.colcon_core.verb:set package 'f1tenth_stack' build argument 'cmake_force_configure' from command line to 'False'
[0.772s] Level 5:colcon.colcon_core.verb:set package 'f1tenth_stack' build argument 'ament_cmake_args' from command line to 'None'
[0.772s] Level 5:colcon.colcon_core.verb:set package 'f1tenth_stack' build argument 'catkin_cmake_args' from command line to 'None'
[0.772s] Level 5:colcon.colcon_core.verb:set package 'f1tenth_stack' build argument 'catkin_skip_building_tests' from command line to 'False'
[0.772s] DEBUG:colcon.colcon_core.verb:Building package 'f1tenth_stack' with the following arguments: {'ament_cmake_args': None, 'build_base': '/home/fabiocar/fabiocar/build/f1tenth_stack', 'catkin_cmake_args': None, 'catkin_skip_building_tests': False, 'cmake_args': None, 'cmake_clean_cache': False, 'cmake_clean_first': False, 'cmake_force_configure': False, 'cmake_target': None, 'cmake_target_skip_unavailable': False, 'install_base': '/home/fabiocar/fabiocar/install/f1tenth_stack', 'merge_install': False, 'path': '/home/fabiocar/fabiocar/src/f1tenth_system/f1tenth_stack', 'symlink_install': True, 'test_result_base': None}
[0.772s] INFO:colcon.colcon_core.executor:Executing jobs using 'parallel' executor
[0.774s] DEBUG:colcon.colcon_parallel_executor.executor.parallel:run_until_complete
[0.775s] INFO:colcon.colcon_ros.task.ament_cmake.build:Building ROS package in '/home/fabiocar/fabiocar/src/f1tenth_system/vesc/vesc_msgs' with build type 'ament_cmake'
[0.775s] INFO:colcon.colcon_cmake.task.cmake.build:Building CMake package in '/home/fabiocar/fabiocar/src/f1tenth_system/vesc/vesc_msgs'
[0.784s] INFO:colcon.colcon_core.plugin_system:Skipping extension 'colcon_core.shell.bat': Not used on non-Windows systems
[0.785s] INFO:colcon.colcon_core.shell:Skip shell extension 'powershell' for command environment: Not usable outside of PowerShell
[0.785s] DEBUG:colcon.colcon_core.shell:Skip shell extension 'dsv' for command environment
[0.790s] INFO:colcon.colcon_ros.task.ament_cmake.build:Building ROS package in '/home/fabiocar/fabiocar/src/f1tenth_system/ackermann_mux' with build type 'ament_cmake'
[0.791s] INFO:colcon.colcon_cmake.task.cmake.build:Building CMake package in '/home/fabiocar/fabiocar/src/f1tenth_system/ackermann_mux'
[0.791s] INFO:colcon.colcon_core.shell:Skip shell extension 'powershell' for command environment: Not usable outside of PowerShell
[0.791s] DEBUG:colcon.colcon_core.shell:Skip shell extension 'dsv' for command environment
[0.796s] INFO:colcon.colcon_ros.task.ament_python.build:Building ROS package in '/home/fabiocar/fabiocar/src/f1tenth_system/llm_mpc_tuner' with build type 'ament_python'
[0.796s] Level 1:colcon.colcon_core.shell:create_environment_hook('llm_mpc_tuner', 'ament_prefix_path')
[0.797s] INFO:colcon.colcon_core.shell:Creating environment hook '/home/fabiocar/fabiocar/install/llm_mpc_tuner/share/llm_mpc_tuner/hook/ament_prefix_path.ps1'
[0.798s] INFO:colcon.colcon_core.shell:Creating environment descriptor '/home/fabiocar/fabiocar/install/llm_mpc_tuner/share/llm_mpc_tuner/hook/ament_prefix_path.dsv'
[0.799s] INFO:colcon.colcon_core.shell:Creating environment hook '/home/fabiocar/fabiocar/install/llm_mpc_tuner/share/llm_mpc_tuner/hook/ament_prefix_path.sh'
[0.801s] INFO:colcon.colcon_core.shell:Skip shell extension 'powershell' for command environment: Not usable outside of PowerShell
[0.801s] DEBUG:colcon.colcon_core.shell:Skip shell extension 'dsv' for command environment
[0.806s] INFO:colcon.colcon_ros.task.ament_python.build:Building ROS package in '/home/fabiocar/fabiocar/src/f1tenth_system/mpc_controller' with build type 'ament_python'
[0.806s] Level 1:colcon.colcon_core.shell:create_environment_hook('mpc_controller', 'ament_prefix_path')
[0.806s] INFO:colcon.colcon_core.shell:Creating environment hook '/home/fabiocar/fabiocar/install/mpc_controller/share/mpc_controller/hook/ament_prefix_path.ps1'
[0.807s] INFO:colcon.colcon_core.shell:Creating environment descriptor '/home/fabiocar/fabiocar/install/mpc_controller/share/mpc_controller/hook/ament_prefix_path.dsv'
[0.807s] INFO:colcon.colcon_core.shell:Creating environment hook '/home/fabiocar/fabiocar/install/mpc_controller/share/mpc_controller/hook/ament_prefix_path.sh'
[0.808s] INFO:colcon.colcon_core.shell:Skip shell extension 'powershell' for command environment: Not usable outside of PowerShell
[0.808s] DEBUG:colcon.colcon_core.shell:Skip shell extension 'dsv' for command environment
[0.818s] DEBUG:colcon.colcon_core.event_handler.log_command:Invoking command in '/home/fabiocar/fabiocar/build/vesc_msgs': CMAKE_PREFIX_PATH=${CMAKE_PREFIX_PATH}:/home/fabiocar/roboracer_ws/install/f1tenth_stack:/home/fabiocar/roboracer_ws/install/mpc_controller:/home/fabiocar/roboracer_ws/install/llm_mpc_tuner:/opt/ros/humble /usr/bin/cmake /home/fabiocar/fabiocar/src/f1tenth_system/vesc/vesc_msgs -DAMENT_CMAKE_SYMLINK_INSTALL=1 -DCMAKE_INSTALL_PREFIX=/home/fabiocar/fabiocar/install/vesc_msgs
[0.827s] DEBUG:colcon.colcon_core.event_handler.log_command:Invoking command in '/home/fabiocar/fabiocar/build/ackermann_mux': CMAKE_PREFIX_PATH=${CMAKE_PREFIX_PATH}:/home/fabiocar/roboracer_ws/install/f1tenth_stack:/home/fabiocar/roboracer_ws/install/mpc_controller:/home/fabiocar/roboracer_ws/install/llm_mpc_tuner:/opt/ros/humble /usr/bin/cmake /home/fabiocar/fabiocar/src/f1tenth_system/ackermann_mux -DAMENT_CMAKE_SYMLINK_INSTALL=1 -DCMAKE_INSTALL_PREFIX=/home/fabiocar/fabiocar/install/ackermann_mux
[1.149s] INFO:colcon.colcon_core.task.python.build:Building Python package in '/home/fabiocar/fabiocar/src/f1tenth_system/llm_mpc_tuner'
[1.150s] INFO:colcon.colcon_core.shell:Skip shell extension 'powershell' for command environment: Not usable outside of PowerShell
[1.150s] DEBUG:colcon.colcon_core.shell:Skip shell extension 'dsv' for command environment
[1.483s] INFO:colcon.colcon_core.task.python.build:Building Python package in '/home/fabiocar/fabiocar/src/f1tenth_system/mpc_controller'
[1.485s] INFO:colcon.colcon_core.shell:Skip shell extension 'powershell' for command environment: Not usable outside of PowerShell
[1.485s] DEBUG:colcon.colcon_core.shell:Skip shell extension 'dsv' for command environment
[2.020s] DEBUG:colcon.colcon_core.event_handler.log_command:Invoked command in '/home/fabiocar/fabiocar/build/ackermann_mux' returned '0': CMAKE_PREFIX_PATH=${CMAKE_PREFIX_PATH}:/home/fabiocar/roboracer_ws/install/f1tenth_stack:/home/fabiocar/roboracer_ws/install/mpc_controller:/home/fabiocar/roboracer_ws/install/llm_mpc_tuner:/opt/ros/humble /usr/bin/cmake /home/fabiocar/fabiocar/src/f1tenth_system/ackermann_mux -DAMENT_CMAKE_SYMLINK_INSTALL=1 -DCMAKE_INSTALL_PREFIX=/home/fabiocar/fabiocar/install/ackermann_mux
[2.024s] DEBUG:colcon.colcon_core.event_handler.log_command:Invoking command in '/home/fabiocar/fabiocar/build/ackermann_mux': CMAKE_PREFIX_PATH=${CMAKE_PREFIX_PATH}:/home/fabiocar/roboracer_ws/install/f1tenth_stack:/home/fabiocar/roboracer_ws/install/mpc_controller:/home/fabiocar/roboracer_ws/install/llm_mpc_tuner:/opt/ros/humble /usr/bin/cmake --build /home/fabiocar/fabiocar/build/ackermann_mux -- -j12 -l12
[2.199s] DEBUG:colcon.colcon_core.event_handler.log_command:Invoked command in '/home/fabiocar/fabiocar/build/ackermann_mux' returned '0': CMAKE_PREFIX_PATH=${CMAKE_PREFIX_PATH}:/home/fabiocar/roboracer_ws/install/f1tenth_stack:/home/fabiocar/roboracer_ws/install/mpc_controller:/home/fabiocar/roboracer_ws/install/llm_mpc_tuner:/opt/ros/humble /usr/bin/cmake --build /home/fabiocar/fabiocar/build/ackermann_mux -- -j12 -l12
[2.214s] DEBUG:colcon.colcon_core.event_handler.log_command:Invoking command in '/home/fabiocar/fabiocar/build/ackermann_mux': CMAKE_PREFIX_PATH=${CMAKE_PREFIX_PATH}:/home/fabiocar/roboracer_ws/install/f1tenth_stack:/home/fabiocar/roboracer_ws/install/mpc_controller:/home/fabiocar/roboracer_ws/install/llm_mpc_tuner:/opt/ros/humble /usr/bin/cmake --install /home/fabiocar/fabiocar/build/ackermann_mux
[2.247s] Level 1:colcon.colcon_core.environment:create_environment_scripts_only(ackermann_mux)
[2.248s] DEBUG:colcon.colcon_core.event_handler.log_command:Invoked command in '/home/fabiocar/fabiocar/build/ackermann_mux' returned '0': CMAKE_PREFIX_PATH=${CMAKE_PREFIX_PATH}:/home/fabiocar/roboracer_ws/install/f1tenth_stack:/home/fabiocar/roboracer_ws/install/mpc_controller:/home/fabiocar/roboracer_ws/install/llm_mpc_tuner:/opt/ros/humble /usr/bin/cmake --install /home/fabiocar/fabiocar/build/ackermann_mux
[2.261s] Level 1:colcon.colcon_core.environment:checking '/home/fabiocar/fabiocar/install/ackermann_mux' for CMake module files
[2.262s] Level 1:colcon.colcon_core.environment:checking '/home/fabiocar/fabiocar/install/ackermann_mux' for CMake config files
[2.262s] Level 1:colcon.colcon_core.shell:create_environment_hook('ackermann_mux', 'cmake_prefix_path')
[2.263s] INFO:colcon.colcon_core.shell:Creating environment hook '/home/fabiocar/fabiocar/install/ackermann_mux/share/ackermann_mux/hook/cmake_prefix_path.ps1'
[2.264s] INFO:colcon.colcon_core.shell:Creating environment descriptor '/home/fabiocar/fabiocar/install/ackermann_mux/share/ackermann_mux/hook/cmake_prefix_path.dsv'
[2.264s] INFO:colcon.colcon_core.shell:Creating environment hook '/home/fabiocar/fabiocar/install/ackermann_mux/share/ackermann_mux/hook/cmake_prefix_path.sh'
[2.265s] Level 1:colcon.colcon_core.environment:checking '/home/fabiocar/fabiocar/install/ackermann_mux/lib'
[2.266s] Level 1:colcon.colcon_core.environment:checking '/home/fabiocar/fabiocar/install/ackermann_mux/bin'
[2.266s] Level 1:colcon.colcon_core.environment:checking '/home/fabiocar/fabiocar/install/ackermann_mux/lib/pkgconfig/ackermann_mux.pc'
[2.266s] Level 1:colcon.colcon_core.environment:checking '/home/fabiocar/fabiocar/install/ackermann_mux/lib/python3.10/site-packages'
[2.267s] Level 1:colcon.colcon_core.environment:checking '/home/fabiocar/fabiocar/install/ackermann_mux/bin'
[2.268s] INFO:colcon.colcon_core.shell:Creating package script '/home/fabiocar/fabiocar/install/ackermann_mux/share/ackermann_mux/package.ps1'
[2.271s] INFO:colcon.colcon_core.shell:Creating package descriptor '/home/fabiocar/fabiocar/install/ackermann_mux/share/ackermann_mux/package.dsv'
[2.273s] INFO:colcon.colcon_core.shell:Creating package script '/home/fabiocar/fabiocar/install/ackermann_mux/share/ackermann_mux/package.sh'
[2.275s] INFO:colcon.colcon_core.shell:Creating package script '/home/fabiocar/fabiocar/install/ackermann_mux/share/ackermann_mux/package.bash'
[2.277s] INFO:colcon.colcon_core.shell:Creating package script '/home/fabiocar/fabiocar/install/ackermann_mux/share/ackermann_mux/package.zsh'
[2.279s] Level 1:colcon.colcon_core.environment:create_file_with_runtime_dependencies(/home/fabiocar/fabiocar/install/ackermann_mux/share/colcon-core/packages/ackermann_mux)
[2.280s] Level 1:colcon.colcon_core.environment:create_environment_scripts_only(ackermann_mux)
[2.281s] Level 1:colcon.colcon_core.environment:checking '/home/fabiocar/fabiocar/install/ackermann_mux' for CMake module files
[2.282s] Level 1:colcon.colcon_core.environment:checking '/home/fabiocar/fabiocar/install/ackermann_mux' for CMake config files
[2.283s] Level 1:colcon.colcon_core.shell:create_environment_hook('ackermann_mux', 'cmake_prefix_path')
[2.283s] INFO:colcon.colcon_core.shell:Creating environment hook '/home/fabiocar/fabiocar/install/ackermann_mux/share/ackermann_mux/hook/cmake_prefix_path.ps1'
[2.284s] INFO:colcon.colcon_core.shell:Creating environment descriptor '/home/fabiocar/fabiocar/install/ackermann_mux/share/ackermann_mux/hook/cmake_prefix_path.dsv'
[2.285s] INFO:colcon.colcon_core.shell:Creating environment hook '/home/fabiocar/fabiocar/install/ackermann_mux/share/ackermann_mux/hook/cmake_prefix_path.sh'
[2.286s] Level 1:colcon.colcon_core.environment:checking '/home/fabiocar/fabiocar/install/ackermann_mux/lib'
[2.287s] Level 1:colcon.colcon_core.environment:checking '/home/fabiocar/fabiocar/install/ackermann_mux/bin'
[2.287s] Level 1:colcon.colcon_core.environment:checking '/home/fabiocar/fabiocar/install/ackermann_mux/lib/pkgconfig/ackermann_mux.pc'
[2.287s] Level 1:colcon.colcon_core.environment:checking '/home/fabiocar/fabiocar/install/ackermann_mux/lib/python3.10/site-packages'
[2.288s] Level 1:colcon.colcon_core.environment:checking '/home/fabiocar/fabiocar/install/ackermann_mux/bin'
[2.289s] INFO:colcon.colcon_core.shell:Creating package script '/home/fabiocar/fabiocar/install/ackermann_mux/share/ackermann_mux/package.ps1'
[2.290s] INFO:colcon.colcon_core.shell:Creating package descriptor '/home/fabiocar/fabiocar/install/ackermann_mux/share/ackermann_mux/package.dsv'
[2.291s] INFO:colcon.colcon_core.shell:Creating package script '/home/fabiocar/fabiocar/install/ackermann_mux/share/ackermann_mux/package.sh'
[2.292s] INFO:colcon.colcon_core.shell:Creating package script '/home/fabiocar/fabiocar/install/ackermann_mux/share/ackermann_mux/package.bash'
[2.293s] INFO:colcon.colcon_core.shell:Creating package script '/home/fabiocar/fabiocar/install/ackermann_mux/share/ackermann_mux/package.zsh'
[2.294s] Level 1:colcon.colcon_core.environment:create_file_with_runtime_dependencies(/home/fabiocar/fabiocar/install/ackermann_mux/share/colcon-core/packages/ackermann_mux)
[2.421s] DEBUG:colcon.colcon_core.task.python.build:While undoing a previous installation files outside the Python library path are being ignored: /home/fabiocar/fabiocar/install/mpc_controller/share/ament_index/resource_index/packages/mpc_controller
[2.421s] DEBUG:colcon.colcon_core.task.python.build:While undoing a previous installation files outside the Python library path are being ignored: /home/fabiocar/fabiocar/install/mpc_controller/share/mpc_controller/package.xml
[2.422s] DEBUG:colcon.colcon_core.task.python.build:While undoing a previous installation files outside the Python library path are being ignored: /home/fabiocar/fabiocar/install/mpc_controller/lib/mpc_controller/frenet_mpc_node
[2.422s] DEBUG:colcon.colcon_core.task.python.build:While undoing a previous installation files outside the Python library path are being ignored: /home/fabiocar/fabiocar/install/mpc_controller/lib/mpc_controller/kinematic_mpc_node
[2.422s] DEBUG:colcon.colcon_core.task.python.build:While undoing a previous installation files outside the Python library path are being ignored: /home/fabiocar/fabiocar/install/mpc_controller/lib/mpc_controller/mpc_node
[2.422s] DEBUG:colcon.colcon_core.task.python.build:While undoing a previous installation files outside the Python library path are being ignored: /home/fabiocar/fabiocar/install/mpc_controller/lib/mpc_controller/trajectory_mpc_node
[2.428s] DEBUG:colcon.colcon_core.event_handler.log_command:Invoking command in '/home/fabiocar/fabiocar/build/mpc_controller': PYTHONPATH=/home/fabiocar/fabiocar/build/mpc_controller/prefix_override:/usr/lib/python3/dist-packages/colcon_core/task/python/colcon_distutils_commands:/home/fabiocar/fabiocar/install/mpc_controller/lib/python3.10/site-packages:${PYTHONPATH} /usr/bin/python3 -W ignore:setup.py install is deprecated -W ignore:easy_install command is deprecated setup.py develop --editable --build-directory /home/fabiocar/fabiocar/build/mpc_controller/build --no-deps symlink_data --force
[2.429s] DEBUG:colcon.colcon_core.task.python.build:While undoing a previous installation files outside the Python library path are being ignored: /home/fabiocar/fabiocar/install/llm_mpc_tuner/share/ament_index/resource_index/packages/llm_mpc_tuner
[2.429s] DEBUG:colcon.colcon_core.task.python.build:While undoing a previous installation files outside the Python library path are being ignored: /home/fabiocar/fabiocar/install/llm_mpc_tuner/share/llm_mpc_tuner/package.xml
[2.429s] DEBUG:colcon.colcon_core.task.python.build:While undoing a previous installation files outside the Python library path are being ignored: /home/fabiocar/fabiocar/install/llm_mpc_tuner/lib/llm_mpc_tuner/llm_mpc_tuner_node
[2.433s] DEBUG:colcon.colcon_core.event_handler.log_command:Invoking command in '/home/fabiocar/fabiocar/build/llm_mpc_tuner': PYTHONPATH=/home/fabiocar/fabiocar/build/llm_mpc_tuner/prefix_override:/usr/lib/python3/dist-packages/colcon_core/task/python/colcon_distutils_commands:/home/fabiocar/fabiocar/install/llm_mpc_tuner/lib/python3.10/site-packages:${PYTHONPATH} /usr/bin/python3 -W ignore:setup.py install is deprecated -W ignore:easy_install command is deprecated setup.py develop --editable --build-directory /home/fabiocar/fabiocar/build/llm_mpc_tuner/build --no-deps symlink_data --force
[3.399s] Level 1:colcon.colcon_core.shell:create_environment_hook('llm_mpc_tuner', 'pythonpath_develop')
[3.400s] INFO:colcon.colcon_core.shell:Creating environment hook '/home/fabiocar/fabiocar/build/llm_mpc_tuner/share/llm_mpc_tuner/hook/pythonpath_develop.ps1'
[3.401s] DEBUG:colcon.colcon_core.event_handler.log_command:Invoked command in '/home/fabiocar/fabiocar/build/llm_mpc_tuner' returned '0': PYTHONPATH=/home/fabiocar/fabiocar/build/llm_mpc_tuner/prefix_override:/usr/lib/python3/dist-packages/colcon_core/task/python/colcon_distutils_commands:/home/fabiocar/fabiocar/install/llm_mpc_tuner/lib/python3.10/site-packages:${PYTHONPATH} /usr/bin/python3 -W ignore:setup.py install is deprecated -W ignore:easy_install command is deprecated setup.py develop --editable --build-directory /home/fabiocar/fabiocar/build/llm_mpc_tuner/build --no-deps symlink_data --force
[3.402s] INFO:colcon.colcon_core.shell:Creating environment descriptor '/home/fabiocar/fabiocar/build/llm_mpc_tuner/share/llm_mpc_tuner/hook/pythonpath_develop.dsv'
[3.402s] INFO:colcon.colcon_core.shell:Creating environment hook '/home/fabiocar/fabiocar/build/llm_mpc_tuner/share/llm_mpc_tuner/hook/pythonpath_develop.sh'
[3.403s] Level 1:colcon.colcon_core.environment:checking '/home/fabiocar/fabiocar/install/llm_mpc_tuner' for CMake module files
[3.404s] Level 1:colcon.colcon_core.environment:checking '/home/fabiocar/fabiocar/install/llm_mpc_tuner' for CMake config files
[3.405s] Level 1:colcon.colcon_core.environment:checking '/home/fabiocar/fabiocar/install/llm_mpc_tuner/lib'
[3.406s] Level 1:colcon.colcon_core.environment:checking '/home/fabiocar/fabiocar/install/llm_mpc_tuner/bin'
[3.406s] Level 1:colcon.colcon_core.environment:checking '/home/fabiocar/fabiocar/install/llm_mpc_tuner/lib/pkgconfig/llm_mpc_tuner.pc'
[3.406s] Level 1:colcon.colcon_core.environment:checking '/home/fabiocar/fabiocar/install/llm_mpc_tuner/lib/python3.10/site-packages'
[3.406s] Level 1:colcon.colcon_core.shell:create_environment_hook('llm_mpc_tuner', 'pythonpath')
[3.407s] INFO:colcon.colcon_core.shell:Creating environment hook '/home/fabiocar/fabiocar/install/llm_mpc_tuner/share/llm_mpc_tuner/hook/pythonpath.ps1'
[3.408s] INFO:colcon.colcon_core.shell:Creating environment descriptor '/home/fabiocar/fabiocar/install/llm_mpc_tuner/share/llm_mpc_tuner/hook/pythonpath.dsv'
[3.408s] INFO:colcon.colcon_core.shell:Creating environment hook '/home/fabiocar/fabiocar/install/llm_mpc_tuner/share/llm_mpc_tuner/hook/pythonpath.sh'
[3.410s] Level 1:colcon.colcon_core.environment:checking '/home/fabiocar/fabiocar/install/llm_mpc_tuner/bin'
[3.410s] Level 1:colcon.colcon_core.environment:create_environment_scripts_only(llm_mpc_tuner)
[3.411s] INFO:colcon.colcon_core.shell:Creating package script '/home/fabiocar/fabiocar/install/llm_mpc_tuner/share/llm_mpc_tuner/package.ps1'
[3.412s] INFO:colcon.colcon_core.shell:Creating package descriptor '/home/fabiocar/fabiocar/install/llm_mpc_tuner/share/llm_mpc_tuner/package.dsv'
[3.413s] INFO:colcon.colcon_core.shell:Creating package script '/home/fabiocar/fabiocar/install/llm_mpc_tuner/share/llm_mpc_tuner/package.sh'
[3.414s] INFO:colcon.colcon_core.shell:Creating package script '/home/fabiocar/fabiocar/install/llm_mpc_tuner/share/llm_mpc_tuner/package.bash'
[3.414s] INFO:colcon.colcon_core.shell:Creating package script '/home/fabiocar/fabiocar/install/llm_mpc_tuner/share/llm_mpc_tuner/package.zsh'
[3.415s] Level 1:colcon.colcon_core.environment:create_file_with_runtime_dependencies(/home/fabiocar/fabiocar/install/llm_mpc_tuner/share/colcon-core/packages/llm_mpc_tuner)
[3.416s] Level 1:colcon.colcon_core.shell:create_environment_hook('mpc_controller', 'pythonpath_develop')
[3.416s] INFO:colcon.colcon_core.shell:Creating environment hook '/home/fabiocar/fabiocar/build/mpc_controller/share/mpc_controller/hook/pythonpath_develop.ps1'
[3.418s] INFO:colcon.colcon_core.shell:Creating environment descriptor '/home/fabiocar/fabiocar/build/mpc_controller/share/mpc_controller/hook/pythonpath_develop.dsv'
[3.418s] DEBUG:colcon.colcon_core.event_handler.log_command:Invoked command in '/home/fabiocar/fabiocar/build/mpc_controller' returned '0': PYTHONPATH=/home/fabiocar/fabiocar/build/mpc_controller/prefix_override:/usr/lib/python3/dist-packages/colcon_core/task/python/colcon_distutils_commands:/home/fabiocar/fabiocar/install/mpc_controller/lib/python3.10/site-packages:${PYTHONPATH} /usr/bin/python3 -W ignore:setup.py install is deprecated -W ignore:easy_install command is deprecated setup.py develop --editable --build-directory /home/fabiocar/fabiocar/build/mpc_controller/build --no-deps symlink_data --force
[3.419s] INFO:colcon.colcon_core.shell:Creating environment hook '/home/fabiocar/fabiocar/build/mpc_controller/share/mpc_controller/hook/pythonpath_develop.sh'
[3.420s] Level 1:colcon.colcon_core.environment:checking '/home/fabiocar/fabiocar/install/mpc_controller' for CMake module files
[3.421s] Level 1:colcon.colcon_core.environment:checking '/home/fabiocar/fabiocar/install/mpc_controller' for CMake config files
[3.421s] Level 1:colcon.colcon_core.environment:checking '/home/fabiocar/fabiocar/install/mpc_controller/lib'
[3.422s] Level 1:colcon.colcon_core.environment:checking '/home/fabiocar/fabiocar/install/mpc_controller/bin'
[3.422s] Level 1:colcon.colcon_core.environment:checking '/home/fabiocar/fabiocar/install/mpc_controller/lib/pkgconfig/mpc_controller.pc'
[3.422s] Level 1:colcon.colcon_core.environment:checking '/home/fabiocar/fabiocar/install/mpc_controller/lib/python3.10/site-packages'
[3.422s] Level 1:colcon.colcon_core.shell:create_environment_hook('mpc_controller', 'pythonpath')
[3.423s] INFO:colcon.colcon_core.shell:Creating environment hook '/home/fabiocar/fabiocar/install/mpc_controller/share/mpc_controller/hook/pythonpath.ps1'
[3.424s] INFO:colcon.colcon_core.shell:Creating environment descriptor '/home/fabiocar/fabiocar/install/mpc_controller/share/mpc_controller/hook/pythonpath.dsv'
[3.425s] INFO:colcon.colcon_core.shell:Creating environment hook '/home/fabiocar/fabiocar/install/mpc_controller/share/mpc_controller/hook/pythonpath.sh'
[3.428s] Level 1:colcon.colcon_core.environment:checking '/home/fabiocar/fabiocar/install/mpc_controller/bin'
[3.428s] Level 1:colcon.colcon_core.environment:create_environment_scripts_only(mpc_controller)
[3.429s] INFO:colcon.colcon_core.shell:Creating package script '/home/fabiocar/fabiocar/install/mpc_controller/share/mpc_controller/package.ps1'
[3.431s] INFO:colcon.colcon_core.shell:Creating package descriptor '/home/fabiocar/fabiocar/install/mpc_controller/share/mpc_controller/package.dsv'
[3.432s] INFO:colcon.colcon_core.shell:Creating package script '/home/fabiocar/fabiocar/install/mpc_controller/share/mpc_controller/package.sh'
[3.433s] INFO:colcon.colcon_core.shell:Creating package script '/home/fabiocar/fabiocar/install/mpc_controller/share/mpc_controller/package.bash'
[3.435s] INFO:colcon.colcon_core.shell:Creating package script '/home/fabiocar/fabiocar/install/mpc_controller/share/mpc_controller/package.zsh'
[3.436s] Level 1:colcon.colcon_core.environment:create_file_with_runtime_dependencies(/home/fabiocar/fabiocar/install/mpc_controller/share/colcon-core/packages/mpc_controller)
[3.474s] DEBUG:colcon.colcon_core.event_handler.log_command:Invoked command in '/home/fabiocar/fabiocar/build/vesc_msgs' returned '0': CMAKE_PREFIX_PATH=${CMAKE_PREFIX_PATH}:/home/fabiocar/roboracer_ws/install/f1tenth_stack:/home/fabiocar/roboracer_ws/install/mpc_controller:/home/fabiocar/roboracer_ws/install/llm_mpc_tuner:/opt/ros/humble /usr/bin/cmake /home/fabiocar/fabiocar/src/f1tenth_system/vesc/vesc_msgs -DAMENT_CMAKE_SYMLINK_INSTALL=1 -DCMAKE_INSTALL_PREFIX=/home/fabiocar/fabiocar/install/vesc_msgs
[3.477s] DEBUG:colcon.colcon_core.event_handler.log_command:Invoking command in '/home/fabiocar/fabiocar/build/vesc_msgs': CMAKE_PREFIX_PATH=${CMAKE_PREFIX_PATH}:/home/fabiocar/roboracer_ws/install/f1tenth_stack:/home/fabiocar/roboracer_ws/install/mpc_controller:/home/fabiocar/roboracer_ws/install/llm_mpc_tuner:/opt/ros/humble /usr/bin/cmake --build /home/fabiocar/fabiocar/build/vesc_msgs -- -j12 -l12
[4.069s] DEBUG:colcon.colcon_core.event_handler.log_command:Invoked command in '/home/fabiocar/fabiocar/build/vesc_msgs' returned '0': CMAKE_PREFIX_PATH=${CMAKE_PREFIX_PATH}:/home/fabiocar/roboracer_ws/install/f1tenth_stack:/home/fabiocar/roboracer_ws/install/mpc_controller:/home/fabiocar/roboracer_ws/install/llm_mpc_tuner:/opt/ros/humble /usr/bin/cmake --build /home/fabiocar/fabiocar/build/vesc_msgs -- -j12 -l12
[4.074s] DEBUG:colcon.colcon_core.event_handler.log_command:Invoking command in '/home/fabiocar/fabiocar/build/vesc_msgs': CMAKE_PREFIX_PATH=${CMAKE_PREFIX_PATH}:/home/fabiocar/roboracer_ws/install/f1tenth_stack:/home/fabiocar/roboracer_ws/install/mpc_controller:/home/fabiocar/roboracer_ws/install/llm_mpc_tuner:/opt/ros/humble /usr/bin/cmake --install /home/fabiocar/fabiocar/build/vesc_msgs
[4.225s] Level 1:colcon.colcon_core.environment:create_environment_scripts_only(vesc_msgs)
[4.227s] Level 1:colcon.colcon_core.environment:checking '/home/fabiocar/fabiocar/install/vesc_msgs' for CMake module files
[4.228s] DEBUG:colcon.colcon_core.event_handler.log_command:Invoked command in '/home/fabiocar/fabiocar/build/vesc_msgs' returned '0': CMAKE_PREFIX_PATH=${CMAKE_PREFIX_PATH}:/home/fabiocar/roboracer_ws/install/f1tenth_stack:/home/fabiocar/roboracer_ws/install/mpc_controller:/home/fabiocar/roboracer_ws/install/llm_mpc_tuner:/opt/ros/humble /usr/bin/cmake --install /home/fabiocar/fabiocar/build/vesc_msgs
[4.230s] Level 1:colcon.colcon_core.environment:checking '/home/fabiocar/fabiocar/install/vesc_msgs' for CMake config files
[4.234s] Level 1:colcon.colcon_core.shell:create_environment_hook('vesc_msgs', 'cmake_prefix_path')
[4.235s] INFO:colcon.colcon_core.shell:Creating environment hook '/home/fabiocar/fabiocar/install/vesc_msgs/share/vesc_msgs/hook/cmake_prefix_path.ps1'
[4.236s] INFO:colcon.colcon_core.shell:Creating environment descriptor '/home/fabiocar/fabiocar/install/vesc_msgs/share/vesc_msgs/hook/cmake_prefix_path.dsv'
[4.238s] INFO:colcon.colcon_core.shell:Creating environment hook '/home/fabiocar/fabiocar/install/vesc_msgs/share/vesc_msgs/hook/cmake_prefix_path.sh'
[4.240s] Level 1:colcon.colcon_core.environment:checking '/home/fabiocar/fabiocar/install/vesc_msgs/lib'
[4.240s] Level 1:colcon.colcon_core.shell:create_environment_hook('vesc_msgs', 'ld_library_path_lib')
[4.241s] INFO:colcon.colcon_core.shell:Creating environment hook '/home/fabiocar/fabiocar/install/vesc_msgs/share/vesc_msgs/hook/ld_library_path_lib.ps1'
[4.243s] INFO:colcon.colcon_core.shell:Creating environment descriptor '/home/fabiocar/fabiocar/install/vesc_msgs/share/vesc_msgs/hook/ld_library_path_lib.dsv'
[4.244s] INFO:colcon.colcon_core.shell:Creating environment hook '/home/fabiocar/fabiocar/install/vesc_msgs/share/vesc_msgs/hook/ld_library_path_lib.sh'
[4.245s] Level 1:colcon.colcon_core.environment:checking '/home/fabiocar/fabiocar/install/vesc_msgs/bin'
[4.246s] Level 1:colcon.colcon_core.environment:checking '/home/fabiocar/fabiocar/install/vesc_msgs/lib/pkgconfig/vesc_msgs.pc'
[4.246s] Level 1:colcon.colcon_core.environment:checking '/home/fabiocar/fabiocar/install/vesc_msgs/lib/python3.10/site-packages'
[4.248s] Level 1:colcon.colcon_core.environment:checking '/home/fabiocar/fabiocar/install/vesc_msgs/bin'
[4.249s] INFO:colcon.colcon_core.shell:Creating package script '/home/fabiocar/fabiocar/install/vesc_msgs/share/vesc_msgs/package.ps1'
[4.252s] INFO:colcon.colcon_core.shell:Creating package descriptor '/home/fabiocar/fabiocar/install/vesc_msgs/share/vesc_msgs/package.dsv'
[4.253s] INFO:colcon.colcon_core.shell:Creating package script '/home/fabiocar/fabiocar/install/vesc_msgs/share/vesc_msgs/package.sh'
[4.255s] INFO:colcon.colcon_core.shell:Creating package script '/home/fabiocar/fabiocar/install/vesc_msgs/share/vesc_msgs/package.bash'
[4.256s] INFO:colcon.colcon_core.shell:Creating package script '/home/fabiocar/fabiocar/install/vesc_msgs/share/vesc_msgs/package.zsh'
[4.258s] Level 1:colcon.colcon_core.environment:create_file_with_runtime_dependencies(/home/fabiocar/fabiocar/install/vesc_msgs/share/colcon-core/packages/vesc_msgs)
[4.260s] Level 1:colcon.colcon_core.environment:create_environment_scripts_only(vesc_msgs)
[4.261s] Level 1:colcon.colcon_core.environment:checking '/home/fabiocar/fabiocar/install/vesc_msgs' for CMake module files
[4.263s] Level 1:colcon.colcon_core.environment:checking '/home/fabiocar/fabiocar/install/vesc_msgs' for CMake config files
[4.267s] Level 1:colcon.colcon_core.shell:create_environment_hook('vesc_msgs', 'cmake_prefix_path')
[4.267s] INFO:colcon.colcon_core.shell:Creating environment hook '/home/fabiocar/fabiocar/install/vesc_msgs/share/vesc_msgs/hook/cmake_prefix_path.ps1'
[4.270s] INFO:colcon.colcon_core.shell:Creating environment descriptor '/home/fabiocar/fabiocar/install/vesc_msgs/share/vesc_msgs/hook/cmake_prefix_path.dsv'
[4.271s] INFO:colcon.colcon_core.shell:Creating environment hook '/home/fabiocar/fabiocar/install/vesc_msgs/share/vesc_msgs/hook/cmake_prefix_path.sh'
[4.273s] Level 1:colcon.colcon_core.environment:checking '/home/fabiocar/fabiocar/install/vesc_msgs/lib'
[4.273s] Level 1:colcon.colcon_core.shell:create_environment_hook('vesc_msgs', 'ld_library_path_lib')
[4.274s] INFO:colcon.colcon_core.shell:Creating environment hook '/home/fabiocar/fabiocar/install/vesc_msgs/share/vesc_msgs/hook/ld_library_path_lib.ps1'
[4.275s] INFO:colcon.colcon_core.shell:Creating environment descriptor '/home/fabiocar/fabiocar/install/vesc_msgs/share/vesc_msgs/hook/ld_library_path_lib.dsv'
[4.277s] INFO:colcon.colcon_core.shell:Creating environment hook '/home/fabiocar/fabiocar/install/vesc_msgs/share/vesc_msgs/hook/ld_library_path_lib.sh'
[4.278s] Level 1:colcon.colcon_core.environment:checking '/home/fabiocar/fabiocar/install/vesc_msgs/bin'
[4.278s] Level 1:colcon.colcon_core.environment:checking '/home/fabiocar/fabiocar/install/vesc_msgs/lib/pkgconfig/vesc_msgs.pc'
[4.279s] Level 1:colcon.colcon_core.environment:checking '/home/fabiocar/fabiocar/install/vesc_msgs/lib/python3.10/site-packages'
[4.280s] Level 1:colcon.colcon_core.environment:checking '/home/fabiocar/fabiocar/install/vesc_msgs/bin'
[4.281s] INFO:colcon.colcon_core.shell:Creating package script '/home/fabiocar/fabiocar/install/vesc_msgs/share/vesc_msgs/package.ps1'
[4.284s] INFO:colcon.colcon_core.shell:Creating package descriptor '/home/fabiocar/fabiocar/install/vesc_msgs/share/vesc_msgs/package.dsv'
[4.286s] INFO:colcon.colcon_core.shell:Creating package script '/home/fabiocar/fabiocar/install/vesc_msgs/share/vesc_msgs/package.sh'
[4.287s] INFO:colcon.colcon_core.shell:Creating package script '/home/fabiocar/fabiocar/install/vesc_msgs/share/vesc_msgs/package.bash'
[4.289s] INFO:colcon.colcon_core.shell:Creating package script '/home/fabiocar/fabiocar/install/vesc_msgs/share/vesc_msgs/package.zsh'
[4.290s] Level 1:colcon.colcon_core.environment:create_file_with_runtime_dependencies(/home/fabiocar/fabiocar/install/vesc_msgs/share/colcon-core/packages/vesc_msgs)
[4.291s] INFO:colcon.colcon_ros.task.ament_cmake.build:Building ROS package in '/home/fabiocar/fabiocar/src/f1tenth_system/vesc/vesc_ackermann' with build type 'ament_cmake'
[4.291s] INFO:colcon.colcon_cmake.task.cmake.build:Building CMake package in '/home/fabiocar/fabiocar/src/f1tenth_system/vesc/vesc_ackermann'
[4.292s] INFO:colcon.colcon_core.shell:Skip shell extension 'powershell' for command environment: Not usable outside of PowerShell
[4.292s] DEBUG:colcon.colcon_core.shell:Skip shell extension 'dsv' for command environment
[4.306s] INFO:colcon.colcon_ros.task.ament_cmake.build:Building ROS package in '/home/fabiocar/fabiocar/src/f1tenth_system/vesc/vesc_driver' with build type 'ament_cmake'
[4.306s] INFO:colcon.colcon_cmake.task.cmake.build:Building CMake package in '/home/fabiocar/fabiocar/src/f1tenth_system/vesc/vesc_driver'
[4.307s] INFO:colcon.colcon_core.shell:Skip shell extension 'powershell' for command environment: Not usable outside of PowerShell
[4.307s] DEBUG:colcon.colcon_core.shell:Skip shell extension 'dsv' for command environment
[4.331s] DEBUG:colcon.colcon_core.event_handler.log_command:Invoking command in '/home/fabiocar/fabiocar/build/vesc_ackermann': AMENT_PREFIX_PATH=/home/fabiocar/fabiocar/install/vesc_msgs:${AMENT_PREFIX_PATH} CMAKE_PREFIX_PATH=/home/fabiocar/fabiocar/install/vesc_msgs:/home/fabiocar/roboracer_ws/install/vesc:/home/fabiocar/roboracer_ws/install/vesc_driver:/home/fabiocar/roboracer_ws/install/vesc_ackermann:/home/fabiocar/roboracer_ws/install/vesc_msgs:/home/fabiocar/roboracer_ws/install/ackermann_mux:/home/fabiocar/roboracer_ws/install/f1tenth_stack:/home/fabiocar/roboracer_ws/install/mpc_controller:/home/fabiocar/roboracer_ws/install/llm_mpc_tuner:/opt/ros/humble LD_LIBRARY_PATH=/home/fabiocar/fabiocar/install/vesc_msgs/lib:${LD_LIBRARY_PATH} PYTHONPATH=/home/fabiocar/fabiocar/install/vesc_msgs/local/lib/python3.10/dist-packages:${PYTHONPATH} /usr/bin/cmake /home/fabiocar/fabiocar/src/f1tenth_system/vesc/vesc_ackermann -DAMENT_CMAKE_SYMLINK_INSTALL=1 -DCMAKE_INSTALL_PREFIX=/home/fabiocar/fabiocar/install/vesc_ackermann
[4.338s] DEBUG:colcon.colcon_core.event_handler.log_command:Invoking command in '/home/fabiocar/fabiocar/build/vesc_driver': AMENT_PREFIX_PATH=/home/fabiocar/fabiocar/install/vesc_msgs:${AMENT_PREFIX_PATH} CMAKE_PREFIX_PATH=/home/fabiocar/fabiocar/install/vesc_msgs:/home/fabiocar/roboracer_ws/install/vesc:/home/fabiocar/roboracer_ws/install/vesc_driver:/home/fabiocar/roboracer_ws/install/vesc_ackermann:/home/fabiocar/roboracer_ws/install/vesc_msgs:/home/fabiocar/roboracer_ws/install/ackermann_mux:/home/fabiocar/roboracer_ws/install/f1tenth_stack:/home/fabiocar/roboracer_ws/install/mpc_controller:/home/fabiocar/roboracer_ws/install/llm_mpc_tuner:/opt/ros/humble LD_LIBRARY_PATH=/home/fabiocar/fabiocar/install/vesc_msgs/lib:${LD_LIBRARY_PATH} PYTHONPATH=/home/fabiocar/fabiocar/install/vesc_msgs/local/lib/python3.10/dist-packages:${PYTHONPATH} /usr/bin/cmake /home/fabiocar/fabiocar/src/f1tenth_system/vesc/vesc_driver -DAMENT_CMAKE_SYMLINK_INSTALL=1 -DCMAKE_INSTALL_PREFIX=/home/fabiocar/fabiocar/install/vesc_driver
[5.349s] DEBUG:colcon.colcon_core.event_handler.log_command:Invoked command in '/home/fabiocar/fabiocar/build/vesc_ackermann' returned '0': AMENT_PREFIX_PATH=/home/fabiocar/fabiocar/install/vesc_msgs:${AMENT_PREFIX_PATH} CMAKE_PREFIX_PATH=/home/fabiocar/fabiocar/install/vesc_msgs:/home/fabiocar/roboracer_ws/install/vesc:/home/fabiocar/roboracer_ws/install/vesc_driver:/home/fabiocar/roboracer_ws/install/vesc_ackermann:/home/fabiocar/roboracer_ws/install/vesc_msgs:/home/fabiocar/roboracer_ws/install/ackermann_mux:/home/fabiocar/roboracer_ws/install/f1tenth_stack:/home/fabiocar/roboracer_ws/install/mpc_controller:/home/fabiocar/roboracer_ws/install/llm_mpc_tuner:/opt/ros/humble LD_LIBRARY_PATH=/home/fabiocar/fabiocar/install/vesc_msgs/lib:${LD_LIBRARY_PATH} PYTHONPATH=/home/fabiocar/fabiocar/install/vesc_msgs/local/lib/python3.10/dist-packages:${PYTHONPATH} /usr/bin/cmake /home/fabiocar/fabiocar/src/f1tenth_system/vesc/vesc_ackermann -DAMENT_CMAKE_SYMLINK_INSTALL=1 -DCMAKE_INSTALL_PREFIX=/home/fabiocar/fabiocar/install/vesc_ackermann
[5.351s] DEBUG:colcon.colcon_core.event_handler.log_command:Invoking command in '/home/fabiocar/fabiocar/build/vesc_ackermann': AMENT_PREFIX_PATH=/home/fabiocar/fabiocar/install/vesc_msgs:${AMENT_PREFIX_PATH} CMAKE_PREFIX_PATH=/home/fabiocar/fabiocar/install/vesc_msgs:/home/fabiocar/roboracer_ws/install/vesc:/home/fabiocar/roboracer_ws/install/vesc_driver:/home/fabiocar/roboracer_ws/install/vesc_ackermann:/home/fabiocar/roboracer_ws/install/vesc_msgs:/home/fabiocar/roboracer_ws/install/ackermann_mux:/home/fabiocar/roboracer_ws/install/f1tenth_stack:/home/fabiocar/roboracer_ws/install/mpc_controller:/home/fabiocar/roboracer_ws/install/llm_mpc_tuner:/opt/ros/humble LD_LIBRARY_PATH=/home/fabiocar/fabiocar/install/vesc_msgs/lib:${LD_LIBRARY_PATH} PYTHONPATH=/home/fabiocar/fabiocar/install/vesc_msgs/local/lib/python3.10/dist-packages:${PYTHONPATH} /usr/bin/cmake --build /home/fabiocar/fabiocar/build/vesc_ackermann -- -j12 -l12
[5.439s] DEBUG:colcon.colcon_core.event_handler.log_command:Invoked command in '/home/fabiocar/fabiocar/build/vesc_driver' returned '0': AMENT_PREFIX_PATH=/home/fabiocar/fabiocar/install/vesc_msgs:${AMENT_PREFIX_PATH} CMAKE_PREFIX_PATH=/home/fabiocar/fabiocar/install/vesc_msgs:/home/fabiocar/roboracer_ws/install/vesc:/home/fabiocar/roboracer_ws/install/vesc_driver:/home/fabiocar/roboracer_ws/install/vesc_ackermann:/home/fabiocar/roboracer_ws/install/vesc_msgs:/home/fabiocar/roboracer_ws/install/ackermann_mux:/home/fabiocar/roboracer_ws/install/f1tenth_stack:/home/fabiocar/roboracer_ws/install/mpc_controller:/home/fabiocar/roboracer_ws/install/llm_mpc_tuner:/opt/ros/humble LD_LIBRARY_PATH=/home/fabiocar/fabiocar/install/vesc_msgs/lib:${LD_LIBRARY_PATH} PYTHONPATH=/home/fabiocar/fabiocar/install/vesc_msgs/local/lib/python3.10/dist-packages:${PYTHONPATH} /usr/bin/cmake /home/fabiocar/fabiocar/src/f1tenth_system/vesc/vesc_driver -DAMENT_CMAKE_SYMLINK_INSTALL=1 -DCMAKE_INSTALL_PREFIX=/home/fabiocar/fabiocar/install/vesc_driver
[5.443s] DEBUG:colcon.colcon_core.event_handler.log_command:Invoking command in '/home/fabiocar/fabiocar/build/vesc_driver': AMENT_PREFIX_PATH=/home/fabiocar/fabiocar/install/vesc_msgs:${AMENT_PREFIX_PATH} CMAKE_PREFIX_PATH=/home/fabiocar/fabiocar/install/vesc_msgs:/home/fabiocar/roboracer_ws/install/vesc:/home/fabiocar/roboracer_ws/install/vesc_driver:/home/fabiocar/roboracer_ws/install/vesc_ackermann:/home/fabiocar/roboracer_ws/install/vesc_msgs:/home/fabiocar/roboracer_ws/install/ackermann_mux:/home/fabiocar/roboracer_ws/install/f1tenth_stack:/home/fabiocar/roboracer_ws/install/mpc_controller:/home/fabiocar/roboracer_ws/install/llm_mpc_tuner:/opt/ros/humble LD_LIBRARY_PATH=/home/fabiocar/fabiocar/install/vesc_msgs/lib:${LD_LIBRARY_PATH} PYTHONPATH=/home/fabiocar/fabiocar/install/vesc_msgs/local/lib/python3.10/dist-packages:${PYTHONPATH} /usr/bin/cmake --build /home/fabiocar/fabiocar/build/vesc_driver -- -j12 -l12
[5.487s] DEBUG:colcon.colcon_core.event_handler.log_command:Invoked command in '/home/fabiocar/fabiocar/build/vesc_ackermann' returned '0': AMENT_PREFIX_PATH=/home/fabiocar/fabiocar/install/vesc_msgs:${AMENT_PREFIX_PATH} CMAKE_PREFIX_PATH=/home/fabiocar/fabiocar/install/vesc_msgs:/home/fabiocar/roboracer_ws/install/vesc:/home/fabiocar/roboracer_ws/install/vesc_driver:/home/fabiocar/roboracer_ws/install/vesc_ackermann:/home/fabiocar/roboracer_ws/install/vesc_msgs:/home/fabiocar/roboracer_ws/install/ackermann_mux:/home/fabiocar/roboracer_ws/install/f1tenth_stack:/home/fabiocar/roboracer_ws/install/mpc_controller:/home/fabiocar/roboracer_ws/install/llm_mpc_tuner:/opt/ros/humble LD_LIBRARY_PATH=/home/fabiocar/fabiocar/install/vesc_msgs/lib:${LD_LIBRARY_PATH} PYTHONPATH=/home/fabiocar/fabiocar/install/vesc_msgs/local/lib/python3.10/dist-packages:${PYTHONPATH} /usr/bin/cmake --build /home/fabiocar/fabiocar/build/vesc_ackermann -- -j12 -l12
[5.491s] DEBUG:colcon.colcon_core.event_handler.log_command:Invoking command in '/home/fabiocar/fabiocar/build/vesc_ackermann': AMENT_PREFIX_PATH=/home/fabiocar/fabiocar/install/vesc_msgs:${AMENT_PREFIX_PATH} CMAKE_PREFIX_PATH=/home/fabiocar/fabiocar/install/vesc_msgs:/home/fabiocar/roboracer_ws/install/vesc:/home/fabiocar/roboracer_ws/install/vesc_driver:/home/fabiocar/roboracer_ws/install/vesc_ackermann:/home/fabiocar/roboracer_ws/install/vesc_msgs:/home/fabiocar/roboracer_ws/install/ackermann_mux:/home/fabiocar/roboracer_ws/install/f1tenth_stack:/home/fabiocar/roboracer_ws/install/mpc_controller:/home/fabiocar/roboracer_ws/install/llm_mpc_tuner:/opt/ros/humble LD_LIBRARY_PATH=/home/fabiocar/fabiocar/install/vesc_msgs/lib:${LD_LIBRARY_PATH} PYTHONPATH=/home/fabiocar/fabiocar/install/vesc_msgs/local/lib/python3.10/dist-packages:${PYTHONPATH} /usr/bin/cmake --install /home/fabiocar/fabiocar/build/vesc_ackermann
[5.527s] Level 1:colcon.colcon_core.environment:create_environment_scripts_only(vesc_ackermann)
[5.528s] Level 1:colcon.colcon_core.environment:checking '/home/fabiocar/fabiocar/install/vesc_ackermann' for CMake module files
[5.529s] DEBUG:colcon.colcon_core.event_handler.log_command:Invoked command in '/home/fabiocar/fabiocar/build/vesc_ackermann' returned '0': AMENT_PREFIX_PATH=/home/fabiocar/fabiocar/install/vesc_msgs:${AMENT_PREFIX_PATH} CMAKE_PREFIX_PATH=/home/fabiocar/fabiocar/install/vesc_msgs:/home/fabiocar/roboracer_ws/install/vesc:/home/fabiocar/roboracer_ws/install/vesc_driver:/home/fabiocar/roboracer_ws/install/vesc_ackermann:/home/fabiocar/roboracer_ws/install/vesc_msgs:/home/fabiocar/roboracer_ws/install/ackermann_mux:/home/fabiocar/roboracer_ws/install/f1tenth_stack:/home/fabiocar/roboracer_ws/install/mpc_controller:/home/fabiocar/roboracer_ws/install/llm_mpc_tuner:/opt/ros/humble LD_LIBRARY_PATH=/home/fabiocar/fabiocar/install/vesc_msgs/lib:${LD_LIBRARY_PATH} PYTHONPATH=/home/fabiocar/fabiocar/install/vesc_msgs/local/lib/python3.10/dist-packages:${PYTHONPATH} /usr/bin/cmake --install /home/fabiocar/fabiocar/build/vesc_ackermann
[5.530s] Level 1:colcon.colcon_core.environment:checking '/home/fabiocar/fabiocar/install/vesc_ackermann' for CMake config files
[5.531s] Level 1:colcon.colcon_core.shell:create_environment_hook('vesc_ackermann', 'cmake_prefix_path')
[5.531s] INFO:colcon.colcon_core.shell:Creating environment hook '/home/fabiocar/fabiocar/install/vesc_ackermann/share/vesc_ackermann/hook/cmake_prefix_path.ps1'
[5.532s] INFO:colcon.colcon_core.shell:Creating environment descriptor '/home/fabiocar/fabiocar/install/vesc_ackermann/share/vesc_ackermann/hook/cmake_prefix_path.dsv'
[5.533s] INFO:colcon.colcon_core.shell:Creating environment hook '/home/fabiocar/fabiocar/install/vesc_ackermann/share/vesc_ackermann/hook/cmake_prefix_path.sh'
[5.534s] Level 1:colcon.colcon_core.environment:checking '/home/fabiocar/fabiocar/install/vesc_ackermann/lib'
[5.534s] Level 1:colcon.colcon_core.shell:create_environment_hook('vesc_ackermann', 'ld_library_path_lib')
[5.535s] INFO:colcon.colcon_core.shell:Creating environment hook '/home/fabiocar/fabiocar/install/vesc_ackermann/share/vesc_ackermann/hook/ld_library_path_lib.ps1'
[5.536s] INFO:colcon.colcon_core.shell:Creating environment descriptor '/home/fabiocar/fabiocar/install/vesc_ackermann/share/vesc_ackermann/hook/ld_library_path_lib.dsv'
[5.536s] INFO:colcon.colcon_core.shell:Creating environment hook '/home/fabiocar/fabiocar/install/vesc_ackermann/share/vesc_ackermann/hook/ld_library_path_lib.sh'
[5.537s] Level 1:colcon.colcon_core.environment:checking '/home/fabiocar/fabiocar/install/vesc_ackermann/bin'
[5.537s] Level 1:colcon.colcon_core.environment:checking '/home/fabiocar/fabiocar/install/vesc_ackermann/lib/pkgconfig/vesc_ackermann.pc'
[5.538s] Level 1:colcon.colcon_core.environment:checking '/home/fabiocar/fabiocar/install/vesc_ackermann/lib/python3.10/site-packages'
[5.538s] Level 1:colcon.colcon_core.environment:checking '/home/fabiocar/fabiocar/install/vesc_ackermann/bin'
[5.539s] INFO:colcon.colcon_core.shell:Creating package script '/home/fabiocar/fabiocar/install/vesc_ackermann/share/vesc_ackermann/package.ps1'
[5.540s] INFO:colcon.colcon_core.shell:Creating package descriptor '/home/fabiocar/fabiocar/install/vesc_ackermann/share/vesc_ackermann/package.dsv'
[5.541s] INFO:colcon.colcon_core.shell:Creating package script '/home/fabiocar/fabiocar/install/vesc_ackermann/share/vesc_ackermann/package.sh'
[5.542s] INFO:colcon.colcon_core.shell:Creating package script '/home/fabiocar/fabiocar/install/vesc_ackermann/share/vesc_ackermann/package.bash'
[5.543s] INFO:colcon.colcon_core.shell:Creating package script '/home/fabiocar/fabiocar/install/vesc_ackermann/share/vesc_ackermann/package.zsh'
[5.543s] Level 1:colcon.colcon_core.environment:create_file_with_runtime_dependencies(/home/fabiocar/fabiocar/install/vesc_ackermann/share/colcon-core/packages/vesc_ackermann)
[5.544s] Level 1:colcon.colcon_core.environment:create_environment_scripts_only(vesc_ackermann)
[5.545s] Level 1:colcon.colcon_core.environment:checking '/home/fabiocar/fabiocar/install/vesc_ackermann' for CMake module files
[5.546s] Level 1:colcon.colcon_core.environment:checking '/home/fabiocar/fabiocar/install/vesc_ackermann' for CMake config files
[5.546s] Level 1:colcon.colcon_core.shell:create_environment_hook('vesc_ackermann', 'cmake_prefix_path')
[5.546s] INFO:colcon.colcon_core.shell:Creating environment hook '/home/fabiocar/fabiocar/install/vesc_ackermann/share/vesc_ackermann/hook/cmake_prefix_path.ps1'
[5.548s] INFO:colcon.colcon_core.shell:Creating environment descriptor '/home/fabiocar/fabiocar/install/vesc_ackermann/share/vesc_ackermann/hook/cmake_prefix_path.dsv'
[5.548s] INFO:colcon.colcon_core.shell:Creating environment hook '/home/fabiocar/fabiocar/install/vesc_ackermann/share/vesc_ackermann/hook/cmake_prefix_path.sh'
[5.549s] Level 1:colcon.colcon_core.environment:checking '/home/fabiocar/fabiocar/install/vesc_ackermann/lib'
[5.550s] Level 1:colcon.colcon_core.shell:create_environment_hook('vesc_ackermann', 'ld_library_path_lib')
[5.550s] INFO:colcon.colcon_core.shell:Creating environment hook '/home/fabiocar/fabiocar/install/vesc_ackermann/share/vesc_ackermann/hook/ld_library_path_lib.ps1'
[5.551s] INFO:colcon.colcon_core.shell:Creating environment descriptor '/home/fabiocar/fabiocar/install/vesc_ackermann/share/vesc_ackermann/hook/ld_library_path_lib.dsv'
[5.552s] INFO:colcon.colcon_core.shell:Creating environment hook '/home/fabiocar/fabiocar/install/vesc_ackermann/share/vesc_ackermann/hook/ld_library_path_lib.sh'
[5.553s] Level 1:colcon.colcon_core.environment:checking '/home/fabiocar/fabiocar/install/vesc_ackermann/bin'
[5.553s] Level 1:colcon.colcon_core.environment:checking '/home/fabiocar/fabiocar/install/vesc_ackermann/lib/pkgconfig/vesc_ackermann.pc'
[5.553s] Level 1:colcon.colcon_core.environment:checking '/home/fabiocar/fabiocar/install/vesc_ackermann/lib/python3.10/site-packages'
[5.554s] Level 1:colcon.colcon_core.environment:checking '/home/fabiocar/fabiocar/install/vesc_ackermann/bin'
[5.555s] INFO:colcon.colcon_core.shell:Creating package script '/home/fabiocar/fabiocar/install/vesc_ackermann/share/vesc_ackermann/package.ps1'
[5.556s] INFO:colcon.colcon_core.shell:Creating package descriptor '/home/fabiocar/fabiocar/install/vesc_ackermann/share/vesc_ackermann/package.dsv'
[5.557s] INFO:colcon.colcon_core.shell:Creating package script '/home/fabiocar/fabiocar/install/vesc_ackermann/share/vesc_ackermann/package.sh'
[5.558s] INFO:colcon.colcon_core.shell:Creating package script '/home/fabiocar/fabiocar/install/vesc_ackermann/share/vesc_ackermann/package.bash'
[5.558s] INFO:colcon.colcon_core.shell:Creating package script '/home/fabiocar/fabiocar/install/vesc_ackermann/share/vesc_ackermann/package.zsh'
[5.559s] Level 1:colcon.colcon_core.environment:create_file_with_runtime_dependencies(/home/fabiocar/fabiocar/install/vesc_ackermann/share/colcon-core/packages/vesc_ackermann)
[5.637s] DEBUG:colcon.colcon_core.event_handler.log_command:Invoked command in '/home/fabiocar/fabiocar/build/vesc_driver' returned '0': AMENT_PREFIX_PATH=/home/fabiocar/fabiocar/install/vesc_msgs:${AMENT_PREFIX_PATH} CMAKE_PREFIX_PATH=/home/fabiocar/fabiocar/install/vesc_msgs:/home/fabiocar/roboracer_ws/install/vesc:/home/fabiocar/roboracer_ws/install/vesc_driver:/home/fabiocar/roboracer_ws/install/vesc_ackermann:/home/fabiocar/roboracer_ws/install/vesc_msgs:/home/fabiocar/roboracer_ws/install/ackermann_mux:/home/fabiocar/roboracer_ws/install/f1tenth_stack:/home/fabiocar/roboracer_ws/install/mpc_controller:/home/fabiocar/roboracer_ws/install/llm_mpc_tuner:/opt/ros/humble LD_LIBRARY_PATH=/home/fabiocar/fabiocar/install/vesc_msgs/lib:${LD_LIBRARY_PATH} PYTHONPATH=/home/fabiocar/fabiocar/install/vesc_msgs/local/lib/python3.10/dist-packages:${PYTHONPATH} /usr/bin/cmake --build /home/fabiocar/fabiocar/build/vesc_driver -- -j12 -l12
[5.642s] DEBUG:colcon.colcon_core.event_handler.log_command:Invoking command in '/home/fabiocar/fabiocar/build/vesc_driver': AMENT_PREFIX_PATH=/home/fabiocar/fabiocar/install/vesc_msgs:${AMENT_PREFIX_PATH} CMAKE_PREFIX_PATH=/home/fabiocar/fabiocar/install/vesc_msgs:/home/fabiocar/roboracer_ws/install/vesc:/home/fabiocar/roboracer_ws/install/vesc_driver:/home/fabiocar/roboracer_ws/install/vesc_ackermann:/home/fabiocar/roboracer_ws/install/vesc_msgs:/home/fabiocar/roboracer_ws/install/ackermann_mux:/home/fabiocar/roboracer_ws/install/f1tenth_stack:/home/fabiocar/roboracer_ws/install/mpc_controller:/home/fabiocar/roboracer_ws/install/llm_mpc_tuner:/opt/ros/humble LD_LIBRARY_PATH=/home/fabiocar/fabiocar/install/vesc_msgs/lib:${LD_LIBRARY_PATH} PYTHONPATH=/home/fabiocar/fabiocar/install/vesc_msgs/local/lib/python3.10/dist-packages:${PYTHONPATH} /usr/bin/cmake --install /home/fabiocar/fabiocar/build/vesc_driver
[5.685s] Level 1:colcon.colcon_core.environment:create_environment_scripts_only(vesc_driver)
[5.686s] Level 1:colcon.colcon_core.environment:checking '/home/fabiocar/fabiocar/install/vesc_driver' for CMake module files
[5.688s] DEBUG:colcon.colcon_core.event_handler.log_command:Invoked command in '/home/fabiocar/fabiocar/build/vesc_driver' returned '0': AMENT_PREFIX_PATH=/home/fabiocar/fabiocar/install/vesc_msgs:${AMENT_PREFIX_PATH} CMAKE_PREFIX_PATH=/home/fabiocar/fabiocar/install/vesc_msgs:/home/fabiocar/roboracer_ws/install/vesc:/home/fabiocar/roboracer_ws/install/vesc_driver:/home/fabiocar/roboracer_ws/install/vesc_ackermann:/home/fabiocar/roboracer_ws/install/vesc_msgs:/home/fabiocar/roboracer_ws/install/ackermann_mux:/home/fabiocar/roboracer_ws/install/f1tenth_stack:/home/fabiocar/roboracer_ws/install/mpc_controller:/home/fabiocar/roboracer_ws/install/llm_mpc_tuner:/opt/ros/humble LD_LIBRARY_PATH=/home/fabiocar/fabiocar/install/vesc_msgs/lib:${LD_LIBRARY_PATH} PYTHONPATH=/home/fabiocar/fabiocar/install/vesc_msgs/local/lib/python3.10/dist-packages:${PYTHONPATH} /usr/bin/cmake --install /home/fabiocar/fabiocar/build/vesc_driver
[5.689s] Level 1:colcon.colcon_core.environment:checking '/home/fabiocar/fabiocar/install/vesc_driver' for CMake config files
[5.691s] Level 1:colcon.colcon_core.shell:create_environment_hook('vesc_driver', 'cmake_prefix_path')
[5.691s] INFO:colcon.colcon_core.shell:Creating environment hook '/home/fabiocar/fabiocar/install/vesc_driver/share/vesc_driver/hook/cmake_prefix_path.ps1'
[5.693s] INFO:colcon.colcon_core.shell:Creating environment descriptor '/home/fabiocar/fabiocar/install/vesc_driver/share/vesc_driver/hook/cmake_prefix_path.dsv'
[5.695s] INFO:colcon.colcon_core.shell:Creating environment hook '/home/fabiocar/fabiocar/install/vesc_driver/share/vesc_driver/hook/cmake_prefix_path.sh'
[5.697s] Level 1:colcon.colcon_core.environment:checking '/home/fabiocar/fabiocar/install/vesc_driver/lib'
[5.697s] Level 1:colcon.colcon_core.shell:create_environment_hook('vesc_driver', 'ld_library_path_lib')
[5.698s] INFO:colcon.colcon_core.shell:Creating environment hook '/home/fabiocar/fabiocar/install/vesc_driver/share/vesc_driver/hook/ld_library_path_lib.ps1'
[5.699s] INFO:colcon.colcon_core.shell:Creating environment descriptor '/home/fabiocar/fabiocar/install/vesc_driver/share/vesc_driver/hook/ld_library_path_lib.dsv'
[5.700s] INFO:colcon.colcon_core.shell:Creating environment hook '/home/fabiocar/fabiocar/install/vesc_driver/share/vesc_driver/hook/ld_library_path_lib.sh'
[5.702s] Level 1:colcon.colcon_core.environment:checking '/home/fabiocar/fabiocar/install/vesc_driver/bin'
[5.702s] Level 1:colcon.colcon_core.environment:checking '/home/fabiocar/fabiocar/install/vesc_driver/lib/pkgconfig/vesc_driver.pc'
[5.703s] Level 1:colcon.colcon_core.environment:checking '/home/fabiocar/fabiocar/install/vesc_driver/lib/python3.10/site-packages'
[5.705s] Level 1:colcon.colcon_core.environment:checking '/home/fabiocar/fabiocar/install/vesc_driver/bin'
[5.706s] INFO:colcon.colcon_core.shell:Creating package script '/home/fabiocar/fabiocar/install/vesc_driver/share/vesc_driver/package.ps1'
[5.708s] INFO:colcon.colcon_core.shell:Creating package descriptor '/home/fabiocar/fabiocar/install/vesc_driver/share/vesc_driver/package.dsv'
[5.710s] INFO:colcon.colcon_core.shell:Creating package script '/home/fabiocar/fabiocar/install/vesc_driver/share/vesc_driver/package.sh'
[5.711s] INFO:colcon.colcon_core.shell:Creating package script '/home/fabiocar/fabiocar/install/vesc_driver/share/vesc_driver/package.bash'
[5.713s] INFO:colcon.colcon_core.shell:Creating package script '/home/fabiocar/fabiocar/install/vesc_driver/share/vesc_driver/package.zsh'
[5.714s] Level 1:colcon.colcon_core.environment:create_file_with_runtime_dependencies(/home/fabiocar/fabiocar/install/vesc_driver/share/colcon-core/packages/vesc_driver)
[5.716s] Level 1:colcon.colcon_core.environment:create_environment_scripts_only(vesc_driver)
[5.717s] Level 1:colcon.colcon_core.environment:checking '/home/fabiocar/fabiocar/install/vesc_driver' for CMake module files
[5.719s] Level 1:colcon.colcon_core.environment:checking '/home/fabiocar/fabiocar/install/vesc_driver' for CMake config files
[5.720s] Level 1:colcon.colcon_core.shell:create_environment_hook('vesc_driver', 'cmake_prefix_path')
[5.721s] INFO:colcon.colcon_core.shell:Creating environment hook '/home/fabiocar/fabiocar/install/vesc_driver/share/vesc_driver/hook/cmake_prefix_path.ps1'
[5.723s] INFO:colcon.colcon_core.shell:Creating environment descriptor '/home/fabiocar/fabiocar/install/vesc_driver/share/vesc_driver/hook/cmake_prefix_path.dsv'
[5.724s] INFO:colcon.colcon_core.shell:Creating environment hook '/home/fabiocar/fabiocar/install/vesc_driver/share/vesc_driver/hook/cmake_prefix_path.sh'
[5.726s] Level 1:colcon.colcon_core.environment:checking '/home/fabiocar/fabiocar/install/vesc_driver/lib'
[5.726s] Level 1:colcon.colcon_core.shell:create_environment_hook('vesc_driver', 'ld_library_path_lib')
[5.727s] INFO:colcon.colcon_core.shell:Creating environment hook '/home/fabiocar/fabiocar/install/vesc_driver/share/vesc_driver/hook/ld_library_path_lib.ps1'
[5.728s] INFO:colcon.colcon_core.shell:Creating environment descriptor '/home/fabiocar/fabiocar/install/vesc_driver/share/vesc_driver/hook/ld_library_path_lib.dsv'
[5.730s] INFO:colcon.colcon_core.shell:Creating environment hook '/home/fabiocar/fabiocar/install/vesc_driver/share/vesc_driver/hook/ld_library_path_lib.sh'
[5.731s] Level 1:colcon.colcon_core.environment:checking '/home/fabiocar/fabiocar/install/vesc_driver/bin'
[5.731s] Level 1:colcon.colcon_core.environment:checking '/home/fabiocar/fabiocar/install/vesc_driver/lib/pkgconfig/vesc_driver.pc'
[5.732s] Level 1:colcon.colcon_core.environment:checking '/home/fabiocar/fabiocar/install/vesc_driver/lib/python3.10/site-packages'
[5.733s] Level 1:colcon.colcon_core.environment:checking '/home/fabiocar/fabiocar/install/vesc_driver/bin'
[5.734s] INFO:colcon.colcon_core.shell:Creating package script '/home/fabiocar/fabiocar/install/vesc_driver/share/vesc_driver/package.ps1'
[5.736s] INFO:colcon.colcon_core.shell:Creating package descriptor '/home/fabiocar/fabiocar/install/vesc_driver/share/vesc_driver/package.dsv'
[5.738s] INFO:colcon.colcon_core.shell:Creating package script '/home/fabiocar/fabiocar/install/vesc_driver/share/vesc_driver/package.sh'
[5.740s] INFO:colcon.colcon_core.shell:Creating package script '/home/fabiocar/fabiocar/install/vesc_driver/share/vesc_driver/package.bash'
[5.741s] INFO:colcon.colcon_core.shell:Creating package script '/home/fabiocar/fabiocar/install/vesc_driver/share/vesc_driver/package.zsh'
[5.742s] Level 1:colcon.colcon_core.environment:create_file_with_runtime_dependencies(/home/fabiocar/fabiocar/install/vesc_driver/share/colcon-core/packages/vesc_driver)
[5.743s] INFO:colcon.colcon_ros.task.ament_cmake.build:Building ROS package in '/home/fabiocar/fabiocar/src/f1tenth_system/vesc/vesc' with build type 'ament_cmake'
[5.744s] INFO:colcon.colcon_cmake.task.cmake.build:Building CMake package in '/home/fabiocar/fabiocar/src/f1tenth_system/vesc/vesc'
[5.744s] INFO:colcon.colcon_core.shell:Skip shell extension 'powershell' for command environment: Not usable outside of PowerShell
[5.745s] DEBUG:colcon.colcon_core.shell:Skip shell extension 'dsv' for command environment
[5.783s] DEBUG:colcon.colcon_core.event_handler.log_command:Invoking command in '/home/fabiocar/fabiocar/build/vesc': AMENT_PREFIX_PATH=/home/fabiocar/fabiocar/install/vesc_driver:/home/fabiocar/fabiocar/install/vesc_ackermann:/home/fabiocar/fabiocar/install/vesc_msgs:${AMENT_PREFIX_PATH} CMAKE_PREFIX_PATH=/home/fabiocar/fabiocar/install/vesc_driver:/home/fabiocar/fabiocar/install/vesc_ackermann:/home/fabiocar/fabiocar/install/vesc_msgs:/home/fabiocar/roboracer_ws/install/vesc:/home/fabiocar/roboracer_ws/install/vesc_driver:/home/fabiocar/roboracer_ws/install/vesc_ackermann:/home/fabiocar/roboracer_ws/install/vesc_msgs:/home/fabiocar/roboracer_ws/install/ackermann_mux:/home/fabiocar/roboracer_ws/install/f1tenth_stack:/home/fabiocar/roboracer_ws/install/mpc_controller:/home/fabiocar/roboracer_ws/install/llm_mpc_tuner:/opt/ros/humble LD_LIBRARY_PATH=/home/fabiocar/fabiocar/install/vesc_driver/lib:/home/fabiocar/fabiocar/install/vesc_ackermann/lib:/home/fabiocar/fabiocar/install/vesc_msgs/lib:${LD_LIBRARY_PATH} PYTHONPATH=/home/fabiocar/fabiocar/install/vesc_msgs/local/lib/python3.10/dist-packages:${PYTHONPATH} /usr/bin/cmake /home/fabiocar/fabiocar/src/f1tenth_system/vesc/vesc -DAMENT_CMAKE_SYMLINK_INSTALL=1 -DCMAKE_INSTALL_PREFIX=/home/fabiocar/fabiocar/install/vesc
[6.195s] DEBUG:colcon.colcon_core.event_handler.log_command:Invoked command in '/home/fabiocar/fabiocar/build/vesc' returned '0': AMENT_PREFIX_PATH=/home/fabiocar/fabiocar/install/vesc_driver:/home/fabiocar/fabiocar/install/vesc_ackermann:/home/fabiocar/fabiocar/install/vesc_msgs:${AMENT_PREFIX_PATH} CMAKE_PREFIX_PATH=/home/fabiocar/fabiocar/install/vesc_driver:/home/fabiocar/fabiocar/install/vesc_ackermann:/home/fabiocar/fabiocar/install/vesc_msgs:/home/fabiocar/roboracer_ws/install/vesc:/home/fabiocar/roboracer_ws/install/vesc_driver:/home/fabiocar/roboracer_ws/install/vesc_ackermann:/home/fabiocar/roboracer_ws/install/vesc_msgs:/home/fabiocar/roboracer_ws/install/ackermann_mux:/home/fabiocar/roboracer_ws/install/f1tenth_stack:/home/fabiocar/roboracer_ws/install/mpc_controller:/home/fabiocar/roboracer_ws/install/llm_mpc_tuner:/opt/ros/humble LD_LIBRARY_PATH=/home/fabiocar/fabiocar/install/vesc_driver/lib:/home/fabiocar/fabiocar/install/vesc_ackermann/lib:/home/fabiocar/fabiocar/install/vesc_msgs/lib:${LD_LIBRARY_PATH} PYTHONPATH=/home/fabiocar/fabiocar/install/vesc_msgs/local/lib/python3.10/dist-packages:${PYTHONPATH} /usr/bin/cmake /home/fabiocar/fabiocar/src/f1tenth_system/vesc/vesc -DAMENT_CMAKE_SYMLINK_INSTALL=1 -DCMAKE_INSTALL_PREFIX=/home/fabiocar/fabiocar/install/vesc
[6.199s] DEBUG:colcon.colcon_core.event_handler.log_command:Invoking command in '/home/fabiocar/fabiocar/build/vesc': AMENT_PREFIX_PATH=/home/fabiocar/fabiocar/install/vesc_driver:/home/fabiocar/fabiocar/install/vesc_ackermann:/home/fabiocar/fabiocar/install/vesc_msgs:${AMENT_PREFIX_PATH} CMAKE_PREFIX_PATH=/home/fabiocar/fabiocar/install/vesc_driver:/home/fabiocar/fabiocar/install/vesc_ackermann:/home/fabiocar/fabiocar/install/vesc_msgs:/home/fabiocar/roboracer_ws/install/vesc:/home/fabiocar/roboracer_ws/install/vesc_driver:/home/fabiocar/roboracer_ws/install/vesc_ackermann:/home/fabiocar/roboracer_ws/install/vesc_msgs:/home/fabiocar/roboracer_ws/install/ackermann_mux:/home/fabiocar/roboracer_ws/install/f1tenth_stack:/home/fabiocar/roboracer_ws/install/mpc_controller:/home/fabiocar/roboracer_ws/install/llm_mpc_tuner:/opt/ros/humble LD_LIBRARY_PATH=/home/fabiocar/fabiocar/install/vesc_driver/lib:/home/fabiocar/fabiocar/install/vesc_ackermann/lib:/home/fabiocar/fabiocar/install/vesc_msgs/lib:${LD_LIBRARY_PATH} PYTHONPATH=/home/fabiocar/fabiocar/install/vesc_msgs/local/lib/python3.10/dist-packages:${PYTHONPATH} /usr/bin/cmake --build /home/fabiocar/fabiocar/build/vesc -- -j12 -l12
[6.265s] DEBUG:colcon.colcon_core.event_handler.log_command:Invoked command in '/home/fabiocar/fabiocar/build/vesc' returned '0': AMENT_PREFIX_PATH=/home/fabiocar/fabiocar/install/vesc_driver:/home/fabiocar/fabiocar/install/vesc_ackermann:/home/fabiocar/fabiocar/install/vesc_msgs:${AMENT_PREFIX_PATH} CMAKE_PREFIX_PATH=/home/fabiocar/fabiocar/install/vesc_driver:/home/fabiocar/fabiocar/install/vesc_ackermann:/home/fabiocar/fabiocar/install/vesc_msgs:/home/fabiocar/roboracer_ws/install/vesc:/home/fabiocar/roboracer_ws/install/vesc_driver:/home/fabiocar/roboracer_ws/install/vesc_ackermann:/home/fabiocar/roboracer_ws/install/vesc_msgs:/home/fabiocar/roboracer_ws/install/ackermann_mux:/home/fabiocar/roboracer_ws/install/f1tenth_stack:/home/fabiocar/roboracer_ws/install/mpc_controller:/home/fabiocar/roboracer_ws/install/llm_mpc_tuner:/opt/ros/humble LD_LIBRARY_PATH=/home/fabiocar/fabiocar/install/vesc_driver/lib:/home/fabiocar/fabiocar/install/vesc_ackermann/lib:/home/fabiocar/fabiocar/install/vesc_msgs/lib:${LD_LIBRARY_PATH} PYTHONPATH=/home/fabiocar/fabiocar/install/vesc_msgs/local/lib/python3.10/dist-packages:${PYTHONPATH} /usr/bin/cmake --build /home/fabiocar/fabiocar/build/vesc -- -j12 -l12
[6.269s] DEBUG:colcon.colcon_core.event_handler.log_command:Invoking command in '/home/fabiocar/fabiocar/build/vesc': AMENT_PREFIX_PATH=/home/fabiocar/fabiocar/install/vesc_driver:/home/fabiocar/fabiocar/install/vesc_ackermann:/home/fabiocar/fabiocar/install/vesc_msgs:${AMENT_PREFIX_PATH} CMAKE_PREFIX_PATH=/home/fabiocar/fabiocar/install/vesc_driver:/home/fabiocar/fabiocar/install/vesc_ackermann:/home/fabiocar/fabiocar/install/vesc_msgs:/home/fabiocar/roboracer_ws/install/vesc:/home/fabiocar/roboracer_ws/install/vesc_driver:/home/fabiocar/roboracer_ws/install/vesc_ackermann:/home/fabiocar/roboracer_ws/install/vesc_msgs:/home/fabiocar/roboracer_ws/install/ackermann_mux:/home/fabiocar/roboracer_ws/install/f1tenth_stack:/home/fabiocar/roboracer_ws/install/mpc_controller:/home/fabiocar/roboracer_ws/install/llm_mpc_tuner:/opt/ros/humble LD_LIBRARY_PATH=/home/fabiocar/fabiocar/install/vesc_driver/lib:/home/fabiocar/fabiocar/install/vesc_ackermann/lib:/home/fabiocar/fabiocar/install/vesc_msgs/lib:${LD_LIBRARY_PATH} PYTHONPATH=/home/fabiocar/fabiocar/install/vesc_msgs/local/lib/python3.10/dist-packages:${PYTHONPATH} /usr/bin/cmake --install /home/fabiocar/fabiocar/build/vesc
[6.525s] Level 1:colcon.colcon_core.environment:create_environment_scripts_only(vesc)
[6.526s] Level 1:colcon.colcon_core.environment:checking '/home/fabiocar/fabiocar/install/vesc' for CMake module files
[6.528s] DEBUG:colcon.colcon_core.event_handler.log_command:Invoked command in '/home/fabiocar/fabiocar/build/vesc' returned '0': AMENT_PREFIX_PATH=/home/fabiocar/fabiocar/install/vesc_driver:/home/fabiocar/fabiocar/install/vesc_ackermann:/home/fabiocar/fabiocar/install/vesc_msgs:${AMENT_PREFIX_PATH} CMAKE_PREFIX_PATH=/home/fabiocar/fabiocar/install/vesc_driver:/home/fabiocar/fabiocar/install/vesc_ackermann:/home/fabiocar/fabiocar/install/vesc_msgs:/home/fabiocar/roboracer_ws/install/vesc:/home/fabiocar/roboracer_ws/install/vesc_driver:/home/fabiocar/roboracer_ws/install/vesc_ackermann:/home/fabiocar/roboracer_ws/install/vesc_msgs:/home/fabiocar/roboracer_ws/install/ackermann_mux:/home/fabiocar/roboracer_ws/install/f1tenth_stack:/home/fabiocar/roboracer_ws/install/mpc_controller:/home/fabiocar/roboracer_ws/install/llm_mpc_tuner:/opt/ros/humble LD_LIBRARY_PATH=/home/fabiocar/fabiocar/install/vesc_driver/lib:/home/fabiocar/fabiocar/install/vesc_ackermann/lib:/home/fabiocar/fabiocar/install/vesc_msgs/lib:${LD_LIBRARY_PATH} PYTHONPATH=/home/fabiocar/fabiocar/install/vesc_msgs/local/lib/python3.10/dist-packages:${PYTHONPATH} /usr/bin/cmake --install /home/fabiocar/fabiocar/build/vesc
[6.529s] Level 1:colcon.colcon_core.environment:checking '/home/fabiocar/fabiocar/install/vesc' for CMake config files
[6.530s] Level 1:colcon.colcon_core.shell:create_environment_hook('vesc', 'cmake_prefix_path')
[6.531s] INFO:colcon.colcon_core.shell:Creating environment hook '/home/fabiocar/fabiocar/install/vesc/share/vesc/hook/cmake_prefix_path.ps1'
[6.533s] INFO:colcon.colcon_core.shell:Creating environment descriptor '/home/fabiocar/fabiocar/install/vesc/share/vesc/hook/cmake_prefix_path.dsv'
[6.534s] INFO:colcon.colcon_core.shell:Creating environment hook '/home/fabiocar/fabiocar/install/vesc/share/vesc/hook/cmake_prefix_path.sh'
[6.536s] Level 1:colcon.colcon_core.environment:checking '/home/fabiocar/fabiocar/install/vesc/bin'
[6.536s] Level 1:colcon.colcon_core.environment:checking '/home/fabiocar/fabiocar/install/vesc/lib/pkgconfig/vesc.pc'
[6.537s] Level 1:colcon.colcon_core.environment:checking '/home/fabiocar/fabiocar/install/vesc/lib/python3.10/site-packages'
[6.538s] Level 1:colcon.colcon_core.environment:checking '/home/fabiocar/fabiocar/install/vesc/bin'
[6.540s] INFO:colcon.colcon_core.shell:Creating package script '/home/fabiocar/fabiocar/install/vesc/share/vesc/package.ps1'
[6.542s] INFO:colcon.colcon_core.shell:Creating package descriptor '/home/fabiocar/fabiocar/install/vesc/share/vesc/package.dsv'
[6.543s] INFO:colcon.colcon_core.shell:Creating package script '/home/fabiocar/fabiocar/install/vesc/share/vesc/package.sh'
[6.545s] INFO:colcon.colcon_core.shell:Creating package script '/home/fabiocar/fabiocar/install/vesc/share/vesc/package.bash'
[6.546s] INFO:colcon.colcon_core.shell:Creating package script '/home/fabiocar/fabiocar/install/vesc/share/vesc/package.zsh'
[6.548s] Level 1:colcon.colcon_core.environment:create_file_with_runtime_dependencies(/home/fabiocar/fabiocar/install/vesc/share/colcon-core/packages/vesc)
[6.550s] Level 1:colcon.colcon_core.environment:create_environment_scripts_only(vesc)
[6.550s] Level 1:colcon.colcon_core.environment:checking '/home/fabiocar/fabiocar/install/vesc' for CMake module files
[6.552s] Level 1:colcon.colcon_core.environment:checking '/home/fabiocar/fabiocar/install/vesc' for CMake config files
[6.553s] Level 1:colcon.colcon_core.shell:create_environment_hook('vesc', 'cmake_prefix_path')
[6.554s] INFO:colcon.colcon_core.shell:Creating environment hook '/home/fabiocar/fabiocar/install/vesc/share/vesc/hook/cmake_prefix_path.ps1'
[6.555s] INFO:colcon.colcon_core.shell:Creating environment descriptor '/home/fabiocar/fabiocar/install/vesc/share/vesc/hook/cmake_prefix_path.dsv'
[6.556s] INFO:colcon.colcon_core.shell:Creating environment hook '/home/fabiocar/fabiocar/install/vesc/share/vesc/hook/cmake_prefix_path.sh'
[6.558s] Level 1:colcon.colcon_core.environment:checking '/home/fabiocar/fabiocar/install/vesc/bin'
[6.559s] Level 1:colcon.colcon_core.environment:checking '/home/fabiocar/fabiocar/install/vesc/lib/pkgconfig/vesc.pc'
[6.559s] Level 1:colcon.colcon_core.environment:checking '/home/fabiocar/fabiocar/install/vesc/lib/python3.10/site-packages'
[6.561s] Level 1:colcon.colcon_core.environment:checking '/home/fabiocar/fabiocar/install/vesc/bin'
[6.562s] INFO:colcon.colcon_core.shell:Creating package script '/home/fabiocar/fabiocar/install/vesc/share/vesc/package.ps1'
[6.564s] INFO:colcon.colcon_core.shell:Creating package descriptor '/home/fabiocar/fabiocar/install/vesc/share/vesc/package.dsv'
[6.566s] INFO:colcon.colcon_core.shell:Creating package script '/home/fabiocar/fabiocar/install/vesc/share/vesc/package.sh'
[6.568s] INFO:colcon.colcon_core.shell:Creating package script '/home/fabiocar/fabiocar/install/vesc/share/vesc/package.bash'
[6.569s] INFO:colcon.colcon_core.shell:Creating package script '/home/fabiocar/fabiocar/install/vesc/share/vesc/package.zsh'
[6.571s] Level 1:colcon.colcon_core.environment:create_file_with_runtime_dependencies(/home/fabiocar/fabiocar/install/vesc/share/colcon-core/packages/vesc)
[6.572s] INFO:colcon.colcon_ros.task.ament_python.build:Building ROS package in '/home/fabiocar/fabiocar/src/f1tenth_system/f1tenth_stack' with build type 'ament_python'
[6.573s] Level 1:colcon.colcon_core.shell:create_environment_hook('f1tenth_stack', 'ament_prefix_path')
[6.574s] INFO:colcon.colcon_core.shell:Creating environment hook '/home/fabiocar/fabiocar/install/f1tenth_stack/share/f1tenth_stack/hook/ament_prefix_path.ps1'
[6.576s] INFO:colcon.colcon_core.shell:Creating environment descriptor '/home/fabiocar/fabiocar/install/f1tenth_stack/share/f1tenth_stack/hook/ament_prefix_path.dsv'
[6.578s] INFO:colcon.colcon_core.shell:Creating environment hook '/home/fabiocar/fabiocar/install/f1tenth_stack/share/f1tenth_stack/hook/ament_prefix_path.sh'
[6.580s] INFO:colcon.colcon_core.shell:Skip shell extension 'powershell' for command environment: Not usable outside of PowerShell
[6.580s] DEBUG:colcon.colcon_core.shell:Skip shell extension 'dsv' for command environment
[6.949s] INFO:colcon.colcon_core.task.python.build:Building Python package in '/home/fabiocar/fabiocar/src/f1tenth_system/f1tenth_stack'
[6.950s] INFO:colcon.colcon_core.shell:Skip shell extension 'powershell' for command environment: Not usable outside of PowerShell
[6.950s] DEBUG:colcon.colcon_core.shell:Skip shell extension 'dsv' for command environment
[7.714s] DEBUG:colcon.colcon_core.task.python.build:While undoing a previous installation files outside the Python library path are being ignored: /home/fabiocar/fabiocar/install/f1tenth_stack/share/ament_index/resource_index/packages/f1tenth_stack
[7.714s] DEBUG:colcon.colcon_core.task.python.build:While undoing a previous installation files outside the Python library path are being ignored: /home/fabiocar/fabiocar/install/f1tenth_stack/share/f1tenth_stack/package.xml
[7.714s] DEBUG:colcon.colcon_core.task.python.build:While undoing a previous installation files outside the Python library path are being ignored: /home/fabiocar/fabiocar/install/f1tenth_stack/share/f1tenth_stack/launch/bringup_launch.py
[7.714s] DEBUG:colcon.colcon_core.task.python.build:While undoing a previous installation files outside the Python library path are being ignored: /home/fabiocar/fabiocar/install/f1tenth_stack/share/f1tenth_stack/config/joy_teleop.yaml
[7.714s] DEBUG:colcon.colcon_core.task.python.build:While undoing a previous installation files outside the Python library path are being ignored: /home/fabiocar/fabiocar/install/f1tenth_stack/share/f1tenth_stack/config/f1tenth_online_async.yaml
[7.715s] DEBUG:colcon.colcon_core.task.python.build:While undoing a previous installation files outside the Python library path are being ignored: /home/fabiocar/fabiocar/install/f1tenth_stack/share/f1tenth_stack/config/vesc.yaml
[7.715s] DEBUG:colcon.colcon_core.task.python.build:While undoing a previous installation files outside the Python library path are being ignored: /home/fabiocar/fabiocar/install/f1tenth_stack/share/f1tenth_stack/config/sensors.yaml
[7.715s] DEBUG:colcon.colcon_core.task.python.build:While undoing a previous installation files outside the Python library path are being ignored: /home/fabiocar/fabiocar/install/f1tenth_stack/share/f1tenth_stack/config/mux.yaml
[7.716s] DEBUG:colcon.colcon_core.task.python.build:While undoing a previous installation files outside the Python library path are being ignored: /home/fabiocar/fabiocar/install/f1tenth_stack/lib/f1tenth_stack/tf_publisher
[7.716s] DEBUG:colcon.colcon_core.task.python.build:While undoing a previous installation files outside the Python library path are being ignored: /home/fabiocar/fabiocar/install/f1tenth_stack/lib/f1tenth_stack/throttle_interpolator
[7.723s] DEBUG:colcon.colcon_core.event_handler.log_command:Invoking command in '/home/fabiocar/fabiocar/build/f1tenth_stack': AMENT_PREFIX_PATH=/home/fabiocar/fabiocar/install/vesc:/home/fabiocar/fabiocar/install/vesc_driver:/home/fabiocar/fabiocar/install/vesc_ackermann:/home/fabiocar/fabiocar/install/vesc_msgs:/home/fabiocar/fabiocar/install/ackermann_mux:${AMENT_PREFIX_PATH} CMAKE_PREFIX_PATH=/home/fabiocar/fabiocar/install/vesc:/home/fabiocar/fabiocar/install/vesc_driver:/home/fabiocar/fabiocar/install/vesc_ackermann:/home/fabiocar/fabiocar/install/vesc_msgs:/home/fabiocar/fabiocar/install/ackermann_mux:${CMAKE_PREFIX_PATH} LD_LIBRARY_PATH=/home/fabiocar/fabiocar/install/vesc_driver/lib:/home/fabiocar/fabiocar/install/vesc_ackermann/lib:/home/fabiocar/fabiocar/install/vesc_msgs/lib:${LD_LIBRARY_PATH} PYTHONPATH=/home/fabiocar/fabiocar/build/f1tenth_stack/prefix_override:/usr/lib/python3/dist-packages/colcon_core/task/python/colcon_distutils_commands:/home/fabiocar/fabiocar/install/f1tenth_stack/lib/python3.10/site-packages:/home/fabiocar/fabiocar/install/vesc_msgs/local/lib/python3.10/dist-packages:${PYTHONPATH} /usr/bin/python3 -W ignore:setup.py install is deprecated -W ignore:easy_install command is deprecated setup.py develop --editable --build-directory /home/fabiocar/fabiocar/build/f1tenth_stack/build --no-deps symlink_data --force
[8.669s] Level 1:colcon.colcon_core.shell:create_environment_hook('f1tenth_stack', 'pythonpath_develop')
[8.670s] INFO:colcon.colcon_core.shell:Creating environment hook '/home/fabiocar/fabiocar/build/f1tenth_stack/share/f1tenth_stack/hook/pythonpath_develop.ps1'
[8.670s] DEBUG:colcon.colcon_core.event_handler.log_command:Invoked command in '/home/fabiocar/fabiocar/build/f1tenth_stack' returned '0': AMENT_PREFIX_PATH=/home/fabiocar/fabiocar/install/vesc:/home/fabiocar/fabiocar/install/vesc_driver:/home/fabiocar/fabiocar/install/vesc_ackermann:/home/fabiocar/fabiocar/install/vesc_msgs:/home/fabiocar/fabiocar/install/ackermann_mux:${AMENT_PREFIX_PATH} CMAKE_PREFIX_PATH=/home/fabiocar/fabiocar/install/vesc:/home/fabiocar/fabiocar/install/vesc_driver:/home/fabiocar/fabiocar/install/vesc_ackermann:/home/fabiocar/fabiocar/install/vesc_msgs:/home/fabiocar/fabiocar/install/ackermann_mux:${CMAKE_PREFIX_PATH} LD_LIBRARY_PATH=/home/fabiocar/fabiocar/install/vesc_driver/lib:/home/fabiocar/fabiocar/install/vesc_ackermann/lib:/home/fabiocar/fabiocar/install/vesc_msgs/lib:${LD_LIBRARY_PATH} PYTHONPATH=/home/fabiocar/fabiocar/build/f1tenth_stack/prefix_override:/usr/lib/python3/dist-packages/colcon_core/task/python/colcon_distutils_commands:/home/fabiocar/fabiocar/install/f1tenth_stack/lib/python3.10/site-packages:/home/fabiocar/fabiocar/install/vesc_msgs/local/lib/python3.10/dist-packages:${PYTHONPATH} /usr/bin/python3 -W ignore:setup.py install is deprecated -W ignore:easy_install command is deprecated setup.py develop --editable --build-directory /home/fabiocar/fabiocar/build/f1tenth_stack/build --no-deps symlink_data --force
[8.672s] INFO:colcon.colcon_core.shell:Creating environment descriptor '/home/fabiocar/fabiocar/build/f1tenth_stack/share/f1tenth_stack/hook/pythonpath_develop.dsv'
[8.674s] INFO:colcon.colcon_core.shell:Creating environment hook '/home/fabiocar/fabiocar/build/f1tenth_stack/share/f1tenth_stack/hook/pythonpath_develop.sh'
[8.676s] Level 1:colcon.colcon_core.environment:checking '/home/fabiocar/fabiocar/install/f1tenth_stack' for CMake module files
[8.678s] Level 1:colcon.colcon_core.environment:checking '/home/fabiocar/fabiocar/install/f1tenth_stack' for CMake config files
[8.680s] Level 1:colcon.colcon_core.environment:checking '/home/fabiocar/fabiocar/install/f1tenth_stack/lib'
[8.680s] Level 1:colcon.colcon_core.environment:checking '/home/fabiocar/fabiocar/install/f1tenth_stack/bin'
[8.680s] Level 1:colcon.colcon_core.environment:checking '/home/fabiocar/fabiocar/install/f1tenth_stack/lib/pkgconfig/f1tenth_stack.pc'
[8.681s] Level 1:colcon.colcon_core.environment:checking '/home/fabiocar/fabiocar/install/f1tenth_stack/lib/python3.10/site-packages'
[8.682s] Level 1:colcon.colcon_core.shell:create_environment_hook('f1tenth_stack', 'pythonpath')
[8.682s] INFO:colcon.colcon_core.shell:Creating environment hook '/home/fabiocar/fabiocar/install/f1tenth_stack/share/f1tenth_stack/hook/pythonpath.ps1'
[8.684s] INFO:colcon.colcon_core.shell:Creating environment descriptor '/home/fabiocar/fabiocar/install/f1tenth_stack/share/f1tenth_stack/hook/pythonpath.dsv'
[8.685s] INFO:colcon.colcon_core.shell:Creating environment hook '/home/fabiocar/fabiocar/install/f1tenth_stack/share/f1tenth_stack/hook/pythonpath.sh'
[8.688s] Level 1:colcon.colcon_core.environment:checking '/home/fabiocar/fabiocar/install/f1tenth_stack/bin'
[8.688s] Level 1:colcon.colcon_core.environment:create_environment_scripts_only(f1tenth_stack)
[8.690s] INFO:colcon.colcon_core.shell:Creating package script '/home/fabiocar/fabiocar/install/f1tenth_stack/share/f1tenth_stack/package.ps1'
[8.692s] INFO:colcon.colcon_core.shell:Creating package descriptor '/home/fabiocar/fabiocar/install/f1tenth_stack/share/f1tenth_stack/package.dsv'
[8.694s] INFO:colcon.colcon_core.shell:Creating package script '/home/fabiocar/fabiocar/install/f1tenth_stack/share/f1tenth_stack/package.sh'
[8.696s] INFO:colcon.colcon_core.shell:Creating package script '/home/fabiocar/fabiocar/install/f1tenth_stack/share/f1tenth_stack/package.bash'
[8.698s] INFO:colcon.colcon_core.shell:Creating package script '/home/fabiocar/fabiocar/install/f1tenth_stack/share/f1tenth_stack/package.zsh'
[8.699s] Level 1:colcon.colcon_core.environment:create_file_with_runtime_dependencies(/home/fabiocar/fabiocar/install/f1tenth_stack/share/colcon-core/packages/f1tenth_stack)
[8.700s] DEBUG:colcon.colcon_parallel_executor.executor.parallel:closing loop
[8.701s] DEBUG:colcon.colcon_parallel_executor.executor.parallel:loop closed
[8.701s] DEBUG:colcon.colcon_parallel_executor.executor.parallel:run_until_complete finished with '0'
[8.702s] DEBUG:colcon.colcon_core.event_reactor:joining thread
[8.704s] DEBUG:colcon.colcon_core.event_reactor:joined thread
[8.705s] INFO:colcon.colcon_core.shell:Creating prefix script '/home/fabiocar/fabiocar/install/local_setup.ps1'
[8.710s] INFO:colcon.colcon_core.shell:Creating prefix util module '/home/fabiocar/fabiocar/install/_local_setup_util_ps1.py'
[8.716s] INFO:colcon.colcon_core.shell:Creating prefix chain script '/home/fabiocar/fabiocar/install/setup.ps1'
[8.722s] INFO:colcon.colcon_core.shell:Creating prefix script '/home/fabiocar/fabiocar/install/local_setup.sh'
[8.725s] INFO:colcon.colcon_core.shell:Creating prefix util module '/home/fabiocar/fabiocar/install/_local_setup_util_sh.py'
[8.727s] INFO:colcon.colcon_core.shell:Creating prefix chain script '/home/fabiocar/fabiocar/install/setup.sh'
[8.733s] INFO:colcon.colcon_core.shell:Creating prefix script '/home/fabiocar/fabiocar/install/local_setup.bash'
[8.735s] INFO:colcon.colcon_core.shell:Creating prefix chain script '/home/fabiocar/fabiocar/install/setup.bash'
[8.740s] INFO:colcon.colcon_core.shell:Creating prefix script '/home/fabiocar/fabiocar/install/local_setup.zsh'
[8.743s] INFO:colcon.colcon_core.shell:Creating prefix chain script '/home/fabiocar/fabiocar/install/setup.zsh'
